-- MySQL dump 10.13  Distrib 5.6.22, for osx10.8 (x86_64)
--
-- Host: localhost    Database: HOMERATTHEBAT
-- ------------------------------------------------------
-- Server version	5.6.22

/*!40101 SET @OLD_CHARACTER_SET_CLIENT=@@CHARACTER_SET_CLIENT */;
/*!40101 SET @OLD_CHARACTER_SET_RESULTS=@@CHARACTER_SET_RESULTS */;
/*!40101 SET @OLD_COLLATION_CONNECTION=@@COLLATION_CONNECTION */;
/*!40101 SET NAMES utf8 */;
/*!40103 SET @OLD_TIME_ZONE=@@TIME_ZONE */;
/*!40103 SET TIME_ZONE='+00:00' */;
/*!40014 SET @OLD_UNIQUE_CHECKS=@@UNIQUE_CHECKS, UNIQUE_CHECKS=0 */;
/*!40014 SET @OLD_FOREIGN_KEY_CHECKS=@@FOREIGN_KEY_CHECKS, FOREIGN_KEY_CHECKS=0 */;
/*!40101 SET @OLD_SQL_MODE=@@SQL_MODE, SQL_MODE='NO_AUTO_VALUE_ON_ZERO' */;
/*!40111 SET @OLD_SQL_NOTES=@@SQL_NOTES, SQL_NOTES=0 */;

--
-- Table structure for table `ESPNTRANSACTION`
--

DROP TABLE IF EXISTS `ESPNTRANSACTION`;
/*!40101 SET @saved_cs_client     = @@character_set_client */;
/*!40101 SET character_set_client = utf8 */;
CREATE TABLE `ESPNTRANSACTION` (
  `transactionId` bigint(20) NOT NULL AUTO_INCREMENT,
  `playerName` varchar(50) NOT NULL,
  `teamId` int(11) NOT NULL,
  `move` varchar(10) NOT NULL,
  `time` timestamp NOT NULL DEFAULT CURRENT_TIMESTAMP ON UPDATE CURRENT_TIMESTAMP,
  `nodeText` varchar(150) NOT NULL,
  PRIMARY KEY (`transactionId`),
  UNIQUE KEY `nodeText` (`nodeText`,`time`)
) ENGINE=InnoDB DEFAULT CHARSET=latin1;
/*!40101 SET character_set_client = @saved_cs_client */;

--
-- Dumping data for table `ESPNTRANSACTION`
--

LOCK TABLES `ESPNTRANSACTION` WRITE;
/*!40000 ALTER TABLE `ESPNTRANSACTION` DISABLE KEYS */;
/*!40000 ALTER TABLE `ESPNTRANSACTION` ENABLE KEYS */;
UNLOCK TABLES;

--
-- Table structure for table `FREEAGENTAUCTION`
--

DROP TABLE IF EXISTS `FREEAGENTAUCTION`;
/*!40101 SET @saved_cs_client     = @@character_set_client */;
/*!40101 SET character_set_client = utf8 */;
CREATE TABLE `FREEAGENTAUCTION` (
  `freeAgentAuctionId` int(11) NOT NULL AUTO_INCREMENT,
  `requestingTeamId` int(11) NOT NULL,
  `playerId` bigint(20) NOT NULL,
  `createdDate` timestamp NOT NULL DEFAULT CURRENT_TIMESTAMP,
  `modifiedDate` timestamp NULL DEFAULT NULL ON UPDATE CURRENT_TIMESTAMP,
  `deadline` timestamp NULL DEFAULT NULL,
  `status` varchar(10) NOT NULL,
  PRIMARY KEY (`freeAgentAuctionId`),
  KEY `requestingTeamId` (`requestingTeamId`),
  KEY `playerId` (`playerId`),
  CONSTRAINT `freeagentauction_ibfk_1` FOREIGN KEY (`requestingTeamId`) REFERENCES `TEAM` (`teamId`),
  CONSTRAINT `freeagentauction_ibfk_2` FOREIGN KEY (`playerId`) REFERENCES `PLAYER` (`playerId`)
) ENGINE=InnoDB DEFAULT CHARSET=latin1;
/*!40101 SET character_set_client = @saved_cs_client */;

--
-- Dumping data for table `FREEAGENTAUCTION`
--

LOCK TABLES `FREEAGENTAUCTION` WRITE;
/*!40000 ALTER TABLE `FREEAGENTAUCTION` DISABLE KEYS */;
/*!40000 ALTER TABLE `FREEAGENTAUCTION` ENABLE KEYS */;
UNLOCK TABLES;

--
-- Table structure for table `FREEAGENTAUCTIONBID`
--

DROP TABLE IF EXISTS `FREEAGENTAUCTIONBID`;
/*!40101 SET @saved_cs_client     = @@character_set_client */;
/*!40101 SET character_set_client = utf8 */;
CREATE TABLE `FREEAGENTAUCTIONBID` (
  `freeAgentAuctionId` int(11) NOT NULL DEFAULT '0',
  `teamId` int(11) NOT NULL DEFAULT '0',
  `amount` int(11) DEFAULT '0',
  `createdDate` timestamp NOT NULL DEFAULT CURRENT_TIMESTAMP,
  `modifiedDate` timestamp NULL DEFAULT NULL ON UPDATE CURRENT_TIMESTAMP,
  PRIMARY KEY (`freeAgentAuctionId`,`teamId`),
  KEY `teamId` (`teamId`),
  CONSTRAINT `freeagentauctionbid_ibfk_1` FOREIGN KEY (`freeAgentAuctionId`) REFERENCES `FREEAGENTAUCTION` (`freeAgentAuctionId`),
  CONSTRAINT `freeagentauctionbid_ibfk_2` FOREIGN KEY (`teamId`) REFERENCES `TEAM` (`teamId`)
) ENGINE=InnoDB DEFAULT CHARSET=latin1;
/*!40101 SET character_set_client = @saved_cs_client */;

--
-- Dumping data for table `FREEAGENTAUCTIONBID`
--

LOCK TABLES `FREEAGENTAUCTIONBID` WRITE;
/*!40000 ALTER TABLE `FREEAGENTAUCTIONBID` DISABLE KEYS */;
/*!40000 ALTER TABLE `FREEAGENTAUCTIONBID` ENABLE KEYS */;
UNLOCK TABLES;

--
-- Table structure for table `MINORLEAGUEDRAFTPICK`
--

DROP TABLE IF EXISTS `MINORLEAGUEDRAFTPICK`;
/*!40101 SET @saved_cs_client     = @@character_set_client */;
/*!40101 SET character_set_client = utf8 */;
CREATE TABLE `MINORLEAGUEDRAFTPICK` (
  `minorLeagueDraftPickId` bigint(20) NOT NULL AUTO_INCREMENT,
  `originalTeamId` int(11) NOT NULL,
  `season` int(11) NOT NULL,
  `round` int(11) NOT NULL,
  `owningTeamId` int(11) NOT NULL,
  `overall` int(11) DEFAULT NULL,
  `playerId` bigint(20) DEFAULT NULL,
  `deadline` timestamp NULL DEFAULT NULL,
  `skipped` tinyint(1) DEFAULT NULL,
  PRIMARY KEY (`minorLeagueDraftPickId`),
  UNIQUE KEY `originalTeamId` (`originalTeamId`,`season`,`round`),
  KEY `owningTeamId` (`owningTeamId`),
  KEY `playerId` (`playerId`),
  CONSTRAINT `minorleaguedraftpick_ibfk_1` FOREIGN KEY (`originalTeamId`) REFERENCES `TEAM` (`teamId`),
  CONSTRAINT `minorleaguedraftpick_ibfk_2` FOREIGN KEY (`owningTeamId`) REFERENCES `TEAM` (`teamId`),
  CONSTRAINT `minorleaguedraftpick_ibfk_3` FOREIGN KEY (`playerId`) REFERENCES `PLAYER` (`playerId`)
) ENGINE=InnoDB DEFAULT CHARSET=latin1;
/*!40101 SET character_set_client = @saved_cs_client */;

--
-- Dumping data for table `MINORLEAGUEDRAFTPICK`
--

LOCK TABLES `MINORLEAGUEDRAFTPICK` WRITE;
/*!40000 ALTER TABLE `MINORLEAGUEDRAFTPICK` DISABLE KEYS */;
/*!40000 ALTER TABLE `MINORLEAGUEDRAFTPICK` ENABLE KEYS */;
UNLOCK TABLES;

--
-- Table structure for table `MLBGAME`
--

DROP TABLE IF EXISTS `MLBGAME`;
/*!40101 SET @saved_cs_client     = @@character_set_client */;
/*!40101 SET character_set_client = utf8 */;
CREATE TABLE `MLBGAME` (
  `gameId` bigint(20) NOT NULL,
  `homeTeamId` int(11) NOT NULL,
  `awayTeamId` int(11) NOT NULL,
  `gameDate` date DEFAULT NULL,
  `awayScore` int(11) DEFAULT NULL,
  `homeScore` int(11) DEFAULT NULL,
  `awayProbablePitcherId` bigint(20) DEFAULT NULL,
  `homeProbablePitcherId` bigint(20) DEFAULT NULL,
  `gameTime` timestamp(3) NOT NULL DEFAULT CURRENT_TIMESTAMP(3) ON UPDATE CURRENT_TIMESTAMP(3),
  `status` varchar(20) DEFAULT NULL,
  `inning` varchar(20) DEFAULT NULL,
  `inningState` varchar(20) DEFAULT NULL,
  `gamedayUrl` varchar(100) DEFAULT NULL,
  `amPm` varchar(10) DEFAULT NULL,
  PRIMARY KEY (`gameId`),
  KEY `homeTeamId` (`homeTeamId`),
  KEY `awayTeamId` (`awayTeamId`),
  KEY `homeProbablePitcherId` (`homeProbablePitcherId`),
  KEY `awayProbablePitcherId` (`awayProbablePitcherId`),
  CONSTRAINT `mlbgame_ibfk_1` FOREIGN KEY (`homeTeamId`) REFERENCES `TEAM` (`teamId`),
  CONSTRAINT `mlbgame_ibfk_2` FOREIGN KEY (`awayTeamId`) REFERENCES `TEAM` (`teamId`),
  CONSTRAINT `mlbgame_ibfk_3` FOREIGN KEY (`homeProbablePitcherId`) REFERENCES `PLAYER` (`mlbPlayerId`),
  CONSTRAINT `mlbgame_ibfk_4` FOREIGN KEY (`awayProbablePitcherId`) REFERENCES `PLAYER` (`mlbPlayerId`)
) ENGINE=InnoDB DEFAULT CHARSET=latin1;
/*!40101 SET character_set_client = @saved_cs_client */;

--
-- Dumping data for table `MLBGAME`
--

LOCK TABLES `MLBGAME` WRITE;
/*!40000 ALTER TABLE `MLBGAME` DISABLE KEYS */;
/*!40000 ALTER TABLE `MLBGAME` ENABLE KEYS */;
UNLOCK TABLES;

--
-- Table structure for table `MLBSTATS`
--

DROP TABLE IF EXISTS `MLBSTATS`;
/*!40101 SET @saved_cs_client     = @@character_set_client */;
/*!40101 SET character_set_client = utf8 */;
CREATE TABLE `MLBSTATS` (
  `statsId` bigint(20) NOT NULL AUTO_INCREMENT,
  `playerToTeamId` bigint(20) NOT NULL,
  `gameId` bigint(20) NOT NULL,
  `ab` int(11) DEFAULT NULL,
  `ao` int(11) DEFAULT NULL,
  `avg` double DEFAULT NULL,
  `bb` int(11) DEFAULT NULL,
  `cs` int(11) DEFAULT NULL,
  `d` int(11) DEFAULT NULL,
  `gameDate` date DEFAULT NULL,
  `gameType` varchar(5) DEFAULT NULL,
  `go` int(11) DEFAULT NULL,
  `goAo` double DEFAULT NULL,
  `h` int(11) DEFAULT NULL,
  `h2b` int(11) DEFAULT NULL,
  `h3b` int(11) DEFAULT NULL,
  `hbp` int(11) DEFAULT NULL,
  `homeAway` varchar(2) DEFAULT NULL,
  `hr` int(11) DEFAULT NULL,
  `ibb` int(11) DEFAULT NULL,
  `lob` int(11) DEFAULT NULL,
  `obp` double DEFAULT NULL,
  `opp` varchar(5) DEFAULT NULL,
  `oppScore` int(11) DEFAULT NULL,
  `oppTeamDisplayFull` varchar(30) DEFAULT NULL,
  `oppTeamDisplayShort` varchar(15) DEFAULT NULL,
  `oppTeamId` int(11) DEFAULT NULL,
  `ops` double DEFAULT NULL,
  `r` int(11) DEFAULT NULL,
  `rbi` int(11) DEFAULT NULL,
  `sac` int(11) DEFAULT NULL,
  `sb` int(11) DEFAULT NULL,
  `sf` int(11) DEFAULT NULL,
  `slg` double DEFAULT NULL,
  `so` int(11) DEFAULT NULL,
  `t` int(11) DEFAULT NULL,
  `tb` int(11) DEFAULT NULL,
  `w` int(11) DEFAULT NULL,
  `sv` int(11) DEFAULT NULL,
  `er` int(11) DEFAULT NULL,
  `hb` int(11) DEFAULT NULL,
  `ip` double DEFAULT NULL,
  `teamResult` varchar(10) DEFAULT NULL,
  `teamScore` int(11) DEFAULT NULL,
  PRIMARY KEY (`statsId`),
  KEY `playerToTeamId` (`playerToTeamId`),
  KEY `gameId` (`gameId`),
  CONSTRAINT `mlbstats_ibfk_1` FOREIGN KEY (`playerToTeamId`) REFERENCES `PLAYERTOTEAM` (`playerToTeamId`),
  CONSTRAINT `mlbstats_ibfk_2` FOREIGN KEY (`gameId`) REFERENCES `MLBGAME` (`gameId`)
) ENGINE=InnoDB DEFAULT CHARSET=latin1;
/*!40101 SET character_set_client = @saved_cs_client */;

--
-- Dumping data for table `MLBSTATS`
--

LOCK TABLES `MLBSTATS` WRITE;
/*!40000 ALTER TABLE `MLBSTATS` DISABLE KEYS */;
/*!40000 ALTER TABLE `MLBSTATS` ENABLE KEYS */;
UNLOCK TABLES;

--
-- Table structure for table `MONEY`
--

DROP TABLE IF EXISTS `MONEY`;
/*!40101 SET @saved_cs_client     = @@character_set_client */;
/*!40101 SET character_set_client = utf8 */;
CREATE TABLE `MONEY` (
  `moneyId` bigint(20) NOT NULL AUTO_INCREMENT,
  `teamId` int(11) NOT NULL,
  `season` int(11) NOT NULL,
  `moneyType` varchar(20) NOT NULL,
  `amount` int(11) NOT NULL,
  PRIMARY KEY (`moneyId`),
  UNIQUE KEY `teamId` (`teamId`,`season`,`moneyType`),
  CONSTRAINT `money_ibfk_1` FOREIGN KEY (`teamId`) REFERENCES `TEAM` (`teamId`)
) ENGINE=InnoDB AUTO_INCREMENT=13 DEFAULT CHARSET=latin1;
/*!40101 SET character_set_client = @saved_cs_client */;

--
-- Dumping data for table `MONEY`
--

LOCK TABLES `MONEY` WRITE;
/*!40000 ALTER TABLE `MONEY` DISABLE KEYS */;
INSERT INTO `MONEY` VALUES (1,1,2015,'MAJORLEAGUEDRAFT',257),(2,7,2015,'MAJORLEAGUEDRAFT',260),(3,12,2015,'MAJORLEAGUEDRAFT',337),(4,6,2015,'MAJORLEAGUEDRAFT',186),(5,3,2015,'MAJORLEAGUEDRAFT',265),(6,4,2015,'MAJORLEAGUEDRAFT',267),(7,9,2015,'MAJORLEAGUEDRAFT',260),(8,2,2015,'MAJORLEAGUEDRAFT',332),(9,10,2015,'MAJORLEAGUEDRAFT',264),(10,11,2015,'MAJORLEAGUEDRAFT',178),(11,5,2015,'MAJORLEAGUEDRAFT',287),(12,8,2015,'MAJORLEAGUEDRAFT',264);
/*!40000 ALTER TABLE `MONEY` ENABLE KEYS */;
UNLOCK TABLES;

--
-- Table structure for table `PLAYER`
--

DROP TABLE IF EXISTS `PLAYER`;
/*!40101 SET @saved_cs_client     = @@character_set_client */;
/*!40101 SET character_set_client = utf8 */;
CREATE TABLE `PLAYER` (
  `playerId` bigint(20) NOT NULL AUTO_INCREMENT,
  `playerName` varchar(50) NOT NULL,
  `firstName` varchar(25) DEFAULT NULL,
  `lastName` varchar(25) DEFAULT NULL,
  `nameLastFirst` varchar(50) DEFAULT NULL,
  `primaryPositionId` int(11) DEFAULT NULL,
  `mlbPlayerId` bigint(20) DEFAULT NULL,
  `espnPlayerId` bigint(20) DEFAULT NULL,
  `espnPlayerName` varchar(50) DEFAULT NULL,
  PRIMARY KEY (`playerId`),
  UNIQUE KEY `mlbPlayerId` (`mlbPlayerId`),
  UNIQUE KEY `espnPlayerId` (`espnPlayerId`),
  KEY `primaryPositionId` (`primaryPositionId`),
  CONSTRAINT `player_ibfk_1` FOREIGN KEY (`primaryPositionId`) REFERENCES `POSITION` (`positionId`)
) ENGINE=InnoDB AUTO_INCREMENT=5972 DEFAULT CHARSET=latin1;
/*!40101 SET character_set_client = @saved_cs_client */;

--
-- Dumping data for table `PLAYER`
--

LOCK TABLES `PLAYER` WRITE;
/*!40000 ALTER TABLE `PLAYER` DISABLE KEYS */;
INSERT INTO `PLAYER` VALUES (4777,'Jose Altuve','Jose','Altuve','Altuve, Jose',4,514888,4144,NULL),(4778,'Arismendy Alcantara','Arismendy','Alcantara','Alcantara, Arismendy',4,570489,5322,NULL),(4779,'Burke Badenhop','Burke','Badenhop','Badenhop, Burke',1,488674,1910,NULL),(4780,'Tim Berry','Timothy','Berry','Berry, Tim',1,572718,4086,'Timothy Berry'),(4781,'Jake Arrieta','Jacob','Arrieta','Arrieta, Jake',1,453562,2412,NULL),(4782,'Jake Buchanan','Jake','Buchanan','Buchanan, Jake',1,594772,NULL,NULL),(4783,'Javier Baez','Ednel','Baez','Baez, Javier',6,595879,4603,NULL),(4784,'Tucker Barnhart','Tucker','Barnhart','Barnhart, Tucker',2,571466,3642,NULL),(4785,'Chris Carter','Vernon','Carter','Carter, Chris',3,474892,2186,NULL),(4786,'Dallas Beeler','Dallas','Beeler','Beeler, Dallas',1,542923,NULL,NULL),(4787,'Jason Castro','Jason','Castro','Castro, Jason',2,488771,2472,NULL),(4788,'Kris Bryant','Kristopher','Bryant','Bryant, Kris',5,592178,5675,NULL),(4789,'Brad Brach','Brad','Brach','Brach, Brad',1,542960,3459,NULL),(4790,'Brennan Boesch','Brennan','Boesch','Boesch, Brennan',9,453269,2576,NULL),(4791,'Zach Britton','Zachary','Britton','Britton, Zach',1,502154,3516,NULL),(4792,'Jay Bruce','Jay','Bruce','Bruce, Jay',9,457803,1872,NULL),(4793,'Kevin Chapman','Kevin','Chapman','Chapman, Kevin',1,502087,4172,NULL),(4794,'Dylan Bundy','Dylan','Bundy','Bundy, Dylan',1,605164,4569,NULL),(4795,'Everth Cabrera','Everth','Cabrera','Cabrera, Everth',6,465784,2430,NULL),(4796,'Marlon Byrd','Marlon','Byrd','Byrd, Marlon',7,407781,739,NULL),(4797,'Wei-Yin Chen','Wei-Yin','Chen','Chen, Wei-Yin',1,612672,4522,NULL),(4798,'Aroldis Chapman','Albertin','Chapman','Chapman, Aroldis',1,547973,2798,NULL),(4799,'Steve Clevenger','Steven','Clevenger','Clevenger, Steve',2,502182,2403,NULL),(4800,'Chris Davis','Christopher','Davis','Davis, Chris',3,448801,1981,NULL),(4801,'Alejandro De Aza','Alejandro','De Aza','De Aza, Alejandro',7,457477,1663,NULL),(4802,'Tony Cingrani','Anthony','Cingrani','Cingrani, Tony',1,571561,4611,NULL),(4803,'Welington Castillo','Welington','Castillo','Castillo, Welington',2,456078,2198,NULL),(4804,'Oliver Drake','Oliver','Drake','Drake, Oliver',1,543118,NULL,NULL),(4805,'Hank Conger','Hyun','Conger','Conger, Hank',2,474233,2127,NULL),(4806,'Starlin Castro','Starlin','Castro','Castro, Starlin',6,516770,2808,NULL),(4807,'Carlos Contreras','Carlos','Contreras','Contreras, Carlos',1,542266,5093,NULL),(4808,'Luis Cruz','Luis','Cruz','Cruz, Luis',1,543071,NULL,NULL),(4809,'Chris Coghlan','Christopher','Coghlan','Coghlan, Chris',7,458085,2242,NULL),(4810,'Samuel Deduno','Samuel','Deduno','Deduno, Samuel',1,465679,2346,NULL),(4811,'Zack Cozart','Zachary','Cozart','Cozart, Zack',6,446359,2830,NULL),(4812,'Phil Coke','Phillip','Coke','Coke, Phil',1,457435,2048,NULL),(4813,'Matt Dominguez','Matthew','Dominguez','Dominguez, Matt',5,518625,2270,NULL),(4814,'Chris Denorfia','Christopher','Denorfia','Denorfia, Chris',7,456121,1298,NULL),(4815,'Ryan Flaherty','Ryan','Flaherty','Flaherty, Ryan',4,475247,3145,NULL),(4816,'Johnny Cueto','Johnny','Cueto','Cueto, Johnny',1,456501,1873,NULL),(4817,'Scott Feldman','Scott','Feldman','Feldman, Scott',1,444857,1263,NULL),(4818,'Carl Edwards Jr.','Carl','Edwards','Edwards Jr., Carl',1,605218,NULL,NULL),(4819,'Michael Feliz','Michael','Feliz','Feliz, Michael',1,593140,NULL,NULL),(4820,'Anthony DeSclafani','Anthony','DeSclafani','DeSclafani, Anthony',1,543101,5683,NULL),(4821,'Josh Fields','Joshua','Fields','Fields, Josh',1,451661,2519,NULL),(4822,'Dexter Fowler','William','Fowler','Fowler, Dexter',8,451594,2068,NULL),(4823,'Jumbo Diaz','Jose','Diaz','Diaz, Jumbo',1,471822,NULL,NULL),(4824,'Evan Gattis','James','Gattis','Gattis, Evan',10,594828,5444,NULL),(4825,'Chris Dominguez','Christopher','Dominguez','Dominguez, Chris',5,458689,NULL,NULL),(4826,'Gonzalez Germen','Gonzalez','Germen','Germen, Gonzalez',1,542674,5575,NULL),(4827,'Eddie Gamboa','Eduardo','Gamboa','Gamboa, Eddie',1,543195,NULL,NULL),(4828,'Jason Garcia','Jason','Garcia','Garcia, Jason',1,592329,NULL,NULL),(4829,'Kevin Gausman','Kevin','Gausman','Gausman, Kevin',1,592332,5164,NULL),(4830,'Juan Duran','Juan','Duran','Duran, Juan',9,544269,3650,NULL),(4831,'Miguel Gonzalez','Miguel','Gonzalez','Gonzalez, Miguel',1,456068,2124,NULL),(4832,'Justin Grimm','Justin','Grimm','Grimm, Justin',1,518748,4229,NULL),(4833,'J.J. Hardy','James','Hardy','Hardy, J.J.',6,429666,973,NULL),(4834,'Jason Hammel','Jason','Hammel','Hammel, Jason',1,434628,1332,NULL),(4835,'Tommy Hunter','Raymond','Hunter','Hunter, Tommy',1,488984,2011,NULL),(4836,'Todd Frazier','Todd','Frazier','Frazier, Todd',5,453943,2289,NULL),(4837,'Kyle Hendricks','Kyle','Hendricks','Hendricks, Kyle',1,543294,5676,NULL),(4838,'Ubaldo Jimenez','Ubaldo','Jimenez','Jimenez, Ubaldo',1,434622,1494,NULL),(4839,'Jonathan Herrera','Jonathan','Herrera','Herrera, Jonathan',4,468406,1929,NULL),(4840,'Marwin Gonzalez','Marwin','Gonzalez','Gonzalez, Marwin',6,503556,3267,NULL),(4841,'Amir Garrett','Amir','Garrett','Garrett, Amir',1,607237,NULL,NULL),(4842,'Edwin Jackson','Edwin','Jackson','Jackson, Edwin',1,429719,946,NULL),(4843,'Luke Gregerson','Lucas','Gregerson','Gregerson, Luke',1,502381,2653,NULL),(4844,'Kevin Gregg','Kevin','Gregg','Gregg, Kevin',1,276514,920,NULL),(4845,'Robbie Grossman','Robert','Grossman','Grossman, Robbie',7,543257,3869,NULL),(4846,'Eric Jokisch','Eric','Jokisch','Jokisch, Eric',1,518852,NULL,NULL),(4847,'Billy Hamilton','Billy','Hamilton','Hamilton, Billy',8,571740,3504,NULL),(4848,'Will Harris','William','Harris','Harris, Will',1,501789,5057,NULL),(4849,'Tommy La Stella','Thomas','La Stella','La Stella, Tommy',4,600303,4695,NULL),(4850,'David Holmberg','David','Holmberg','Holmberg, David',1,571787,4075,NULL),(4851,'Adam Jones','Adam','Jones','Jones, Adam',8,430945,1418,NULL),(4852,'Roberto Hernandez','Roberto','Hernandez','Hernandez, Roberto',1,433584,1246,NULL),(4853,'Junior Lake','Junior','Lake','Lake, Junior',7,516809,3132,NULL),(4854,'J.J. Hoover','James','Hoover','Hoover, J.J.',1,543331,5045,NULL),(4855,'L.J. Hoes','Jerome','Hoes','Hoes, L.J.',7,543321,4565,NULL),(4856,'Raisel Iglesias','Raisel','Iglesias','Iglesias, Raisel',1,628452,NULL,NULL),(4857,'Jon Lester','Jonathan','Lester','Lester, Jon',1,452657,1403,NULL),(4858,'Dallas Keuchel','Dallas','Keuchel','Keuchel, Dallas',1,572971,4289,NULL),(4859,'Mike Leake','Michael','Leake','Leake, Mike',1,502190,2829,NULL),(4860,'Rafael Lopez','Rafael','Lopez','Lopez, Rafael',2,607257,NULL,NULL),(4861,'Jed Lowrie','Jed','Lowrie','Lowrie, Jed',6,476704,1894,NULL),(4862,'Caleb Joseph','Caleb','Joseph','Joseph, Caleb',2,543376,2826,NULL),(4863,'Ryan Lavarnway','Ryan','Lavarnway','Lavarnway, Ryan',2,543432,3501,NULL),(4864,'Jake Marisnick','Jacob','Marisnick','Marisnick, Jake',8,545350,3666,NULL),(4865,'David Lough','David','Lough','Lough, David',7,518953,2916,NULL),(4866,'Collin McHugh','Collin','McHugh','McHugh, Collin',1,543521,5064,NULL),(4867,'Michael Lorenzen','Michael','Lorenzen','Lorenzen, Michael',1,547179,NULL,NULL),(4868,'Manny Machado','Manuel','Machado','Machado, Manny',5,592518,3559,NULL),(4869,'Brian Matusz','Brian','Matusz','Matusz, Brian',1,451085,2257,NULL),(4870,'Pat Neshek','Patrick','Neshek','Neshek, Pat',1,450212,1404,NULL),(4871,'T.J. McFarland','Timothy','McFarland','McFarland, T.J.',1,519008,5177,NULL),(4872,'Rey Navarro','Reynaldo','Navarro','Navarro, Rey',4,519071,NULL,NULL),(4873,'Brett Oberholtzer','Brett','Oberholtzer','Oberholtzer, Brett',1,519085,3575,NULL),(4874,'Donald Lutz','Donald','Lutz','Lutz, Donald',3,544371,4559,NULL),(4875,'Bud Norris','David','Norris','Norris, Bud',1,502032,2692,NULL),(4876,'Miguel Montero','Miguel','Montero','Montero, Miguel',2,471083,1466,NULL),(4877,'Brad Peacock','Bradley','Peacock','Peacock, Brad',1,502748,4072,NULL),(4878,'Matt Magill','Matthew','Magill','Magill, Matt',1,543483,4371,NULL),(4879,'Jason Motte','Jason','Motte','Motte, Jason',1,435400,2072,NULL),(4880,'Jason Marquis','Jason','Marquis','Marquis, Jason',1,150302,NULL,NULL),(4881,'Chad Qualls','Chad','Qualls','Qualls, Chad',1,430589,1043,NULL),(4882,'Joe Ortiz','Joseph','Ortiz','Ortiz, Joe',1,517451,3927,'Joe Ortiz'),(4883,'Devin Mesoraco','Devin','Mesoraco','Mesoraco, Devin',2,519023,2263,NULL),(4884,'Blake Parker','Richard','Parker','Parker, Blake',1,453284,2893,NULL),(4885,'Colby Rasmus','Colby','Rasmus','Rasmus, Colby',7,458675,1885,NULL),(4886,'Neil Ramirez','Neil','Ramirez','Ramirez, Neil',1,519166,3614,NULL),(4887,'Kristopher Negron','Kristopher','Negron','Negron, Kristopher',4,502117,2523,NULL),(4888,'Domingo Santana','Domingo','Santana','Santana, Domingo',7,570267,4404,NULL),(4889,'Anthony Rizzo','Anthony','Rizzo','Rizzo, Anthony',3,519203,3215,NULL),(4890,'Manny Parra','Manuel','Parra','Parra, Manny',1,448159,1750,NULL),(4891,'Darren O\'Day','Darren','O\'Day','O\'Day, Darren',1,503285,1901,NULL),(4892,'Jon Singleton','Jonathan','Singleton','Singleton, Jon',3,572138,3678,NULL),(4893,'Hector Rondon','Hector','Rondon','Rondon, Hector',1,444468,2359,NULL),(4894,'Brayan Pena','Brayan','Pena','Pena, Brayan',2,430910,1195,NULL),(4895,'Tony Sipp','Tony','Sipp','Sipp, Tony',1,448609,1615,NULL),(4896,'David Ross','David','Ross','Ross, David',2,424325,783,NULL),(4897,'Brandon Phillips','Brandon','Phillips','Phillips, Brandon',4,408252,737,NULL),(4898,'Jimmy Paredes','Jimmy','Paredes','Paredes, Jimmy',10,517370,3086,NULL),(4899,'George Springer','George','Springer','Springer, George',9,543807,4551,NULL),(4900,'Yorman Rodriguez','Yorman','Rodriguez','Rodriguez, Yorman',8,550298,4127,NULL),(4901,'Steve Pearce','Steven','Pearce','Pearce, Steve',3,456665,1803,NULL),(4902,'Keyvius Sampson','Keyvius','Sampson','Sampson, Keyvius',1,572102,4405,NULL),(4903,'Zac Rosscup','Zachary','Rosscup','Rosscup, Zac',1,573127,4082,NULL),(4904,'Jonathan Schoop','Jonathan','Schoop','Schoop, Jonathan',4,570731,4461,NULL),(4905,'Skip Schumaker','Jared','Schumaker','Schumaker, Skip',7,435401,1210,NULL),(4906,'Max Stassi','Max','Stassi','Stassi, Max',2,545358,2775,NULL),(4907,'Travis Snider','Travis','Snider','Snider, Travis',9,501983,2001,NULL),(4908,'Addison Russell','Addison','Russell','Russell, Addison',4,608365,5151,NULL),(4909,'Dan Straily','Daniel','Straily','Straily, Dan',1,573185,5053,NULL),(4910,'Kyle Skipworth','Kyle','Skipworth','Skipworth, Kyle',2,543788,3480,NULL),(4911,'Chris Tillman','Christopher','Tillman','Tillman, Chris',1,501957,2691,NULL),(4912,'Josh Smith','Joshua','Smith','Smith, Josh',1,595001,NULL,NULL),(4913,'Brian Schlitter','Brian','Schlitter','Schlitter, Brian',1,489295,3121,NULL),(4914,'Joe Thatcher','Joseph','Thatcher','Thatcher, Joe',1,491159,1758,NULL),(4915,'Henry Urrutia','Henry','Urrutia','Urrutia, Henry',10,625329,5594,NULL),(4916,'Eugenio Suarez','Eugenio','Suarez','Suarez, Eugenio',6,553993,4852,NULL),(4917,'Jorge Soler','Jorge','Soler','Soler, Jorge',9,624585,5048,NULL),(4918,'Christian Walker','Christian','Walker','Walker, Christian',3,572233,NULL,NULL),(4919,'Pedro Strop','Pedro','Strop','Strop, Pedro',1,467008,2604,NULL),(4920,'Ronald Torreyes','Ronald','Torreyes','Torreyes, Ronald',4,591720,NULL,NULL),(4921,'Matt Szczur','Matthew','Szczur','Szczur, Matt',8,519333,3816,NULL),(4922,'Luis Valbuena','Luis','Valbuena','Valbuena, Luis',5,472528,2061,NULL),(4923,'Christian Villanueva','Christian','Villanueva','Villanueva, Christian',5,570799,4347,NULL),(4924,'Vincent Velasquez','Vincent','Velasquez','Velasquez, Vincent',1,592826,NULL,NULL),(4925,'Tsuyoshi Wada','Tsuyoshi','Wada','Wada, Tsuyoshi',1,493159,4516,NULL),(4926,'Matt Wieters','Matthew','Wieters','Wieters, Matt',2,446308,2122,NULL),(4927,'Jonathan Villar','Jonathan','Villar','Villar, Jonathan',6,542340,4448,NULL),(4928,'Asher Wojciechowski','Randall','Wojciechowski','Wojciechowski, Asher',1,592879,4211,NULL),(4929,'Travis Wood','Travis','Wood','Wood, Travis',1,475243,2891,NULL),(4930,'Tyler Wilson','Philip','Wilson','Wilson, Tyler',1,592869,NULL,NULL),(4931,'Jeremy Affeldt','Jeremy','Affeldt','Affeldt, Jeremy',1,346793,744,NULL),(4932,'Abraham Almonte','Abraham','Almonte','Almonte, Abraham',8,501659,3960,NULL),(4933,'Pedro Villarreal','Pedro','Villarreal','Villarreal, Pedro',1,543881,NULL,NULL),(4934,'Mike Wright','Dennis','Wright','Wright, Mike',1,605541,NULL,NULL),(4935,'Joey Votto','Joseph','Votto','Votto, Joey',3,458015,1612,NULL),(4936,'Wesley Wright','Dequam','Wright','Wright, Wesley',1,449079,1851,NULL),(4937,'Yonder Alonso','Yonder','Alonso','Alonso, Yonder',3,475174,2298,NULL),(4938,'Kyle Waldrop','Kyle','Waldrop','Waldrop, Kyle',9,592835,NULL,NULL),(4939,'Delmon Young','Delmon','Young','Young, Delmon',9,430321,1112,NULL),(4940,'Jose Alvarez','Jose','Alvarez','Alvarez, Jose',1,501625,4574,NULL),(4941,'Lane Adams','Lane','Adams','Adams, Lane',8,572669,NULL,NULL),(4942,'Erick Aybar','Erick','Aybar','Aybar, Erick',6,430947,1363,NULL),(4943,'Jorge Bonifacio','Jorge','Bonifacio','Bonifacio, Jorge',9,593528,NULL,NULL),(4944,'Aaron Brooks','Aaron','Brooks','Brooks, Aaron',1,605156,NULL,NULL),(4945,'Jett Bandy','Jett','Bandy','Bandy, Jett',2,542908,NULL,NULL),(4946,'Lorenzo Cain','Lorenzo','Cain','Cain, Lorenzo',8,456715,2536,NULL),(4947,'Alexi Amarista','Alexi','Amarista','Amarista, Alexi',6,506560,2950,NULL),(4948,'Cam Bedrosian','Cam','Bedrosian','Bedrosian, Cam',1,592135,4195,NULL),(4949,'Nori Aoki','Norichika','Aoki','Aoki, Nori',7,493114,4527,'Norichika Aoki'),(4950,'Orlando Calixte','Orlando','Calixte','Calixte, Orlando',6,593525,NULL,NULL),(4951,'Gary Brown','Gary','Brown','Brown, Gary',8,518502,3473,NULL),(4952,'Clint Barmes','Clint','Barmes','Barmes, Clint',6,425549,941,NULL),(4953,'Joaquin Arias','Joaquin','Arias','Arias, Joaquin',5,435078,1476,NULL),(4954,'Joaquin Benoit','Joaquin','Benoit','Benoit, Joaquin',1,276542,617,NULL),(4955,'Tim Collins','Timothy','Collins','Collins, Tim',1,525768,3454,NULL),(4956,'Brandon Belt','Brandon','Belt','Belt, Brandon',3,474832,3354,NULL),(4957,'Leonel Campos','Leonel','Campos','Campos, Leonel',1,599998,NULL,NULL),(4958,'Christian Colon','Christian','Colon','Colon, Christian',4,518568,3578,NULL),(4959,'Ray Black','Raymond','Black','Black, Ray',1,605143,NULL,NULL),(4960,'Drew Butera','Andrew','Butera','Butera, Drew',2,460077,2167,NULL),(4961,'Andrew Cashner','Andrew','Cashner','Cashner, Andrew',1,488768,2402,NULL),(4962,'Cheslor Cuthbert','Cheslor','Cuthbert','Cuthbert, Cheslor',5,596144,4163,NULL),(4963,'Odrisamer Despaigne','Odrisamer','Despaigne','Despaigne, Odrisamer',1,628333,6119,NULL),(4964,'Wade Davis','Wade','Davis','Davis, Wade',1,451584,1875,NULL),(4965,'Gregor Blanco','Gregor','Blanco','Blanco, Gregor',9,453923,1603,NULL),(4966,'Brett Bochy','Brett','Bochy','Bochy, Brett',1,594762,NULL,NULL),(4967,'Alex Dickerson','Alexander','Dickerson','Dickerson, Alex',9,543105,NULL,NULL),(4968,'Danny Duffy','Daniel','Duffy','Duffy, Danny',1,518633,3576,NULL),(4969,'Kole Calhoun','Kole','Calhoun','Calhoun, Kole',9,594777,3898,NULL),(4970,'Madison Bumgarner','Madison','Bumgarner','Bumgarner, Madison',1,518516,2584,NULL),(4971,'Robbie Erlin','Robert','Erlin','Erlin, Robbie',1,572362,4266,NULL),(4972,'Jarrod Dyson','Jarrod','Dyson','Dyson, Jarrod',9,502481,2822,NULL),(4973,'Collin Cowgill','Collin','Cowgill','Cowgill, Collin',7,518577,2857,NULL),(4974,'Matt Cain','Matthew','Cain','Cain, Matt',1,430912,1137,NULL),(4975,'Frank Garces','Frank','Garces','Garces, Frank',1,571057,NULL,NULL),(4976,'C.J. Cron','Christopher','Cron','Cron, C.J.',10,543068,4631,NULL),(4977,'Daniel Carbonell','Daniel','Carbonell','Carbonell, Daniel',8,658135,NULL,NULL),(4978,'Alcides Escobar','Alcides','Escobar','Escobar, Alcides',6,444876,2042,NULL),(4979,'Taylor Featherston','Taylor','Featherston','Featherston, Taylor',5,605227,NULL,NULL),(4980,'Santiago Casilla','Santiago','Casilla','Casilla, Santiago',1,433586,1060,NULL),(4981,'David Freese','David','Freese','Freese, David',5,501896,2224,NULL),(4982,'Erik Cordier','Erik','Cordier','Cordier, Erik',1,449170,2939,NULL),(4983,'Johnny Giavotella','Johnny','Giavotella','Giavotella, Johnny',4,543213,3591,NULL),(4984,'Brandon Crawford','Brandon','Crawford','Crawford, Brandon',6,543063,2838,NULL),(4985,'Grant Green','Grant','Green','Green, Grant',4,502205,2776,NULL),(4986,'Matt Duffy','Matthew','Duffy','Duffy, Matt',5,622110,NULL,NULL),(4987,'Tayron Guerrero','Tayron','Guerrero','Guerrero, Tayron',1,594027,NULL,NULL),(4988,'Andrew Heaney','Andrew','Heaney','Heaney, Andrew',1,571760,5169,NULL),(4989,'Adam Duvall','Adam','Duvall','Duvall, Adam',3,594807,5161,NULL),(4990,'Chris Iannetta','Christopher','Iannetta','Iannetta, Chris',2,455104,1447,NULL),(4991,'Brandon Finnegan','Brandon','Finnegan','Finnegan, Brandon',1,605232,NULL,NULL),(4992,'Joan Gregorio','Joan','Gregorio','Gregorio, Joan',1,593340,NULL,NULL),(4993,'Matt Joyce','Matthew','Joyce','Joyce, Matt',7,459964,1933,NULL),(4994,'Jedd Gyorko','Jedd','Gyorko','Gyorko, Jedd',4,576397,3887,NULL),(4995,'Cody Hall','Cody','Hall','Hall, Cody',1,595235,NULL,NULL),(4996,'Kyle Kubitza','Kyle','Kubitza','Kubitza, Kyle',5,605323,NULL,NULL),(4997,'Brian Flynn','Brian','Flynn','Flynn, Brian',1,543169,5168,NULL),(4998,'Chris Heston','Christopher','Heston','Heston, Chris',1,518790,5105,NULL),(4999,'Josh Johnson','Joshua','Johnson','Johnson, Josh',1,435178,1302,NULL),(5000,'Jeremy McBryde','Jeremy','McBryde','McBryde, Jeremy',1,489096,NULL,NULL),(5001,'Jason Frasor','Jason','Frasor','Frasor, Jason',1,430630,996,NULL),(5002,'Shawn Kelley','Shawn','Kelley','Kelley, Shawn',1,518875,2658,NULL),(5003,'Reymond Fuentes','Reymond','Fuentes','Fuentes, Reymond',7,571681,3753,NULL),(5004,'Casey Kelly','Casey','Kelly','Kelly, Casey',1,543391,2908,NULL),(5005,'Tim Hudson','Timothy','Hudson','Hudson, Tim',1,218596,455,NULL),(5006,'Alex Gordon','Alex','Gordon','Gordon, Alex',7,460086,1578,NULL),(5007,'Matt Kemp','Matthew','Kemp','Kemp, Matt',9,461314,1393,NULL),(5008,'Terrance Gore','Terrance','Gore','Gore, Terrance',7,605253,NULL,NULL),(5009,'Ian Kennedy','Ian','Kennedy','Kennedy, Ian',1,453178,1785,NULL),(5010,'Jeremy Guthrie','Jeremy','Guthrie','Guthrie, Jeremy',1,425386,818,NULL),(5011,'Mike Morin','Michael','Morin','Morin, Mike',1,573046,5446,NULL),(5012,'Craig Kimbrel','Craig','Kimbrel','Kimbrel, Craig',1,518886,3056,NULL),(5013,'Travis Ishikawa','Travis','Ishikawa','Ishikawa, Travis',3,448170,1354,NULL),(5014,'Kelvin Herrera','Kelvin','Herrera','Herrera, Kelvin',1,516969,4499,NULL),(5015,'Efren Navarro','Efren','Navarro','Navarro, Efren',7,519068,2862,NULL),(5016,'George Kontos','George','Kontos','Kontos, George',1,502004,3450,NULL),(5017,'Luke Hochevar','Luke','Hochevar','Hochevar, Luke',1,460024,1585,NULL),(5018,'Taylor Lindsey','Taylor','Lindsey','Lindsey, Taylor',4,592506,NULL,NULL),(5019,'Carlos Perez','Carlos','Perez','Perez, Carlos',2,542208,NULL,NULL),(5020,'Greg Holland','Gregory','Holland','Holland, Greg',1,518813,3384,NULL),(5021,'Derek Law','Derek','Law','Law, Derek',1,571882,NULL,NULL),(5022,'Rymer Liriano','Rymer','Liriano','Liriano, Rymer',7,542642,3751,NULL),(5023,'Vinnie Pestano','Vincent','Pestano','Pestano, Vinnie',1,502260,3407,NULL),(5024,'Eric Hosmer','Eric','Hosmer','Hosmer, Eric',3,543333,3452,NULL),(5025,'Brandon Maurer','Brandon','Maurer','Maurer, Brandon',1,543506,5089,NULL),(5026,'Tim Lincecum','Timothy','Lincecum','Lincecum, Tim',1,453311,1647,NULL),(5027,'Omar Infante','Omar','Infante','Infante, Omar',4,408299,806,NULL),(5028,'Cory Mazzoni','Cory','Mazzoni','Mazzoni, Cory',1,543508,NULL,NULL),(5029,'Albert Pujols','Jose','Pujols','Pujols, Albert',3,405395,613,NULL),(5030,'Javier Lopez','Javier','Lopez','Lopez, Javier',1,425657,832,NULL),(5031,'Cesar Ramos','Cesar','Ramos','Ramos, Cesar',1,459987,2232,NULL),(5032,'Jean Machi','Jean','Machi','Machi, Jean',1,466948,2900,NULL),(5033,'Erik Kratz','Erik','Kratz','Kratz, Erik',2,456124,2495,NULL),(5034,'Tommy Medica','Thomas','Medica','Medica, Tommy',3,523265,5379,NULL),(5035,'Danny Reynolds','Daniel','Reynolds','Reynolds, Danny',1,572066,NULL,NULL),(5036,'Justin Maxwell','Justin','Maxwell','Maxwell, Justin',9,452239,1813,NULL),(5037,'Garrett Richards','Garrett','Richards','Richards, Garrett',1,572070,3344,NULL),(5038,'Casey McGehee','Casey','McGehee','McGehee, Casey',5,431171,2060,NULL),(5039,'John Lamb','John','Lamb','Lamb, John',1,543424,3453,NULL),(5040,'Will Middlebrooks','William','Middlebrooks','Middlebrooks, Will',5,519025,3704,NULL),(5041,'Daniel Robertson','Daniel','Robertson','Robertson, Daniel',7,543706,NULL,NULL),(5042,'Angel Pagan','Angel','Pagan','Pagan, Angel',8,434636,1339,NULL),(5043,'Drew Rucinski','Drew','Rucinski','Rucinski, Drew',1,607968,NULL,NULL),(5044,'Joe Panik','Joseph','Panik','Panik, Joe',4,605412,NULL,NULL),(5045,'Josh Rutledge','Joshua','Rutledge','Rutledge, Josh',4,592710,4620,NULL),(5046,'Brandon Morrow','Brandon','Morrow','Morrow, Brandon',1,453344,1668,NULL),(5047,'Ryan Madson','Ryan','Madson','Madson, Ryan',1,425492,NULL,NULL),(5048,'Jarrett Parker','Jarrett','Parker','Parker, Jarrett',9,592620,NULL,NULL),(5049,'Fernando Salas','Noel','Salas','Salas, Fernando',1,477569,3053,NULL),(5050,'Jake Peavy','Jacob','Peavy','Peavy, Jake',1,408241,731,NULL),(5051,'Hector Santiago','Hector','Santiago','Santiago, Hector',1,502327,3167,NULL),(5052,'Hunter Pence','Hunter','Pence','Pence, Hunter',9,452254,1629,NULL),(5053,'Matt Shoemaker','Matthew','Shoemaker','Shoemaker, Matt',1,533167,4532,NULL),(5054,'Juan Perez','Juan','Perez','Perez, Juan',9,543633,4483,NULL),(5055,'Wil Myers','William','Myers','Myers, Wil',8,571976,3738,NULL),(5056,'Michael Mariot','Michael','Mariot','Mariot, Michael',1,592527,4895,NULL),(5057,'Wil Nieves','Wilbert','Nieves','Nieves, Wil',2,408242,788,NULL),(5058,'Joe Smith','Joseph','Smith','Smith, Joe',1,501925,1664,NULL),(5059,'Franklin Morales','Franklin','Morales','Morales, Franklin',1,462985,1617,NULL),(5060,'Yusmeiro Petit','Yusmeiro','Petit','Petit, Yusmeiro',1,433589,1322,NULL),(5061,'Derek Norris','Derek','Norris','Norris, Derek',2,519083,3000,NULL),(5062,'Kendrys Morales','Kendrys','Morales','Morales, Kendrys',10,434778,1123,NULL),(5063,'Huston Street','Huston','Street','Street, Huston',1,434718,1113,NULL),(5064,'Kevin Quackenbush','Kevin','Quackenbush','Quackenbush, Kevin',1,534812,4882,NULL),(5065,'Mike Moustakas','Michael','Moustakas','Moustakas, Mike',5,519058,2820,NULL),(5066,'Nick Tropeano','Nicholas','Tropeano','Tropeano, Nick',1,607374,5673,NULL),(5067,'Paulo Orlando','Paulo','Orlando','Orlando, Paulo',9,449181,NULL,NULL),(5068,'Buster Posey','Gerald','Posey','Posey, Buster',2,457763,2380,NULL),(5069,'Chris Rearick','Christopher','Rearick','Rearick, Chris',1,595371,NULL,NULL),(5070,'Francisco Pena','Francisco','Pena','Pena, Francisco',2,506747,2919,NULL),(5071,'Mike Trout','Michael','Trout','Trout, Mike',8,545361,3280,NULL),(5072,'Tyson Ross','Tyson','Ross','Ross, Tyson',1,475115,2369,NULL),(5073,'Salvador Perez','Salvador','Perez','Perez, Salvador',2,521692,3590,NULL),(5074,'James Shields','James','Shields','Shields, James',1,448306,1392,NULL),(5075,'Yohan Pino','Yohan','Pino','Pino, Yohan',1,464416,NULL,NULL),(5076,'Yangervis Solarte','Yangervis','Solarte','Solarte, Yangervis',4,500208,3351,NULL),(5077,'Alex Rios','Alexis','Rios','Rios, Alex',9,425567,954,NULL),(5078,'Cory Spangenberg','Cory','Spangenberg','Spangenberg, Cory',4,605486,4645,NULL),(5079,'Jered Weaver','Jered','Weaver','Weaver, Jered',1,450308,1331,NULL),(5080,'Jason Vargas','Jason','Vargas','Vargas, Jason',1,450306,1242,NULL),(5081,'Dale Thayer','Dale','Thayer','Thayer, Dale',1,445612,2248,NULL),(5082,'Sergio Romo','Sergio','Romo','Romo, Sergio',1,489265,1979,NULL),(5083,'Adam Wilk','Adam','Wilk','Wilk, Adam',1,573244,NULL,NULL),(5084,'Hector Sanchez','Hector','Sanchez','Sanchez, Hector',2,516949,2955,NULL),(5085,'C.J. Wilson','Christopher','Wilson','Wilson, C.J.',1,450351,1214,NULL),(5086,'Hunter Strickland','Hunter','Strickland','Strickland, Hunter',1,519326,5083,NULL),(5087,'Melvin Upton Jr.','Melvin','Upton','Upton Jr., Melvin',8,425834,1011,NULL),(5088,'Andrew Susac','Andrew','Susac','Susac, Andrew',2,572180,4536,NULL),(5089,'Cristhian Adames','Cristhian','Adames','Adames, Cristhian',6,542436,4141,NULL),(5090,'Ryan Vogelsong','Ryan','Vogelsong','Vogelsong, Ryan',1,285064,592,NULL),(5091,'Justin Upton','Justin','Upton','Upton, Justin',7,457708,1762,NULL),(5092,'Tyler Anderson','Tyler','Anderson','Anderson, Tyler',1,542881,NULL,NULL),(5093,'Yordano Ventura','Yordano','Ventura','Ventura, Yordano',1,570649,4350,NULL),(5094,'Nick Ahmed','Nicholas','Ahmed','Ahmed, Nick',6,605113,NULL,NULL),(5095,'Nolan Arenado','Nolan','Arenado','Arenado, Nolan',5,571448,3734,NULL),(5096,'Chase Anderson','Robert','Anderson','Anderson, Chase',1,502624,5186,NULL),(5097,'Will Venable','William','Venable','Venable, Will',7,461416,2036,NULL),(5098,'John Axford','John','Axford','Axford, John',1,446099,2707,NULL),(5099,'Edinson Volquez','Edinson','Volquez','Volquez, Edinson',1,450172,1277,NULL),(5100,'Nick Vincent','Nicholas','Vincent','Vincent, Nick',1,543883,4021,NULL),(5101,'Archie Bradley','Archie','Bradley','Bradley, Archie',1,605151,5006,NULL),(5102,'Chris Young','Christopher','Young','Young, Chris',1,432934,1070,NULL),(5103,'Brandon Barnes','Brandon','Barnes','Barnes, Brandon',9,488681,3149,NULL),(5104,'Socrates Brito','Socrates','Brito','Brito, Socrates',8,593647,NULL,NULL),(5105,'Dustin Ackley','Dustin','Ackley','Ackley, Dustin',7,554429,2697,NULL),(5106,'Austin Adams','Austin','Adams','Adams, Austin',1,542866,4142,NULL),(5107,'Christian Bergman','Christian','Bergman','Bergman, Christian',1,548357,5773,NULL),(5108,'Willie Bloomquist','William','Bloomquist','Bloomquist, Willie',6,217100,626,NULL),(5109,'Jesus Aguilar','Jesus','Aguilar','Aguilar, Jesus',3,542583,4608,NULL),(5110,'Enrique Burgos','Enrique','Burgos','Burgos, Enrique',1,542609,NULL,NULL),(5111,'Cody Allen','Cody','Allen','Allen, Cody',1,592102,4665,NULL),(5112,'Robinson Cano','Robinson','Cano','Cano, Robinson',4,429664,1139,NULL),(5113,'Rafael Betancourt','Rafael','Betancourt','Betancourt, Rafael',1,429783,420,NULL),(5114,'Nelson Cruz','Nelson','Cruz','Cruz, Nelson',9,443558,1165,NULL),(5115,'Cody Anderson','Cody','Anderson','Anderson, Cody',1,594736,NULL,NULL),(5116,'Roenis Elias','Roenis','Elias','Elias, Roenis',1,606273,5657,NULL),(5117,'Andrew Chafin','Andrew','Chafin','Chafin, Andrew',1,605177,NULL,NULL),(5118,'Chad Bettis','Chad','Bettis','Bettis, Chad',1,518452,4197,NULL),(5119,'Danny Farquhar','Daniel','Farquhar','Farquhar, Danny',1,543144,3003,NULL),(5120,'Shawn Armstrong','Shawn','Armstrong','Armstrong, Shawn',1,542888,NULL,NULL),(5121,'Josh Collmenter','Joshua','Collmenter','Collmenter, Josh',1,518567,3552,NULL),(5122,'Charlie Furbush','Charles','Furbush','Furbush, Charlie',1,518703,4067,NULL),(5123,'Scott Atchison','Scott','Atchison','Atchison, Scott',1,425786,674,NULL),(5124,'Mayckol Guaipe','Mayckol','Guaipe','Guaipe, Mayckol',1,515052,NULL,NULL),(5125,'Mike Aviles','Michael','Aviles','Aviles, Mike',7,449107,1955,NULL),(5126,'Charlie Blackmon','Charles','Blackmon','Blackmon, Charlie',8,453568,3546,NULL),(5127,'Patrick Corbin','Patrick','Corbin','Corbin, Patrick',1,571578,3787,NULL),(5128,'J.A. Happ','James','Happ','Happ, J.A.',1,457918,1740,NULL),(5129,'Trevor Bauer','Trevor','Bauer','Bauer, Trevor',1,545333,4485,NULL),(5130,'Michael Bourn','Michael','Bourn','Bourn, Michael',8,456422,1432,NULL),(5131,'Felix Hernandez','Felix','Hernandez','Hernandez, Felix',1,433587,1129,NULL),(5132,'Michael Brantley','Michael','Brantley','Brantley, Michael',7,488726,2318,NULL),(5133,'Rex Brothers','Rex','Brothers','Brothers, Rex',1,571521,3545,NULL),(5134,'Carlos Carrasco','Carlos','Carrasco','Carrasco, Carlos',1,471911,1881,NULL),(5135,'John Hicks','John','Hicks','Hicks, John',2,543308,NULL,NULL),(5136,'Rubby De La Rosa','Rubby','De La Rosa','De La Rosa, Rubby',1,523989,3513,NULL),(5137,'Brooks Brown','Brooks','Brown','Brown, Brooks',1,453156,NULL,NULL),(5138,'Randall Delgado','Randall','Delgado','Delgado, Randall',1,517414,3555,NULL),(5139,'Eddie Butler','Timothy','Butler','Butler, Eddie',1,572750,5330,NULL),(5140,'Danny Hultzen','Daniel','Hultzen','Hultzen, Danny',1,543343,4487,NULL),(5141,'Jorge De La Rosa','Jorge','De La Rosa','De La Rosa, Jorge',1,407822,971,NULL),(5142,'Danny Dorn','Daniel','Dorn','Dorn, Danny',3,457760,NULL,NULL),(5143,'Daniel Descalso','Daniel','Descalso','Descalso, Daniel',4,518614,2844,NULL),(5144,'Brandon Drury','Brandon','Drury','Drury, Brandon',5,592273,NULL,NULL),(5145,'Lonnie Chisenhall','Lonnie','Chisenhall','Chisenhall, Lonnie',5,502082,2911,NULL),(5146,'Paul Goldschmidt','Paul','Goldschmidt','Goldschmidt, Paul',3,502671,3486,NULL),(5147,'Jairo Diaz','Jairo','Diaz','Diaz, Jairo',1,545064,NULL,NULL),(5148,'Tuffy Gosewisch','James','Gosewisch','Gosewisch, Tuffy',2,488912,2219,NULL),(5149,'Corey Dickerson','McKenzie','Dickerson','Dickerson, Corey',7,572816,4165,NULL),(5150,'Jeremy Hellickson','Jeremy','Hellickson','Hellickson, Jeremy',1,476451,2882,NULL),(5151,'Christian Friedrich','Christian','Friedrich','Friedrich, Christian',1,543184,2995,NULL),(5152,'David Hernandez','David','Hernandez','Hernandez, David',1,456696,2328,NULL),(5153,'Carlos Gonzalez','Carlos','Gonzalez','Gonzalez, Carlos',9,471865,1600,NULL),(5154,'Oscar Hernandez','Oscar','Hernandez','Hernandez, Oscar',2,591712,NULL,NULL),(5155,'Aaron Hill','Aaron','Hill','Hill, Aaron',5,431094,1125,NULL),(5156,'Hisashi Iwakuma','Hisashi','Iwakuma','Iwakuma, Hisashi',1,547874,4503,NULL),(5157,'David Hale','David','Hale','Hale, David',1,571735,5095,NULL),(5158,'Daniel Hudson','Daniel','Hudson','Hudson, Daniel',1,543339,2704,NULL),(5159,'Austin Jackson','Austin','Jackson','Jackson, Austin',8,457706,2177,NULL),(5160,'LaTroy Hawkins','LaTroy','Hawkins','Hawkins, LaTroy',1,115629,177,NULL),(5161,'Kyle Crockett','Kyle','Crockett','Crockett, Kyle',1,641490,5918,NULL),(5162,'James Jones','James','Jones','Jones, James',8,571825,3090,NULL),(5163,'Yan Gomes','Yan','Gomes','Gomes, Yan',2,543228,4583,NULL),(5164,'Ender Inciarte','Ender','Inciarte','Inciarte, Ender',7,542255,3806,NULL),(5165,'Rosell Herrera','Rosell','Herrera','Herrera, Rosell',6,594011,NULL,NULL),(5166,'Erik Gonzalez','Erik','Gonzalez','Gonzalez, Erik',6,570481,NULL,NULL),(5167,'Jake Lamb','Jake','Lamb','Lamb, Jake',5,571875,5239,NULL),(5168,'Mike Kickham','Michael','Kickham','Kickham, Mike',1,592464,4345,'Michael Kickham'),(5169,'Nick Hundley','Nicholas','Hundley','Hundley, Nick',2,460026,1991,NULL),(5170,'Nick Hagadone','Nicholas','Hagadone','Hagadone, Nick',1,444935,3419,NULL),(5171,'Dominic Leone','Dominic','Leone','Leone, Dominic',1,608678,5659,NULL),(5172,'Will Locante','William','Locante','Locante, Will',1,605342,NULL,NULL),(5173,'Brett Hayes','Brett','Hayes','Hayes, Brett',2,451109,2239,NULL),(5174,'Tommy Kahnle','Thomas','Kahnle','Kahnle, Tommy',1,592454,4341,NULL),(5175,'Lucas Luetge','Lucas','Luetge','Luetge, Lucas',1,476595,4504,NULL),(5176,'Tyler Holt','Tyler','Holt','Holt, Tyler',8,534627,NULL,NULL),(5177,'Evan Marshall','Evan','Marshall','Marshall, Evan',1,605359,4575,NULL),(5178,'Kyle Kendrick','Kyle','Kendrick','Kendrick, Kyle',1,452718,1729,NULL),(5179,'Ketel Marte','Ketel','Marte','Marte, Ketel',6,606466,NULL,NULL),(5180,'TJ House','Glenn','House','House, TJ',1,543334,5104,NULL),(5181,'DJ LeMahieu','David','LeMahieu','LeMahieu, DJ',4,518934,3188,NULL),(5182,'Yoervis Medina','Yoervis','Medina','Medina, Yoervis',1,500721,3572,NULL),(5183,'Kevin Munson','Kevin','Munson','Munson, Kevin',1,576409,NULL,NULL),(5184,'Jason Kipnis','Jason','Kipnis','Kipnis, Jason',4,543401,3466,NULL),(5185,'Boone Logan','Boone','Logan','Logan, Boone',1,457429,1337,NULL),(5186,'Brad Miller','Bradley','Miller','Miller, Brad',6,543543,4683,NULL),(5187,'Corey Kluber','Corey','Kluber','Kluber, Corey',1,446372,3440,NULL),(5188,'Jordan Lyles','Jordan','Lyles','Lyles, Jordan',1,543475,3523,NULL),(5189,'Jesus Montero','Jesus','Montero','Montero, Jesus',3,524968,2175,NULL),(5190,'Vidal Nuno','Vidal','Nuno','Nuno, Vidal',1,573064,5202,NULL),(5191,'Tyler Matzek','Tyler','Matzek','Matzek, Tyler',1,554431,3737,NULL),(5192,'C.C. Lee','Chen-Chang','Lee','Lee, C.C.',1,547348,4526,'Chen-Chang Lee'),(5193,'Mike Montgomery','Michael','Montgomery','Montgomery, Mike',1,543557,3554,NULL),(5194,'Michael McKenry','Michael','McKenry','McKenry, Michael',2,502374,2917,NULL),(5195,'Zach McAllister','Zachary','McAllister','McAllister, Zach',1,502083,2934,NULL),(5196,'Chris Owings','Christopher','Owings','Owings, Chris',4,572008,3310,NULL),(5197,'Julio Morban','Julio','Morban','Morban, Julio',9,573650,5090,NULL),(5198,'Ryan Merritt','Ryan','Merritt','Merritt, Ryan',1,607320,NULL,NULL),(5199,'Jordan Pacheco','Jordan','Pacheco','Pacheco, Jordan',2,457574,2997,NULL),(5200,'Logan Morrison','Justis','Morrison','Morrison, Logan',3,489149,2924,NULL),(5201,'Carlos Moncrief','Carlos','Moncrief','Moncrief, Carlos',9,519037,NULL,NULL),(5202,'Cliff Pennington','Clifton','Pennington','Pennington, Cliff',6,460060,2023,NULL),(5203,'Edgar Olmos','Edgar','Olmos','Olmos, Edgar',1,543607,4305,NULL),(5204,'Brandon Moss','Brandon','Moss','Moss, Brandon',9,461235,1765,NULL),(5205,'David Peralta','Senger','Peralta','Peralta, David',7,444482,5890,NULL),(5206,'Tyler Olson','Tyler','Olson','Olson, Tyler',1,621397,NULL,NULL),(5207,'David Murphy','David','Murphy','Murphy, David',10,461815,1463,NULL),(5208,'Roberto Perez','Roberto','Perez','Perez, Roberto',2,547379,NULL,NULL),(5209,'Oliver Perez','Oliver','Perez','Perez, Oliver',1,424144,775,NULL),(5210,'James Paxton','James','Paxton','Paxton, James',1,572020,4453,NULL),(5211,'A.J. Pollock','Allen','Pollock','Pollock, A.J.',8,572041,3107,NULL),(5212,'Ryan Raburn','Ryan','Raburn','Raburn, Ryan',10,430605,1745,NULL),(5213,'Fernando Rodney','Fernando','Rodney','Rodney, Fernando',1,407845,765,NULL),(5214,'Robbie Ray','Robert','Ray','Ray, Robbie',1,592662,4651,NULL),(5215,'Jose Ramirez','Jose','Ramirez','Ramirez, Jose',6,608070,5300,NULL),(5216,'Stefen Romero','Stefen','Romero','Romero, Stefen',9,552662,4681,NULL),(5217,'Addison Reed','Addison','Reed','Reed, Addison',1,592665,3979,NULL),(5218,'Justin Morneau','Justin','Morneau','Morneau, Justin',3,408047,825,NULL),(5219,'Marc Rzepczynski','Marc','Rzepczynski','Rzepczynski, Marc',1,519240,2688,NULL),(5220,'Justin Ruggiano','Justin','Ruggiano','Ruggiano, Justin',9,448605,1837,NULL),(5221,'Matt Reynolds','Matthew','Reynolds','Reynolds, Matt',1,519186,2996,NULL),(5222,'Danny Salazar','Daniel','Salazar','Salazar, Danny',1,517593,4570,NULL),(5223,'Kyle Seager','Kyle','Seager','Seager, Kyle',5,572122,3256,NULL),(5224,'A.J. Schugel','Andrew','Schugel','Schugel, A.J.',1,519263,NULL,NULL),(5225,'Scott Oberg','Scott','Oberg','Oberg, Scott',1,623184,NULL,NULL),(5226,'Carson Smith','Carson','Smith','Smith, Carson',1,605476,NULL,NULL),(5227,'Adam Ottavino','Adam','Ottavino','Ottavino, Adam',1,493603,2228,NULL),(5228,'Seth Smith','Garry','Smith','Smith, Seth',10,452234,1835,NULL),(5229,'Kyle Parker','Kyle','Parker','Parker, Kyle',9,592621,4426,NULL),(5230,'Carlos Santana','Carlos','Santana','Santana, Carlos',3,467793,2659,NULL),(5231,'Jesus Sucre','Jesus','Sucre','Sucre, Jesus',2,491696,4440,NULL),(5232,'Ben Paulsen','Benjamin','Paulsen','Paulsen, Ben',3,572019,NULL,NULL),(5233,'Matt Stites','Matthew','Stites','Stites, Matt',1,592781,NULL,NULL),(5234,'Chris Taylor','Christopher','Taylor','Taylor, Chris',6,621035,5396,NULL),(5235,'Jorge Rondon','Jorge','Rondon','Rondon, Jorge',1,504083,5149,NULL),(5236,'Yasmany Tomas','Yasmany','Tomas','Tomas, Yasmany',5,630111,NULL,NULL),(5237,'Taijuan Walker','Taijuan','Walker','Walker, Taijuan',1,592836,4338,NULL),(5238,'Wilin Rosario','Wilin','Rosario','Rosario, Wilin',3,501647,2491,NULL),(5239,'Bryan Shaw','Bryan','Shaw','Shaw, Bryan',1,543766,2977,NULL),(5240,'Mark Trumbo','Mark','Trumbo','Trumbo, Mark',9,444432,2132,NULL),(5241,'Rickie Weeks','Rickie','Weeks','Weeks, Rickie',7,430001,926,NULL),(5242,'Chris Rusin','Christopher','Rusin','Rusin, Chris',1,543734,4460,NULL),(5243,'Drew Stubbs','Robert','Stubbs','Stubbs, Drew',8,453211,2210,NULL),(5244,'Allen Webster','Carl','Webster','Webster, Allen',1,543903,3581,NULL),(5245,'Anthony Swarzak','Anthony','Swarzak','Swarzak, Anthony',1,461872,2428,NULL),(5246,'Troy Tulowitzki','Troy','Tulowitzki','Tulowitzki, Troy',6,453064,1452,NULL),(5247,'Tom Wilhelmsen','Thomas','Wilhelmsen','Wilhelmsen, Tom',1,452666,4001,NULL),(5248,'Brad Ziegler','Brad','Ziegler','Ziegler, Brad',1,446899,1957,NULL),(5249,'Rafael Ynoa','Argelis','Ynoa','Ynoa, Rafael',5,501255,NULL,NULL),(5250,'Mike Zunino','Michael','Zunino','Zunino, Mike',2,572287,5152,NULL),(5251,'Nick Swisher','Nicholas','Swisher','Swisher, Nick',3,430897,995,NULL),(5252,'Fernando Abad','Fernando','Abad','Abad, Fernando',1,472551,2763,NULL),(5253,'Dario Alvarez','Dario','Alvarez','Alvarez, Dario',1,516714,NULL,NULL),(5254,'Matt Barnes','Matthew','Barnes','Barnes, Matt',1,598264,4623,NULL),(5255,'Vic Black','Victor','Black','Black, Vic',1,502195,4240,NULL),(5256,'Raul Alcantara','Raul','Alcantara','Alcantara, Raul',1,593417,4595,NULL),(5257,'Giovanny Urshela','Giovanny','Urshela','Urshela, Giovanny',5,570482,NULL,NULL),(5258,'Mookie Betts','Markus','Betts','Betts, Mookie',8,605141,5534,NULL),(5259,'Zach Walters','Zachary','Walters','Walters, Zach',4,595025,3670,NULL),(5260,'Jerry Blevins','Jerry','Blevins','Blevins, Jerry',1,460283,1832,NULL),(5261,'R.J. Alvarez','Roy','Alvarez','Alvarez, R.J.',1,571439,NULL,NULL),(5262,'Ryan Webb','Ryan','Webb','Webb, Ryan',1,444436,2308,NULL),(5263,'Chris Bassitt','Christopher','Bassitt','Bassitt, Chris',1,605135,NULL,NULL),(5264,'Tony Wolters','Anthony','Wolters','Wolters, Tony',2,547172,NULL,NULL),(5265,'Billy Burns','William','Burns','Burns, Billy',8,542993,5359,NULL),(5266,'Matt Adams','Matthew','Adams','Adams, Matt',3,571431,3841,NULL),(5267,'Eric Campbell','Eric','Campbell','Campbell, Eric',5,493472,3640,NULL),(5268,'Billy Butler','Billy','Butler','Butler, Billy',10,456714,1568,NULL),(5269,'Dean Anna','Dean','Anna','Anna, Dean',6,542883,3299,NULL),(5270,'Matt Belisle','Matthew','Belisle','Belisle, Matt',1,279571,945,NULL),(5271,'Mark Canha','Mark','Canha','Canha, Mark',7,592192,NULL,NULL),(5272,'Peter Bourjos','Peter','Bourjos','Bourjos, Peter',8,488721,2128,NULL),(5273,'Buddy Carlyle','Earl','Carlyle','Carlyle, Buddy',1,234194,NULL,NULL),(5274,'Matt Carpenter','Matthew','Carpenter','Carpenter, Matt',5,572761,3474,NULL),(5275,'Jesse Chavez','Jesse','Chavez','Chavez, Jesse',1,445926,2033,NULL),(5276,'Randy Choate','Randol','Choate','Choate, Randy',1,329092,571,NULL),(5277,'Tyler Clippard','Tyler','Clippard','Clippard, Tyler',1,461325,1636,NULL),(5278,'Xander Bogaerts','Xander','Bogaerts','Bogaerts, Xander',6,593428,4087,NULL),(5279,'Tim Cooney','Timothy','Cooney','Cooney, Tim',1,608641,NULL,NULL),(5280,'Bartolo Colon','Bartolo','Colon','Colon, Bartolo',1,112526,293,NULL),(5281,'Ryan Cook','Ryan','Cook','Cook, Ryan',1,475857,4018,NULL),(5282,'Tony Cruz','Arnoldi','Cruz','Cruz, Tony',2,488810,4069,NULL),(5283,'Coco Crisp','Covelli','Crisp','Crisp, Coco',7,424825,793,NULL),(5284,'Jackie Bradley Jr.','Jackie','Bradley','Bradley Jr., Jackie',8,598265,4847,NULL),(5285,'Michael Cuddyer','Michael','Cuddyer','Cuddyer, Michael',7,150212,627,NULL),(5286,'Bryce Brentz','Bryce','Brentz','Brentz, Bryce',9,518490,3939,NULL),(5287,'Travis d\'Arnaud','Travis','d\'Arnaud','d\'Arnaud, Travis',2,518595,2984,NULL),(5288,'Craig Breslow','Craig','Breslow','Breslow, Craig',1,444520,1252,NULL),(5289,'Jacob deGrom','Jacob','deGrom','deGrom, Jacob',1,594798,5295,'Jacob DeGrom'),(5290,'Ike Davis','Isaac','Davis','Davis, Ike',3,477195,2920,NULL),(5291,'Clay Buchholz','Clay','Buchholz','Buchholz, Clay',1,453329,1774,NULL),(5292,'Lucas Duda','Lucas','Duda','Duda, Lucas',3,446263,3392,NULL),(5293,'Rusney Castillo','Rusney','Castillo','Castillo, Rusney',8,628329,6128,NULL),(5294,'Jeurys Familia','Jeurys','Familia','Familia, Jeurys',1,544727,4168,NULL),(5295,'Garin Cecchini','Garin','Cecchini','Cecchini, Garin',5,594555,4600,NULL),(5296,'Wilmer Flores','Wilmer','Flores','Flores, Wilmer',6,527038,3024,NULL),(5297,'Sean Coyle','Sean','Coyle','Coyle, Sean',4,592231,NULL,NULL),(5298,'Sean Doolittle','Sean','Doolittle','Doolittle, Sean',1,448281,3421,NULL),(5299,'Aledmys Diaz','Aledmys','Diaz','Diaz, Aledmys',6,649557,5895,NULL),(5300,'Allen Craig','Allen','Craig','Craig, Allen',9,501800,2745,NULL),(5301,'Dillon Gee','Dillon','Gee','Gee, Dillon',1,518716,2407,NULL),(5302,'Edwin Escobar','Edwin','Escobar','Escobar, Edwin',1,546276,5154,NULL),(5303,'Sean Gilmartin','Sean','Gilmartin','Gilmartin, Sean',1,543219,NULL,NULL),(5304,'Nate Freiman','Nathan','Freiman','Freiman, Nate',3,474384,3135,NULL),(5305,'Ryan Hanigan','Ryan','Hanigan','Hanigan, Ryan',2,452672,1816,NULL),(5306,'Erik Goeddel','Erik','Goeddel','Goeddel, Erik',1,592340,4221,NULL),(5307,'Curtis Granderson','Curtis','Granderson','Granderson, Curtis',9,434158,1103,NULL),(5308,'Heath Hembree','Richard','Hembree','Hembree, Heath',1,592390,4314,NULL),(5309,'Sam Fuld','Samuel','Fuld','Fuld, Sam',8,453539,1823,NULL),(5310,'Dalier Hinojosa','Dalier','Hinojosa','Hinojosa, Dalier',1,648737,NULL,NULL),(5311,'Matt Harvey','Matthew','Harvey','Harvey, Matt',1,518774,3686,NULL),(5312,'Craig Gentry','Craig','Gentry','Gentry, Craig',7,502226,2700,NULL),(5313,'Brock Holt','Brock','Holt','Holt, Brock',5,571788,3285,NULL),(5314,'Dilson Herrera','Dilson','Herrera','Herrera, Dilson',4,599096,NULL,NULL),(5315,'Ed Easley','Edward','Easley','Easley, Ed',2,446225,NULL,NULL),(5316,'Kendall Graveman','Kendall','Graveman','Graveman, Kendall',1,608665,NULL,NULL),(5317,'Joe Kelly','Joseph','Kelly','Kelly, Joe',1,523260,4465,NULL),(5318,'Greg Garcia','Greg','Garcia','Garcia, Greg',4,594824,4688,NULL),(5319,'Juan Lagares','Juan','Lagares','Lagares, Juan',8,501571,3895,NULL),(5320,'Sonny Gray','Sonny','Gray','Gray, Sonny',1,543243,4555,NULL),(5321,'Jaime Garcia','Jaime','Garcia','Garcia, Jaime',1,448802,1997,NULL),(5322,'Jesse Hahn','Jesse','Hahn','Hahn, Jesse',1,534910,5613,NULL),(5323,'Tommy Layne','Thomas','Layne','Layne, Tommy',1,518927,2976,NULL),(5324,'Marco Gonzales','Marco','Gonzales','Gonzales, Marco',1,594835,5661,NULL),(5325,'Scott Kazmir','Scott','Kazmir','Kazmir, Scott',1,431148,980,NULL),(5326,'Jack Leathersich','John','Leathersich','Leathersich, Jack',1,605333,NULL,NULL),(5327,'Nick Greenwood','Nicholas','Greenwood','Greenwood, Nick',1,572889,4531,NULL),(5328,'Sandy Leon','Sandy','Leon','Leon, Sandy',2,506702,4576,NULL),(5329,'Tyler Ladendorf','Tyler','Ladendorf','Ladendorf, Tyler',4,502285,NULL,NULL),(5330,'Randal Grichuk','Randal','Grichuk','Grichuk, Randal',8,545341,3884,NULL),(5331,'Brett Lawrie','Brett','Lawrie','Lawrie, Brett',5,543434,3047,NULL),(5332,'Steven Matz','Steven','Matz','Matz, Steven',1,571927,NULL,NULL),(5333,'Mitch Harris','Mitchell','Harris','Harris, Mitch',1,518771,NULL,NULL),(5334,'Arnold Leon','Alex','Leon','Leon, Arnold',1,504186,2185,NULL),(5335,'Justin Masterson','Justin','Masterson','Masterson, Justin',1,475416,1888,NULL),(5336,'John Mayberry Jr.','John','Mayberry','Mayberry Jr., John',7,460055,2317,'John Mayberry Jr.'),(5337,'Jason Heyward','Jason','Heyward','Heyward, Jason',9,518792,2194,NULL),(5338,'Max Muncy','Maxwell','Muncy','Muncy, Max',3,571970,NULL,NULL),(5339,'Matt Holliday','Matthew','Holliday','Holliday, Matt',7,407812,997,NULL),(5340,'Wade Miley','Wade','Miley','Miley, Wade',1,489119,3556,NULL),(5341,'Jon Jay','Jonathan','Jay','Jay, Jon',8,445055,2222,NULL),(5342,'Sean Nolin','Sean','Nolin','Nolin, Sean',1,543594,5205,NULL),(5343,'Edward Mujica','Edward','Mujica','Mujica, Edward',1,465629,1411,NULL),(5344,'Ty Kelly','Tyler','Kelly','Kelly, Ty',4,571841,NULL,NULL),(5345,'Rafael Montero','Rafael','Montero','Montero, Rafael',1,606160,5125,NULL),(5346,'Renato Nunez','Renato','Nunez','Nunez, Renato',5,600524,NULL,NULL),(5347,'Pete Kozma','Peter','Kozma','Kozma, Pete',6,518902,2834,NULL),(5348,'Eric O\'Flaherty','Eric','O\'Flaherty','O\'Flaherty, Eric',1,447714,1439,NULL),(5349,'Mike Napoli','Michael','Napoli','Napoli, Mike',3,435063,1373,NULL),(5350,'John Lackey','John','Lackey','Lackey, John',1,407793,781,NULL),(5351,'Dan Otero','Daniel','Otero','Otero, Dan',1,519096,4502,NULL),(5352,'Daniel Nava','Daniel','Nava','Nava, Daniel',9,537953,3362,NULL),(5353,'Lance Lynn','Michael','Lynn','Lynn, Lance',1,458681,3257,NULL),(5354,'Akeel Morris','Akeel','Morris','Morris, Akeel',1,592570,NULL,NULL),(5355,'Alexi Ogando','Alexi','Ogando','Ogando, Alexi',1,468396,2937,NULL),(5356,'Danny Muno','Daniel','Muno','Muno, Danny',4,594940,NULL,NULL),(5357,'David Ortiz','David','Ortiz','Ortiz, David',10,120074,343,NULL),(5358,'Jarrod Parker','Jarrod','Parker','Parker, Jarrod',1,519105,2595,NULL),(5359,'Daniel Murphy','Daniel','Murphy','Murphy, Daniel',4,502517,2013,NULL),(5360,'Dustin Pedroia','Dustin','Pedroia','Pedroia, Dustin',4,456030,1271,NULL),(5361,'Jon Niese','Jonathon','Niese','Niese, Jon',1,477003,2057,'Jonathon Niese'),(5362,'Rick Porcello','Frederick','Porcello','Porcello, Rick',1,519144,2271,NULL),(5363,'Kirk Nieuwenhuis','Kirk','Nieuwenhuis','Nieuwenhuis, Kirk',8,543590,2901,NULL),(5364,'Hanley Ramirez','Hanley','Ramirez','Ramirez, Hanley',7,434670,1130,NULL),(5365,'Bobby Parnell','Robert','Parnell','Parnell, Bobby',1,458730,2058,NULL),(5366,'Eduardo Rodriguez','Eduardo','Rodriguez','Rodriguez, Eduardo',1,593958,NULL,NULL),(5367,'Kevin Plawecki','Kevin','Plawecki','Plawecki, Kevin',2,608700,NULL,NULL),(5368,'Tyler Lyons','Tyler','Lyons','Lyons, Tyler',1,544928,5136,NULL),(5369,'Robbie Ross Jr.','Robert','Ross','Ross Jr., Robbie',1,543726,4525,NULL),(5370,'Josh Phegley','Joshua','Phegley','Phegley, Josh',2,572033,2992,NULL),(5371,'Cesar Puello','Cesar','Puello','Puello, Cesar',9,527049,3761,NULL),(5372,'Pablo Sandoval','Pablo','Sandoval','Sandoval, Pablo',5,467055,2025,NULL),(5373,'Drew Pomeranz','Thomas','Pomeranz','Pomeranz, Drew',1,519141,3469,NULL),(5374,'Travis Shaw','Travis','Shaw','Shaw, Travis',3,543768,NULL,NULL),(5375,'Anthony Recker','Anthony','Recker','Recker, Anthony',2,489232,2609,NULL),(5376,'Rangel Ravelo','Rangel','Ravelo','Ravelo, Rangel',3,592660,NULL,NULL),(5377,'Zeke Spruill','Ezekiel','Spruill','Spruill, Zeke',1,543809,4114,NULL),(5378,'Josh Reddick','William','Reddick','Reddick, Josh',9,502210,2489,NULL),(5379,'Blake Swihart','Blake','Swihart','Swihart, Blake',2,596119,NULL,NULL),(5380,'Hansel Robles','Hansel','Robles','Robles, Hansel',1,570663,5163,NULL),(5381,'Seth Maness','Michael','Maness','Maness, Seth',1,595307,5134,NULL),(5382,'Junichi Tazawa','Junichi','Tazawa','Tazawa, Junichi',1,547749,2365,NULL),(5383,'Cody Ross','Cody','Ross','Ross, Cody',9,425496,845,NULL),(5384,'Noah Syndergaard','Noah','Syndergaard','Syndergaard, Noah',1,592789,4209,NULL),(5385,'Koji Uehara','Koji','Uehara','Uehara, Koji',1,493157,2398,NULL),(5386,'Ruben Tejada','Ruben','Tejada','Tejada, Ruben',6,514913,2568,NULL),(5387,'Evan Scribner','Evan','Scribner','Scribner, Evan',1,519267,3429,NULL),(5388,'Carlos Martinez','Carlos','Martinez','Martinez, Carlos',1,593372,3819,NULL),(5389,'Marcus Semien','Marcus','Semien','Semien, Marcus',6,543760,4622,NULL),(5390,'Yadier Molina','Yadier','Molina','Molina, Yadier',2,425877,1019,NULL),(5391,'Alex Torres','Alexander','Torres','Torres, Alex',1,456776,3587,NULL),(5392,'Chad Smith','Chad','Smith','Smith, Chad',1,605477,NULL,NULL),(5393,'Mike Ohlman','Michael','Ohlman','Ohlman, Mike',2,572000,0,NULL),(5394,'Eric Sogard','Eric','Sogard','Sogard, Eric',4,519299,2642,NULL),(5395,'Carlos Torres','Carlos','Torres','Torres, Carlos',1,448614,2602,NULL),(5396,'Jhonny Peralta','Jhonny','Peralta','Peralta, Jhonny',6,425509,895,NULL),(5397,'Wilfredo Tovar','Wilfredo','Tovar','Tovar, Wilfredo',4,541600,4667,NULL),(5398,'Stephen Vogt','Stephen','Vogt','Vogt, Stephen',2,519390,3494,NULL),(5399,'Mark Reynolds','Mark','Reynolds','Reynolds, Mark',3,448602,1704,NULL),(5400,'Shane Victorino','Shane','Victorino','Victorino, Shane',9,425664,848,NULL),(5401,'Ben Zobrist','Benjamin','Zobrist','Zobrist, Ben',4,450314,1433,NULL),(5402,'Trevor Rosenthal','Trevor','Rosenthal','Rosenthal, Trevor',1,572096,4418,NULL),(5403,'David Wright','David','Wright','Wright, David',5,431151,1044,NULL),(5404,'Xavier Scruggs','Xavier','Scruggs','Scruggs, Xavier',3,489305,NULL,NULL),(5405,'Brett Anderson','Brett','Anderson','Anderson, Brett',1,474463,2316,NULL),(5406,'Gabriel Ynoa','Gabriel','Ynoa','Ynoa, Gabriel',1,593679,NULL,NULL),(5407,'Kevin Siegrist','Kevin','Siegrist','Siegrist, Kevin',1,543779,4533,NULL),(5408,'Pedro Baez','Pedro','Baez','Baez, Pedro',1,520980,3102,NULL),(5409,'Miguel Socolovich','Miguel','Socolovich','Socolovich, Miguel',1,462515,NULL,NULL),(5410,'Scott Baker','Timothy','Baker','Baker, Scott',1,435044,1177,NULL),(5411,'Cody Stanley','Cody','Stanley','Stanley, Cody',2,592774,NULL,NULL),(5412,'Austin Barnes','Austin','Barnes','Barnes, Austin',2,605131,NULL,NULL),(5413,'Sam Tuivailala','Samuel','Tuivailala','Tuivailala, Sam',1,592815,NULL,NULL),(5414,'Darwin Barney','Darwin','Barney','Barney, Darwin',4,446381,2200,NULL),(5415,'Carlos Villanueva','Carlos','Villanueva','Villanueva, Carlos',1,453646,1388,NULL),(5416,'Pedro Alvarez','Pedro','Alvarez','Alvarez, Pedro',3,476883,2269,NULL),(5417,'Mike Bolsinger','Michael','Bolsinger','Bolsinger, Mike',1,502211,5233,NULL),(5418,'Michael Wacha','Michael','Wacha','Wacha, Michael',1,608379,5135,NULL),(5419,'Daniel Coulombe','Daniel','Coulombe','Coulombe, Daniel',1,543056,NULL,NULL),(5420,'Jordan Walden','Jordan','Walden','Walden, Jordan',1,477229,2133,NULL),(5421,'Kolten Wong','Kolten','Wong','Wong, Kolten',4,543939,4535,NULL),(5422,'Brandon Workman','Brandon','Workman','Workman, Brandon',1,519443,5470,NULL),(5423,'Steven Wright','Steven','Wright','Wright, Steven',1,453214,5081,NULL),(5424,'Antonio Bastardo','Antonio','Bastardo','Bastardo, Antonio',1,455374,2374,NULL),(5425,'Al Alburquerque','Alberto','Alburquerque','Alburquerque, Al',1,456379,2870,NULL),(5426,'Carl Crawford','Carl','Crawford','Crawford, Carl',7,408307,741,NULL),(5427,'Aaron Barrett','Aaron','Barrett','Barrett, Aaron',1,502578,5500,NULL),(5428,'A.J. Burnett','Allan','Burnett','Burnett, A.J.',1,150359,491,NULL),(5429,'Alex Avila','Alexander','Avila','Avila, Alex',2,488671,2383,NULL),(5430,'Arquimedes Caminero','Arquimedes','Caminero','Caminero, Arquimedes',1,491708,3438,NULL),(5431,'Dan Butler','Daniel','Butler','Butler, Dan',2,576788,3706,'Daniel Butler'),(5432,'Wynton Bernard','Wynton','Bernard','Bernard, Wynton',8,592144,NULL,NULL),(5433,'Francisco Cervelli','Francisco','Cervelli','Cervelli, Francisco',2,465041,2089,NULL),(5434,'Miguel Cabrera','Jose','Cabrera','Cabrera, Miguel',3,408234,897,NULL),(5435,'Gerrit Cole','Gerrit','Cole','Cole, Gerrit',1,543037,4554,NULL),(5436,'A.J. Cole','Andrew','Cole','Cole, A.J.',1,595918,4076,NULL),(5437,'Nick Castellanos','Nicholas','Castellanos','Castellanos, Nick',5,592206,3656,NULL),(5438,'Eury De La Rosa','Eury','De La Rosa','De La Rosa, Eury',1,545001,5197,NULL),(5439,'Brandon Cumpton','Brandon','Cumpton','Cumpton, Brandon',1,592238,5588,NULL),(5440,'Erik Davis','Erik','Davis','Davis, Erik',1,458530,4080,NULL),(5441,'Yoenis Cespedes','Yoenis','Cespedes','Cespedes, Yoenis',7,493316,4553,NULL),(5442,'Jaff Decker','Jaff','Decker','Decker, Jaff',7,543094,3732,NULL),(5443,'Joba Chamberlain','Justin','Chamberlain','Chamberlain, Joba',1,501955,1767,NULL),(5444,'Matt den Dekker','Matt','den Dekker','den Dekker, Matt',8,544925,3662,NULL),(5445,'Elias Diaz','Elias','Diaz','Diaz, Elias',2,553869,NULL,NULL),(5446,'Tyler Collins','Tyler','Collins','Collins, Tyler',7,607385,4612,NULL),(5447,'Willy Garcia','Willy','Garcia','Garcia, Willy',9,591994,NULL,NULL),(5448,'Ian Desmond','Ian','Desmond','Desmond, Ian',6,435622,2215,NULL),(5449,'Rajai Davis','Rajai','Davis','Davis, Rajai',8,434658,1438,NULL),(5450,'A.J. Ellis','Andrew','Ellis','Ellis, A.J.',2,454560,2074,NULL),(5451,'Alen Hanson','Alen','Hanson','Hanson, Alen',6,593700,5050,NULL),(5452,'Wilmer Difo','Wilmer','Difo','Difo, Wilmer',6,594694,NULL,NULL),(5453,'Buck Farmer','George','Farmer','Farmer, Buck',1,571656,NULL,NULL),(5454,'Andre Ethier','Andre','Ethier','Ethier, Andre',9,444843,1333,NULL),(5455,'Yunel Escobar','Yunel','Escobar','Escobar, Yunel',5,488862,1604,NULL),(5456,'Josh Harrison','Joshua','Harrison','Harrison, Josh',5,543281,4070,NULL),(5457,'Daniel Fields','Daniel','Fields','Fields, Daniel',8,571665,3653,NULL),(5458,'Carlos Frias','Carlos','Frias','Frias, Carlos',1,516910,NULL,NULL),(5459,'Tom Gorzelanny','Thomas','Gorzelanny','Gorzelanny, Tom',1,452733,1311,NULL),(5460,'Danny Espinosa','Daniel','Espinosa','Espinosa, Danny',4,457787,3018,NULL),(5461,'Yimi Garcia','Yimi','Garcia','Garcia, Yimi',1,554340,NULL,NULL),(5462,'Doug Fister','Douglas','Fister','Fister, Doug',1,450729,2694,NULL),(5463,'Anthony Gose','Anthony','Gose','Gose, Anthony',8,543238,3510,NULL),(5464,'Adrian Gonzalez','Adrian','Gonzalez','Gonzalez, Adrian',3,408236,846,NULL),(5465,'Corey Hart','Jon','Hart','Hart, Corey',3,430611,1013,NULL),(5466,'Gio Gonzalez','Giovany','Gonzalez','Gonzalez, Gio',1,461829,1878,NULL),(5467,'Shane Greene','Shane','Greene','Greene, Shane',1,572888,5200,NULL),(5468,'Yasmani Grandal','Yasmani','Grandal','Grandal, Yasmani',2,518735,3389,NULL),(5469,'Brian Goodwin','Brian','Goodwin','Goodwin, Brian',8,571718,4650,NULL),(5470,'Blaine Hardy','Blaine','Hardy','Hardy, Blaine',1,543278,3252,NULL),(5471,'Zack Greinke','Donald','Greinke','Greinke, Zack',1,425844,957,NULL),(5472,'Matt Grace','Matthew','Grace','Grace, Matt',1,594840,NULL,NULL),(5473,'Alex Guerrero','Alexander','Guerrero','Guerrero, Alex',5,648717,5601,NULL),(5474,'Bryan Holaday','John','Holaday','Holaday, Bryan',2,592407,4434,NULL),(5475,'Bryce Harper','Bryce','Harper','Harper, Bryce',9,547180,3390,NULL),(5476,'Chris Hatcher','David','Hatcher','Hatcher, Chris',1,501822,3051,NULL),(5477,'Jose Iglesias','Jose','Iglesias','Iglesias, Jose',6,578428,2711,NULL),(5478,'John Holdzkom','John','Holdzkom','Holdzkom, John',1,458720,NULL,NULL),(5479,'Chris Heisey','Chris','Heisey','Heisey, Chris',8,502317,2895,NULL),(5480,'Ian Kinsler','Ian','Kinsler','Kinsler, Ian',4,435079,1132,NULL),(5481,'Enrique Hernandez','Enrique','Hernandez','Hernandez, Enrique',8,571771,NULL,NULL),(5482,'Ian Krol','Ian','Krol','Krol, Ian',1,571871,4357,NULL),(5483,'Taylor Hill','David','Hill','Hill, Taylor',1,592398,NULL,NULL),(5484,'Casey Janssen','Robert','Janssen','Janssen, Casey',1,445163,1367,NULL),(5485,'Kyle Lobstein','Kyle','Lobstein','Lobstein, Kyle',1,543456,4232,NULL),(5486,'J.P. Howell','James','Howell','Howell, J.P.',1,434442,1215,NULL),(5487,'Reed Johnson','Reed','Johnson','Johnson, Reed',7,407862,873,NULL),(5488,'Kenley Jansen','Kenley','Jansen','Jansen, Kenley',1,445276,2648,NULL),(5489,'Dixon Machado','Dixon','Machado','Machado, Dixon',6,553988,3657,NULL),(5490,'Taylor Jordan','Taylor','Jordan','Jordan, Taylor',1,518863,4181,NULL),(5491,'Jared Hughes','William','Hughes','Hughes, Jared',1,453172,4033,NULL),(5492,'Howie Kendrick','Howie','Kendrick','Kendrick, Howie',4,435062,1365,NULL),(5493,'Jose Lobaton','Jose','Lobaton','Lobaton, Jose',2,446653,2230,NULL),(5494,'Jung Ho Kang','Jung Ho','Kang','Kang, Jung Ho',6,628356,NULL,NULL),(5495,'J.D. Martinez','Julio','Martinez','Martinez, J.D.',9,502110,3527,NULL),(5496,'Clayton Kershaw','Clayton','Kershaw','Kershaw, Clayton',1,477132,1879,NULL),(5497,'Nick Kingham','Nicholas','Kingham','Kingham, Nick',1,592468,NULL,NULL),(5498,'Bobby LaFromboise','Robert','LaFromboise','LaFromboise, Bobby',1,489039,5565,NULL),(5499,'Victor Martinez','Victor','Martinez','Martinez, Victor',10,400121,725,NULL),(5500,'Zach Lee','Zachary','Lee','Lee, Zach',1,545346,3739,NULL),(5501,'James McCann','James','McCann','McCann, James',2,543510,NULL,NULL),(5502,'Andrew Lambo','Andrew','Lambo','Lambo, Andrew',9,518911,3104,NULL),(5503,'Francisco Liriano','Francisco','Liriano','Liriano, Francisco',1,434538,1145,NULL),(5504,'Adam Liberatore','Adam','Liberatore','Liberatore, Adam',1,571893,NULL,NULL),(5505,'Steven Moya','Steven','Moya','Moya, Steven',9,570615,4737,NULL),(5506,'Rafael Martin','Rafael','Martin','Martin, Rafael',1,514669,NULL,NULL),(5507,'Joe Nathan','Joseph','Nathan','Nathan, Joe',1,150274,441,NULL),(5508,'Juan Nicasio','Juan','Nicasio','Nicasio, Juan',1,504379,2887,NULL),(5509,'Radhames Liz','Radhames','Liz','Liz, Radhames',1,467785,NULL,NULL),(5510,'Angel Nesbitt','Angel','Nesbitt','Nesbitt, Angel',1,553970,NULL,NULL),(5511,'Jeff Locke','Jeffrey','Locke','Locke, Jeff',1,502046,3530,NULL),(5512,'Joc Pederson','Joc','Pederson','Pederson, Joc',8,592626,3876,NULL),(5513,'Hernan Perez','Hernan','Perez','Perez, Hernan',4,541650,3328,NULL),(5514,'Starling Marte','Starling','Marte','Marte, Starling',7,516782,3274,NULL),(5515,'Joel Peralta','Joel','Peralta','Peralta, Joel',1,407908,1197,NULL),(5516,'Nate McLouth','Nathan','McLouth','McLouth, Nate',7,434661,1152,NULL),(5517,'David Price','David','Price','Price, David',1,456034,1864,NULL),(5518,'Andrew McCutchen','Andrew','McCutchen','McCutchen, Andrew',8,457705,1643,NULL),(5519,'Andrew Romine','Andrew','Romine','Romine, Andrew',5,461865,2137,NULL),(5520,'Tyler Moore','Tyler','Moore','Moore, Tyler',7,489138,3032,NULL),(5521,'Yasiel Puig','Yasiel','Puig','Puig, Yasiel',9,624577,5068,NULL),(5522,'Mark Melancon','Mark','Melancon','Melancon, Mark',1,453343,2174,NULL),(5523,'Bruce Rondon','Bruce','Rondon','Rondon, Bruce',1,541652,4416,NULL),(5524,'Chris Reed','Christopher','Reed','Reed, Chris',1,607068,NULL,NULL),(5525,'Jordy Mercer','Jordy','Mercer','Mercer, Jordy',6,474568,3093,NULL),(5526,'Kyle Ryan','Kyle','Ryan','Ryan, Kyle',1,594986,NULL,NULL),(5527,'Charlie Morton','Charles','Morton','Morton, Charlie',1,450203,1970,NULL),(5528,'Anibal Sanchez','Anibal','Sanchez','Sanchez, Anibal',1,434671,1324,NULL),(5529,'Paco Rodriguez','Steven','Rodriguez','Rodriguez, Paco',1,572089,5073,NULL),(5530,'Gregory Polanco','Gregory','Polanco','Polanco, Gregory',9,570256,5447,NULL),(5531,'Alfredo Simon','Alfredo','Simon','Simon, Alfredo',1,430580,1641,NULL),(5532,'Jimmy Rollins','James','Rollins','Rollins, Jimmy',6,276519,539,NULL),(5533,'Wilson Ramos','Wilson','Ramos','Ramos, Wilson',2,467092,2467,NULL),(5534,'Sean Rodriguez','Sean','Rodriguez','Rodriguez, Sean',4,446481,1918,NULL),(5535,'Anthony Rendon','Anthony','Rendon','Rendon, Anthony',5,543685,4573,NULL),(5536,'Hyun-Jin Ryu','Hyun-Jin','Ryu','Ryu, Hyun-Jin',1,547943,5078,NULL),(5537,'Felipe Rivero','Felipe','Rivero','Rivero, Felipe',1,553878,5052,NULL),(5538,'Sergio Santos','Sergio','Santos','Santos, Sergio',1,435045,2192,NULL),(5539,'Casey Sadler','Casey','Sadler','Sadler, Casey',1,594987,5610,NULL),(5540,'Tanner Roark','Tanner','Roark','Roark, Tanner',1,543699,5061,NULL),(5541,'Clint Robinson','Clinton','Robinson','Robinson, Clint',7,519208,NULL,NULL),(5542,'Tony Sanchez','Jorge','Sanchez','Sanchez, Tony',2,506997,2972,NULL),(5543,'Scott Schebler','Scott','Schebler','Schebler, Scott',7,594988,NULL,NULL),(5544,'Joakim Soria','Joakim','Soria','Soria, Joakim',1,465657,1630,NULL),(5545,'Max Scherzer','Maxwell','Scherzer','Scherzer, Max',1,453286,1870,NULL),(5546,'Justin Turner','Justin','Turner','Turner, Justin',5,457759,2209,NULL),(5547,'Rob Scahill','Robert','Scahill','Scahill, Rob',1,543746,4398,NULL),(5548,'Sammy Solis','Samuel','Solis','Solis, Sammy',1,519301,3503,NULL),(5549,'Denard Span','Keiunta','Span','Span, Denard',8,452655,1907,NULL),(5550,'Juan Uribe','Juan','Uribe','Uribe, Juan',5,346874,653,NULL),(5551,'Craig Stammen','Craig','Stammen','Stammen, Craig',1,489334,2677,NULL),(5552,'Justin Sellers','Justin','Sellers','Sellers, Justin',6,451088,2544,NULL),(5553,'Drew Storen','Drew','Storen','Storen, Drew',1,519322,2922,NULL),(5554,'Scott Van Slyke','Scott','Van Slyke','Van Slyke, Scott',7,475100,3128,NULL),(5555,'Chris Stewart','Chris','Stewart','Stewart, Chris',2,455755,1458,NULL),(5556,'Stephen Strasburg','Stephen','Strasburg','Strasburg, Stephen',1,544931,2698,NULL),(5557,'Michael Taylor','Michael','Taylor','Taylor, Michael',8,572191,NULL,NULL),(5558,'Jameson Taillon','Jameson','Taillon','Taillon, Jameson',1,592791,3731,NULL),(5559,'Joe Wieland','Joseph','Wieland','Wieland, Joe',1,543921,4330,NULL),(5560,'Jose Valdez','Jose','Valdez','Valdez, Jose',1,572308,2716,NULL),(5561,'Neil Walker','Neil','Walker','Walker, Neil',4,435522,2202,NULL),(5562,'Hanser Alberto','Hanser','Alberto','Alberto, Hanser',6,593643,NULL,NULL),(5563,'Tony Watson','Anthony','Watson','Watson, Tony',1,453265,3997,NULL),(5564,'Matt Thornton','Matthew','Thornton','Thornton, Matt',1,407819,925,NULL),(5565,'Drew VerHagen','Drew','VerHagen','VerHagen, Drew',1,572403,NULL,NULL),(5566,'Vance Worley','Vance','Worley','Worley, Vance',1,474699,3382,NULL),(5567,'Jorge Alfaro','Jorge','Alfaro','Alfaro, Jorge',2,595751,4214,NULL),(5568,'Justin Verlander','Justin','Verlander','Verlander, Justin',1,434378,1233,NULL),(5569,'Alex Wilson','William','Wilson','Wilson, Alex',1,543935,4034,NULL),(5570,'Elvis Andrus','Elvis','Andrus','Andrus, Elvis',6,462101,2416,NULL),(5571,'Blake Treinen','Blake','Treinen','Treinen, Blake',1,595014,4662,NULL),(5572,'A.J. Achter','Adam','Achter','Achter, A.J.',1,592091,NULL,NULL),(5573,'Josh Zeid','Joshua','Zeid','Zeid, Josh',1,473646,4243,'Joshua Zeid'),(5574,'Anthony Bass','Anthony','Bass','Bass, Anthony',1,542914,3608,NULL),(5575,'Oswaldo Arcia','Oswaldo','Arcia','Arcia, Oswaldo',7,542455,3735,NULL),(5576,'Adrian Beltre','Adrian','Beltre','Beltre, Adrian',5,134181,386,NULL),(5577,'Andrew Albers','Andrew','Albers','Albers, Andrew',1,452027,5251,NULL),(5578,'Dan Uggla','Daniel','Uggla','Uggla, Dan',4,462564,1318,NULL),(5579,'Blaine Boyer','Blaine','Boyer','Boyer, Blaine',1,430641,1217,NULL),(5580,'Jayson Aquino','Jayson','Aquino','Aquino, Jayson',1,593969,NULL,NULL),(5581,'Kyle Blanks','Kyle','Blanks','Blanks, Kyle',3,452035,2418,NULL),(5582,'Logan Darnell','Logan','Darnell','Darnell, Logan',1,592244,4164,NULL),(5583,'Jose Bautista','Jose','Bautista','Bautista, Jose',9,430832,961,NULL),(5584,'Brian Dozier','James','Dozier','Dozier, Brian',4,572821,3468,NULL),(5585,'Robinson Chirinos','Robinson','Chirinos','Chirinos, Robinson',2,455139,2803,NULL),(5586,'Jayson Werth','Jayson','Werth','Werth, Jayson',7,150029,542,NULL),(5587,'Michael Choice','Michael','Choice','Choice, Michael',7,574831,4432,NULL),(5588,'Mark Buehrle','Mark','Buehrle','Buehrle, Mark',1,279824,574,NULL),(5589,'Brian Duensing','Brian','Duensing','Duensing, Brian',1,488846,1877,NULL),(5590,'Ezequiel Carrera','Ezequiel','Carrera','Carrera, Ezequiel',8,485567,NULL,NULL),(5591,'Shin-Soo Choo','Shin-Soo','Choo','Choo, Shin-Soo',9,425783,1140,NULL),(5592,'Eduardo Escobar','Eduardo','Escobar','Escobar, Eduardo',7,500871,3044,NULL),(5593,'Miguel Castro','Miguel','Castro','Castro, Miguel',1,612434,NULL,NULL),(5594,'Ryan Zimmerman','Ryan','Zimmerman','Zimmerman, Ryan',3,475582,1267,NULL),(5595,'Alex Claudio','Alexander','Claudio','Claudio, Alex',1,592222,NULL,NULL),(5596,'Casey Fien','Casey','Fien','Fien, Casey',1,502272,2148,NULL),(5597,'Brett Cecil','Brett','Cecil','Cecil, Brett',1,446399,2669,NULL),(5598,'Carlos Corporan','Carlos','Corporan','Corporan, Carlos',2,449786,2161,NULL),(5599,'Jordan Zimmermann','Jordan','Zimmermann','Zimmermann, Jordan',1,519455,2512,NULL),(5600,'Kyle Gibson','Kyle','Gibson','Gibson, Kyle',1,502043,3515,NULL),(5601,'Scott Copeland','Scott','Copeland','Copeland, Scott',1,571577,NULL,NULL),(5602,'Delino DeShields','Delino','DeShields','DeShields, Delino',7,592261,3842,NULL),(5603,'J.R. Graham','Johnathan','Graham','Graham, J.R.',1,543242,NULL,NULL),(5604,'Matt Andriese','Matthew','Andriese','Andriese, Matt',1,542882,NULL,NULL),(5605,'Steve Delabar','Steven','Delabar','Delabar, Steve',1,447755,4493,NULL),(5606,'Chris Herrmann','Christopher','Herrmann','Herrmann, Chris',2,543302,4471,NULL),(5607,'Chris Archer','Christopher','Archer','Archer, Chris',1,502042,3462,NULL),(5608,'Ross Detwiler','Ross','Detwiler','Detwiler, Ross',1,446321,1812,NULL),(5609,'Jonathan Diaz','Jonathan','Diaz','Diaz, Jonathan',6,502409,3142,NULL),(5610,'Aaron Hicks','Aaron','Hicks','Hicks, Aaron',8,543305,3726,NULL),(5611,'Tim Beckham','Timothy','Beckham','Beckham, Tim',4,542921,2515,NULL),(5612,'Jon Edwards','Jonathan','Edwards','Edwards, Jon',1,457754,NULL,NULL),(5613,'Phil Hughes','Philip','Hughes','Hughes, Phil',1,461833,1580,NULL),(5614,'R.A. Dickey','Robert','Dickey','Dickey, R.A.',1,285079,658,NULL),(5615,'Brad Boxberger','Bradley','Boxberger','Boxberger, Brad',1,502202,3981,NULL),(5616,'Jerad Eickhoff','Jerad','Eickhoff','Eickhoff, Jerad',1,595191,NULL,NULL),(5617,'Torii Hunter','Torii','Hunter','Hunter, Torii',9,116338,331,NULL),(5618,'Ryan Brett','Ryan','Brett','Brett, Ryan',4,592166,NULL,NULL),(5619,'Neftali Feliz','Neftali','Feliz','Feliz, Neftali',1,491703,2424,NULL),(5620,'Max Kepler','Maximilian','Kepler','Kepler, Max',8,596146,4344,NULL),(5621,'Asdrubal Cabrera','Asdrubal','Cabrera','Cabrera, Asdrubal',6,452678,1613,NULL),(5622,'Prince Fielder','Prince','Fielder','Fielder, Prince',3,425902,978,NULL),(5623,'Joe Mauer','Joseph','Mauer','Mauer, Joe',3,408045,824,NULL),(5624,'Josh Donaldson','Joshua','Donaldson','Donaldson, Josh',5,518626,2197,NULL),(5625,'Curt Casali','Curtis','Casali','Casali, Curt',2,592200,NULL,NULL),(5626,'Trevor May','Trevor','May','May, Trevor',1,543507,3736,NULL),(5627,'Kyuji Fujikawa','Kyuji','Fujikawa','Fujikawa, Kyuji',1,493117,5079,NULL),(5628,'Edwin Encarnacion','Edwin','Encarnacion','Encarnacion, Edwin',3,429665,969,NULL),(5629,'Xavier Cedeno','Xavier','Cedeno','Cedeno, Xavier',1,458584,4498,NULL),(5630,'Yovani Gallardo','Yovani','Gallardo','Gallardo, Yovani',1,451596,1592,NULL),(5631,'Marco Estrada','Marco','Estrada','Estrada, Marco',1,462136,2028,NULL),(5632,'Alex Cobb','Alexander','Cobb','Cobb, Alex',1,502171,3548,NULL),(5633,'Josh Hamilton','Joshua','Hamilton','Hamilton, Josh',7,285078,650,NULL),(5634,'Alex Meyer','Alex','Meyer','Meyer, Alex',1,543542,4649,NULL),(5635,'Jeff Francis','Jeffrey','Francis','Francis, Jeff',1,433585,1045,NULL),(5636,'Tommy Milone','Tomaso','Milone','Milone, Tommy',1,543548,4186,NULL),(5637,'Alex Colome','Alexander','Colome','Colome, Alex',1,517008,3728,NULL),(5638,'Ricky Nolasco','Carlos','Nolasco','Nolasco, Ricky',1,445060,1342,NULL),(5639,'Luke Jackson','Luke','Jackson','Jackson, Luke',1,592426,NULL,NULL),(5640,'David DeJesus','David','DeJesus','DeJesus, David',10,430203,942,NULL),(5641,'Ryan Goins','Ryan','Goins','Goins, Ryan',6,572365,3033,NULL),(5642,'Eduardo Nunez','Eduardo','Nunez','Nunez, Eduardo',5,456488,2727,NULL),(5643,'Keone Kela','Keone','Kela','Kela, Keone',1,605309,NULL,NULL),(5644,'Jose Dominguez','Jose','Dominguez','Dominguez, Jose',1,523848,5592,NULL),(5645,'Preston Guilmet','Preston','Guilmet','Guilmet, Preston',1,543258,4273,NULL),(5646,'Jake Elmore','Jacob','Elmore','Elmore, Jake',4,518653,4656,NULL),(5647,'Phil Klein','Phil','Klein','Klein, Phil',1,607309,NULL,NULL),(5648,'Matt Hague','Matthew','Hague','Hague, Matt',3,518755,NULL,NULL),(5649,'Mike Pelfrey','Michael','Pelfrey','Pelfrey, Mike',1,460059,1415,NULL),(5650,'Logan Forsythe','John','Forsythe','Forsythe, Logan',4,523253,2967,NULL),(5651,'Colby Lewis','Colby','Lewis','Lewis, Colby',1,407890,1528,NULL),(5652,'Glen Perkins','Glen','Perkins','Perkins, Glen',1,450282,1334,NULL),(5653,'Liam Hendriks','Liam','Hendriks','Hendriks, Liam',1,521230,4231,NULL),(5654,'Nick Franklin','Nicholas','Franklin','Franklin, Nick',6,545338,3064,NULL),(5655,'Leonys Martin','Leonys','Martin','Martin, Leonys',8,547982,4066,NULL),(5656,'Drew Hutchison','Andrew','Hutchison','Hutchison, Drew',1,571800,3950,NULL),(5657,'Nick Martinez','Nicholas','Martinez','Martinez, Nick',1,607259,5878,NULL),(5658,'Colt Hynes','Joshua','Hynes','Hynes, Colt',1,518833,4042,NULL),(5659,'Ernesto Frieri','Ernesto','Frieri','Frieri, Ernesto',1,457117,2281,NULL),(5660,'Chad Jenkins','Stephen','Jenkins','Jenkins, Chad',1,554432,3004,NULL),(5661,'Grayson Garvin','Grayson','Garvin','Garvin, Grayson',1,543204,NULL,NULL),(5662,'Roman Mendez','Roman','Mendez','Mendez, Roman',1,542669,4223,NULL),(5663,'Josmil Pinto','Josmil','Pinto','Pinto, Josmil',2,500887,4325,NULL),(5664,'Steve Geltz','Steven','Geltz','Geltz, Steve',1,544993,NULL,NULL),(5665,'Mitch Moreland','Mitchell','Moreland','Moreland, Mitch',3,519048,2812,NULL),(5666,'A.J. Jimenez','Antonio','Jimenez','Jimenez, A.J.',2,543362,3512,NULL),(5667,'Brandon Gomes','Brandon','Gomes','Gomes, Brandon',1,460156,3428,NULL),(5668,'Trevor Plouffe','Trevor','Plouffe','Plouffe, Trevor',5,461858,2171,NULL),(5669,'Rougned Odor','Rougned','Odor','Odor, Rougned',4,596059,4646,NULL),(5670,'Aaron Loup','Aaron','Loup','Loup, Aaron',1,571901,4883,NULL),(5671,'Spencer Patton','Spencer','Patton','Patton, Spencer',1,607359,NULL,NULL),(5672,'Russell Martin','Russell','Martin','Martin, Russell',2,431145,1268,NULL),(5673,'Jorge Polanco','Jorge','Polanco','Polanco, Jorge',6,593871,5013,NULL),(5674,'Brandon Guyer','Brandon','Guyer','Guyer, Brandon',7,446386,3122,NULL),(5675,'Dioner Navarro','Dioner','Navarro','Navarro, Dioner',10,425900,967,NULL),(5676,'Ryan Pressly','Thomas','Pressly','Pressly, Ryan',1,519151,5564,NULL),(5677,'Carlos Peguero','Carlos','Peguero','Peguero, Carlos',7,451713,4065,NULL),(5678,'Daniel Norris','Daniel','Norris','Norris, Daniel',1,596057,NULL,NULL),(5679,'Shane Robinson','Shane','Robinson','Robinson, Shane',7,453203,2670,NULL),(5680,'Roberto Osuna','Roberto','Osuna','Osuna, Roberto',1,532077,NULL,NULL),(5681,'Eddie Rosario','Eddie','Rosario','Rosario, Eddie',8,592696,4417,NULL),(5682,'Stolmy Pimentel','Stolmy','Pimentel','Pimentel, Stolmy',1,516935,3573,NULL),(5683,'Desmond Jennings','Desmond','Jennings','Jennings, Desmond',7,457775,2869,NULL),(5684,'Kevin Pillar','Kevin','Pillar','Pillar, Kevin',7,607680,5358,NULL),(5685,'Miguel Sano','Miguel','Sano','Sano, Miguel',5,593934,3733,NULL),(5686,'Dalton Pompey','Dalton','Pompey','Pompey, Dalton',8,592647,4687,NULL),(5687,'Danny Santana','Daniel','Santana','Santana, Danny',6,542454,3871,'Daniel Santana'),(5688,'Anthony Ranaudo','Anthony','Ranaudo','Ranaudo, Anthony',1,519168,3687,NULL),(5689,'Kevin Jepsen','Kevin','Jepsen','Jepsen, Kevin',1,448178,2081,NULL),(5690,'Rob Rasmussen','Robert','Rasmussen','Rasmussen, Rob',1,519169,3476,NULL),(5691,'Jordan Schafer','Jordan','Schafer','Schafer, Jordan',8,457788,1884,NULL),(5692,'Jose Reyes','Jose','Reyes','Reyes, Jose',6,408314,850,NULL),(5693,'Wandy Rodriguez','Wandy','Rodriguez','Rodriguez, Wandy',1,434643,1196,NULL),(5694,'Tim Stauffer','Timothy','Stauffer','Stauffer, Tim',1,431162,1141,NULL),(5695,'Adam Rosales','Adam','Rosales','Rosales, Adam',3,489267,2019,NULL),(5696,'Nathan Karns','Nathan','Karns','Karns, Nathan',1,501992,5101,'Nathan Karns'),(5697,'Aaron Sanchez','Aaron','Sanchez','Sanchez, Aaron',1,592717,3727,NULL),(5698,'Kurt Suzuki','Kurt','Suzuki','Suzuki, Kurt',2,435559,1728,NULL),(5699,'Michael Saunders','Michael','Saunders','Saunders, Michael',9,459431,2689,NULL),(5700,'Caleb Thielbar','Caleb','Thielbar','Thielbar, Caleb',1,573204,4928,NULL),(5701,'Bo Schultz','Patrick','Schultz','Schultz, Bo',1,544759,4943,NULL),(5702,'Kevin Kiermaier','Kevin','Kiermaier','Kiermaier, Kevin',8,595281,3933,NULL),(5703,'Ryan Rua','Ryan','Rua','Rua, Ryan',7,607387,NULL,NULL),(5704,'Aaron Thompson','Aaron','Thompson','Thompson, Aaron',1,457744,NULL,NULL),(5705,'Justin Smoak','Justin','Smoak','Smoak, Justin',3,475253,2469,NULL),(5706,'Tanner Scheppers','Tanner','Scheppers','Scheppers, Tanner',1,489294,2814,NULL),(5707,'Hak-Ju Lee','Hak-Ju','Lee','Lee, Hak-Ju',6,573349,3151,NULL),(5708,'Michael Tonkin','Michael','Tonkin','Tonkin, Michael',1,543859,5088,NULL),(5709,'Jake Smolinski','Jacob','Smolinski','Smolinski, Jake',7,519295,NULL,NULL),(5710,'Ryan Tepera','Dennis','Tepera','Tepera, Ryan',1,572193,NULL,NULL),(5711,'Kennys Vargas','Kennys','Vargas','Vargas, Kennys',10,573627,5507,NULL),(5712,'James Loney','James','Loney','Loney, James',3,425766,1346,NULL),(5713,'Tomas Telis','Tomas','Telis','Telis, Tomas',2,542513,NULL,NULL),(5714,'Josh Thole','Joshua','Thole','Thole, Josh',2,489365,2482,NULL),(5715,'Jason Wheeler','Jason','Wheeler','Wheeler, Jason',1,605528,NULL,NULL),(5716,'Evan Longoria','Evan','Longoria','Longoria, Evan',5,446334,1581,NULL),(5717,'Shawn Tolleson','Shawn','Tolleson','Tolleson, Shawn',1,474521,4360,NULL),(5718,'Mikie Mahtook','Michael','Mahtook','Mahtook, Mikie',8,543484,NULL,NULL),(5719,'Devon Travis','Devon','Travis','Travis, Devon',4,581527,NULL,NULL),(5720,'Jake McGee','Jacob','McGee','McGee, Jake',1,459429,1876,NULL),(5721,'Justin O\'Conner','Justin','O\'Conner','O\'Conner, Justin',2,592604,NULL,NULL),(5722,'Danny Valencia','Daniel','Valencia','Valencia, Danny',5,502143,2169,NULL),(5723,'Jose Abreu','Jose','Abreu','Abreu, Jose',3,547989,5600,NULL),(5724,'Jake Odorizzi','Jacob','Odorizzi','Odorizzi, Jake',1,543606,4136,NULL),(5725,'Aaron Altherr','Aaron','Altherr','Altherr, Aaron',8,571437,4215,NULL),(5726,'Erasmo Ramirez','Erasmo','Ramirez','Ramirez, Erasmo',1,541640,4456,NULL),(5727,'Matt Albers','Matthew','Albers','Albers, Matt',1,458006,1424,NULL),(5728,'Elvis Araujo','Elvis','Araujo','Araujo, Elvis',1,542587,NULL,NULL),(5729,'Henderson Alvarez','Henderson','Alvarez','Alvarez, Henderson',1,506693,3509,NULL),(5730,'C.J. Riefenhauser','Charles','Riefenhauser','Riefenhauser, C.J.',1,592677,5014,NULL),(5731,'Cody Asche','Cody','Asche','Asche, Cody',5,605125,5131,NULL),(5732,'Gordon Beckham','James','Beckham','Beckham, Gordon',5,493596,2385,NULL),(5733,'Jeff Baker','Jeffrey','Baker','Baker, Jeff',4,425557,819,NULL),(5734,'Emilio Bonifacio','Emilio','Bonifacio','Bonifacio, Emilio',4,466988,1798,NULL),(5735,'Rene Rivera','Rene','Rivera','Rivera, Rene',2,425784,1105,NULL),(5736,'Jesse Biddle','Jesse','Biddle','Biddle, Jesse',1,592145,4238,NULL),(5737,'Justin Bour','Justin','Bour','Bour, Justin',3,571506,3941,NULL),(5738,'Chad Billingsley','Chad','Billingsley','Billingsley, Chad',1,451532,1328,NULL),(5739,'Enny Romero','Enny','Romero','Romero, Enny',1,544836,4415,NULL),(5740,'Rob Brantly','Robert','Brantly','Brantly, Rob',2,542963,3597,NULL),(5741,'Drew Smyly','Todd','Smyly','Smyly, Drew',1,592767,4290,NULL),(5742,'Reid Brignac','Reid','Brignac','Brignac, Reid',5,458582,1649,NULL),(5743,'Andres Blanco','Andres','Blanco','Blanco, Andres',5,433217,NULL,NULL),(5744,'Melky Cabrera','Melky','Cabrera','Cabrera, Melky',7,466320,1238,NULL),(5745,'Domonic Brown','Domonic','Brown','Brown, Domonic',7,502126,2783,NULL),(5746,'Carter Capps','Carter','Capps','Capps, Carter',1,605169,4957,NULL),(5747,'Steven Souza Jr.','Steven','Souza Jr.','Souza Jr., Steven',9,519306,3029,'Steven Souza'),(5748,'Scott Carroll','Scott','Carroll','Carroll, Scott',1,453222,3532,NULL),(5749,'David Buchanan','David','Buchanan','Buchanan, David',1,571527,5785,NULL),(5750,'Steve Cishek','Steven','Cishek','Cishek, Steve',1,518553,3404,NULL),(5751,'Bobby Wilson','Robert','Wilson','Wilson, Bobby',2,435064,NULL,NULL),(5752,'Jordan Danks','Jordan','Danks','Danks, Jordan',8,458668,2807,NULL),(5753,'Kirby Yates','Kirby','Yates','Yates, Kirby',1,489446,5117,NULL),(5754,'Preston Claiborne','Preston','Claiborne','Claiborne, Preston',1,502011,4791,NULL),(5755,'John Danks','John','Danks','Danks, John',1,433579,1574,NULL),(5756,'Justin De Fratus','Justin','De Fratus','De Fratus, Justin',1,518603,3435,NULL),(5757,'Adam Conley','Adam','Conley','Conley, Adam',1,543045,NULL,NULL),(5758,'Matt Davidson','Matthew','Davidson','Davidson, Matt',5,571602,3610,NULL),(5759,'Jake Diekman','Jacob','Diekman','Diekman, Jake',1,518617,4654,'Jacob Diekman'),(5760,'Jarred Cosart','Jarred','Cosart','Cosart, Jarred',1,543054,3558,NULL),(5761,'Zach Duke','Zachary','Duke','Duke, Zach',1,435043,1151,NULL),(5762,'Kelly Dugan','Kelly','Dugan','Dugan, Kelly',9,571633,4262,NULL),(5763,'Derek Dietrich','Derek','Dietrich','Dietrich, Derek',4,518618,4259,NULL),(5764,'Luis Avilan','Luis','Avilan','Avilan, Luis',1,501593,3953,NULL),(5765,'Maikel Franco','Maikel','Franco','Franco, Maikel',5,596748,4639,NULL),(5766,'Mike Dunn','Michael','Dunn','Dunn, Mike',1,445197,2351,NULL),(5767,'Adam Eaton','Adam','Eaton','Eaton, Adam',8,594809,4557,NULL),(5768,'Manny Banuelos','Manuel','Banuelos','Banuelos, Manny',1,544365,3585,NULL),(5769,'Jeff Francoeur','Jeffrey','Francoeur','Francoeur, Jeff',9,425796,NULL,NULL),(5770,'Sam Dyson','Samuel','Dyson','Dyson, Sam',1,473879,5049,NULL),(5771,'Christian Bethancourt','Christian','Bethancourt','Bethancourt, Christian',2,542194,4234,NULL),(5772,'Raul Fernandez','Raul','Fernandez','Fernandez, Raul',1,542439,NULL,NULL),(5773,'Freddy Galvis','Freddy','Galvis','Galvis, Freddy',6,520471,2782,NULL),(5774,'Kendry Flores','Kendry','Flores','Flores, Kendry',1,572309,4268,NULL),(5775,'Mauricio Cabrera','Mauricio','Cabrera','Cabrera, Mauricio',1,606291,NULL,NULL),(5776,'Tyler Flowers','Cole','Flowers','Flowers, Tyler',2,452095,2432,NULL),(5777,'Luis Garcia','Luis','Garcia','Garcia, Luis',1,472610,5593,NULL),(5778,'Dee Gordon','Devaris','Gordon','Gordon, Dee',4,543829,3143,NULL),(5779,'Trevor Cahill','Trevor','Cahill','Cahill, Trevor',1,502239,2324,NULL),(5780,'Avisail Garcia','Avisail','Garcia','Garcia, Avisail',9,541645,3146,NULL),(5781,'Ken Giles','Kenneth','Giles','Giles, Ken',1,571704,5261,NULL),(5782,'Leury Garcia','Leury','Garcia','Garcia, Leury',4,544725,3067,NULL),(5783,'Brad Hand','Bradley','Hand','Hand, Brad',1,543272,3539,NULL),(5784,'Alberto Callaspo','Alberto','Callaspo','Callaspo, Alberto',5,430948,1435,NULL),(5785,'Conor Gillaspie','Conor','Gillaspie','Gillaspie, Conor',5,543216,2079,NULL),(5786,'John Cornely','John','Cornely','Cornely, John',1,607405,NULL,NULL),(5787,'Jeanmar Gomez','Jeanmar','Gomez','Gomez, Jeanmar',1,491646,2913,NULL),(5788,'Javy Guerra','Luis','Guerra','Guerra, Javy',1,457915,2881,NULL),(5789,'Brandon Cunniff','Brandon','Cunniff','Cunniff, Brandon',1,594792,NULL,NULL),(5790,'Dan Haren','Daniel','Haren','Haren, Dan',1,429717,902,NULL),(5791,'Dan Jennings','Daniel','Jennings','Jennings, Dan',1,543359,2943,NULL),(5792,'Todd Cunningham','Thomas','Cunningham','Cunningham, Todd',8,592239,3699,NULL),(5793,'Erik Johnson','Erik','Johnson','Johnson, Erik',1,605304,4652,NULL),(5794,'Mike Foltynewicz','Michael','Foltynewicz','Foltynewicz, Mike',1,592314,4293,'Mike Foltynewicz'),(5795,'Severino Gonzalez','Severino','Gonzalez','Gonzalez, Severino',1,605894,NULL,NULL),(5796,'Micah Johnson','Micah','Johnson','Johnson, Micah',4,608672,NULL,NULL),(5797,'Adeiny Hechavarria','Adeiny','Hechavarria','Hechavarria, Adeiny',6,588751,3511,NULL),(5798,'Freddie Freeman','Frederick','Freeman','Freeman, Freddie',3,518692,2487,NULL),(5799,'Don Kelly','Donald','Kelly','Kelly, Don',5,430603,1665,NULL),(5800,'Cole Hamels','Colbert','Hamels','Hamels, Cole',1,430935,1148,NULL),(5801,'Yean Carlos Gil','Yean Carlos','Gil','Gil, Yean Carlos',1,593479,NULL,NULL),(5802,'Tom Koehler','Thomas','Koehler','Koehler, Tom',1,543408,3541,NULL),(5803,'Aaron Harang','Aaron','Harang','Harang, Aaron',1,421685,771,NULL),(5804,'Adam LaRoche','David','LaRoche','LaRoche, Adam',10,425560,953,NULL),(5805,'Mat Latos','Mathew','Latos','Latos, Mat',1,502009,2490,NULL),(5806,'Jonny Gomes','Jonathan','Gomes','Gomes, Jonny',7,430404,947,NULL),(5807,'Frankie Montas','Francelis','Montas','Montas, Frankie',1,593423,NULL,NULL),(5808,'Cesar Hernandez','Cesar','Hernandez','Hernandez, Cesar',4,514917,3593,NULL),(5809,'Phil Gosselin','Philip','Gosselin','Gosselin, Phil',4,594838,3694,'Phil Gosselin'),(5810,'Adrian Nieto','Adrian','Nieto','Nieto, Adrian',2,543589,5502,NULL),(5811,'Nick Masset','Nicholas','Masset','Masset, Nick',1,434665,1413,NULL),(5812,'Jason Grilli','Jason','Grilli','Grilli, Jason',1,276351,555,NULL),(5813,'Hector Noesi','Hector','Noesi','Noesi, Hector',1,456051,2878,NULL),(5814,'Odubel Herrera','David','Herrera','Herrera, Odubel',8,546318,NULL,NULL),(5815,'Jeff Mathis','Jeffery','Mathis','Mathis, Jeff',2,425772,984,NULL),(5816,'Jake Petricka','Jacob','Petricka','Petricka, Jake',1,502593,4316,NULL),(5817,'Tyrell Jenkins','Tyrell','Jenkins','Jenkins, Tyrell',1,592433,NULL,NULL),(5818,'Bryan Morris','Avery','Morris','Morris, Bryan',1,457768,2873,NULL),(5819,'Zach Putnam','Steven','Putnam','Putnam, Zach',1,474029,2855,NULL),(5820,'Chris Johnson','Christopher','Johnson','Johnson, Chris',5,453400,2212,NULL),(5821,'Michael Morse','Michael','Morse','Morse, Michael',3,434604,1206,NULL),(5822,'Ryan Howard','Ryan','Howard','Howard, Ryan',3,429667,1083,NULL),(5823,'Justin Nicolino','Justin','Nicolino','Nicolino, Justin',1,592593,4187,NULL),(5824,'Jose Quintana','Jose','Quintana','Quintana, Jose',1,500779,4581,NULL),(5825,'Jim Johnson','James','Johnson','Johnson, Jim',1,462382,1429,NULL),(5826,'Marcell Ozuna','Marcell','Ozuna','Ozuna, Marcell',8,542303,4149,NULL),(5827,'Kelly Johnson','Kelly','Johnson','Johnson, Kelly',7,430637,1202,NULL),(5828,'Alexei Ramirez','Alexei','Ramirez','Ramirez, Alexei',6,493351,1863,NULL),(5829,'Tommy Joseph','Thomas','Joseph','Joseph, Tommy',2,571830,4468,NULL),(5830,'David Phelps','David','Phelps','Phelps, David',1,475479,3586,NULL),(5831,'Ethan Martin','Ethan','Martin','Martin, Ethan',1,543495,3197,NULL),(5832,'Michael Kohn','Michael','Kohn','Kohn, Michael',1,543409,2953,NULL),(5833,'David Robertson','David','Robertson','Robertson, David',1,502085,1983,NULL),(5834,'Martin Prado','Martin','Prado','Prado, Martin',5,445988,1357,NULL),(5835,'Dustin McGowan','Dustin','McGowan','McGowan, Dustin',1,430661,982,NULL),(5836,'Sugar Ray Marimon','Sugar','Marimon','Marimon, Sugar Ray',1,516970,NULL,NULL),(5837,'Carlos Rodon','Carlos','Rodon','Rodon, Carlos',1,607074,1,NULL),(5838,'A.J. Ramos','Alejandro','Ramos','Ramos, A.J.',1,573109,4579,NULL),(5839,'Adam Morgan','Adam','Morgan','Morgan, Adam',1,605388,NULL,NULL),(5840,'Nick Markakis','Nicholas','Markakis','Markakis, Nick',9,455976,1330,NULL),(5841,'Hector Neris','Hector','Neris','Neris, Hector',1,593576,NULL,NULL),(5842,'Tyler Saladino','Tyler','Saladino','Saladino, Tyler',6,573135,NULL,NULL),(5843,'Cody Martin','Cody','Martin','Martin, Cody',1,592533,NULL,NULL),(5844,'Sean O\'Sullivan','Sean','O\'Sullivan','O\'Sullivan, Sean',1,457711,NULL,NULL),(5845,'Matt Ramsey','Matthew','Ramsey','Ramsey, Matt',1,543677,NULL,NULL),(5846,'Cameron Maybin','Cameron','Maybin','Maybin, Cameron',8,457727,1570,NULL),(5847,'J.T. Realmuto','Jacob','Realmuto','Realmuto, J.T.',2,592663,4653,'Jacob Realmuto'),(5848,'Nefi Ogando','Nefi','Ogando','Ogando, Nefi',1,596331,NULL,NULL),(5849,'Shelby Miller','Shelby','Miller','Miller, Shelby',1,571946,3161,NULL),(5850,'Chris Sale','Christopher','Sale','Sale, Chris',1,519242,3387,NULL),(5851,'Jonathan Papelbon','Jonathan','Papelbon','Papelbon, Jonathan',1,449097,1255,NULL),(5852,'Andre Rienzo','Andre','Rienzo','Rienzo, Andre',1,516589,4408,NULL),(5853,'Mike Minor','Michael','Minor','Minor, Mike',1,501985,3021,NULL),(5854,'Jeff Samardzija','Jeffrey','Samardzija','Samardzija, Jeff',1,502188,2009,NULL),(5855,'Jose Peraza','Jose','Peraza','Peraza, Jose',4,606299,NULL,NULL),(5856,'Miguel Rojas','Miguel','Rojas','Rojas, Miguel',6,500743,3225,NULL),(5857,'Ben Revere','Ben','Revere','Revere, Ben',7,519184,2789,NULL),(5858,'Eury Perez','Eury','Perez','Perez, Eury',8,516811,3759,NULL),(5859,'Donovan Solano','Donovan','Solano','Solano, Donovan',5,456781,2574,NULL),(5860,'Carlos Sanchez','Yolmer','Sanchez','Sanchez, Carlos',6,570560,4744,NULL),(5861,'Jhonatan Solano','Jhonatan','Solano','Solano, Jhonatan',2,500207,3014,NULL),(5862,'Joely Rodriguez','Joely','Rodriguez','Rodriguez, Joely',1,570257,NULL,NULL),(5863,'J.B. Shuck','Jack','Shuck','Shuck, J.B.',7,543776,3164,NULL),(5864,'Williams Perez','Williams','Perez','Perez, Williams',1,554234,NULL,NULL),(5865,'Darin Ruf','Darin','Ruf','Ruf, Darin',3,573131,3958,NULL),(5866,'Giancarlo Stanton','Giancarlo','Stanton','Stanton, Giancarlo',9,519317,2971,NULL),(5867,'Kevan Smith','Kevan','Smith','Smith, Kevan',2,607345,NULL,NULL),(5868,'Jace Peterson','Jace','Peterson','Peterson, Jace',4,607054,4805,NULL),(5869,'Geovany Soto','Geovany','Soto','Soto, Geovany',2,434567,1295,NULL),(5870,'Carlos Ruiz','Carlos','Ruiz','Ruiz, Carlos',2,434563,1376,NULL),(5871,'Trayce Thompson','Trayce','Thompson','Thompson, Trayce',8,572204,3166,NULL),(5872,'A.J. Pierzynski','Anthony','Pierzynski','Pierzynski, A.J.',2,150229,404,NULL),(5873,'Cameron Rupp','Cameron','Rupp','Rupp, Cameron',2,519237,4285,NULL),(5874,'Daniel Webb','Robert','Webb','Webb, Daniel',1,543900,4210,NULL),(5875,'Elmer Reyes','Elmer','Reyes','Reyes, Elmer',6,554239,4458,NULL),(5876,'Ichiro Suzuki','Ichiro','Suzuki','Suzuki, Ichiro',7,400085,609,NULL),(5877,'Grady Sizemore','Grady','Sizemore','Sizemore, Grady',9,429713,956,NULL),(5878,'Michael Ynoa','Michael','Ynoa','Ynoa, Michael',1,573589,4246,NULL),(5879,'Andrelton Simmons','Andrelton','Simmons','Simmons, Andrelton',6,592743,4207,NULL),(5880,'Jose Urena','Jose','Urena','Urena, Jose',1,570632,NULL,NULL),(5881,'Chase Utley','Chase','Utley','Utley, Chase',4,400284,828,NULL),(5882,'Eric Stults','Eric','Stults','Stults, Eric',1,445590,1470,NULL),(5883,'Tyler Austin','Christopher','Austin','Austin, Tyler',9,592122,4637,NULL),(5884,'Christian Yelich','Christian','Yelich','Yelich, Christian',7,592885,3756,NULL),(5885,'Jerome Williams','Jerome','Williams','Williams, Jerome',1,425532,734,NULL),(5886,'Julio Teheran','Julio','Teheran','Teheran, Julio',1,527054,3553,NULL),(5887,'Carlos Beltran','Carlos','Beltran','Beltran, Carlos',9,136860,413,NULL),(5888,'Joey Terdoslavich','Joseph','Terdoslavich','Terdoslavich, Joey',9,519345,3696,NULL),(5889,'Dellin Betances','Dellin','Betances','Betances, Dellin',1,476454,3584,NULL),(5890,'Michael Blazek','Michael','Blazek','Blazek, Michael',1,518468,5091,NULL),(5891,'Ian Thomas','Ian','Thomas','Thomas, Ian',1,621962,5642,NULL),(5892,'Danny Burawa','Daniel','Burawa','Burawa, Danny',1,592181,NULL,NULL),(5893,'Ryan Braun','Ryan','Braun','Braun, Ryan',9,460075,1659,NULL),(5894,'Donnie Veal','Donald','Veal','Veal, Donnie',1,453264,2409,NULL),(5895,'Chris Capuano','Christopher','Capuano','Capuano, Chris',1,425626,881,NULL),(5896,'Alex Wood','Robert','Wood','Wood, Alex',1,622072,5114,NULL),(5897,'Jonathan Broxton','Jonathan','Broxton','Broxton, Jonathan',1,455009,1254,NULL),(5898,'David Carpenter','Darrell','Carpenter','Carpenter, David',1,502304,3415,NULL),(5899,'Eric Young Jr.','Eric','Young Jr.','Young Jr., Eric',8,458913,2237,'Eric Young Jr.'),(5900,'Juan Centeno','Juan','Centeno','Centeno, Juan',2,518542,3930,NULL),(5901,'Jose De Paula','Jose','De Paula','De Paula, Jose',1,517059,4258,NULL),(5902,'Matt Clark','Matthew','Clark','Clark, Matt',3,518558,NULL,NULL),(5903,'Stephen Drew','Stephen','Drew','Drew, Stephen',4,452220,1204,NULL),(5904,'Neal Cotts','Neal','Cotts','Cotts, Neal',1,425840,923,NULL),(5905,'Jacoby Ellsbury','Jacoby','Ellsbury','Ellsbury, Jacoby',8,453056,1579,NULL),(5906,'Khris Davis','Khris','Davis','Davis, Khris',7,501981,3964,NULL),(5907,'Nathan Eovaldi','Nathan','Eovaldi','Eovaldi, Nathan',1,543135,3643,'Nate Eovaldi'),(5908,'Mike Fiers','Michael','Fiers','Fiers, Mike',1,571666,3199,NULL),(5909,'Ramon Flores','Ramon','Flores','Flores, Ramon',9,570717,4098,NULL),(5910,'Matt Garza','Matthew','Garza','Garza, Matt',1,490063,1427,NULL),(5911,'Brett Gardner','Brett','Gardner','Gardner, Brett',7,458731,1985,NULL),(5912,'Scooter Gennett','Ryan','Gennett','Gennett, Scooter',4,571697,3644,NULL),(5913,'Domingo German','Domingo','German','German, Domingo',1,593334,NULL,NULL),(5914,'David Goforth','David','Goforth','Goforth, David',1,592341,NULL,NULL),(5915,'Didi Gregorius','Mariekson','Gregorius','Gregorius, Didi',6,544369,3859,NULL),(5916,'Carlos Gomez','Carlos','Gomez','Gomez, Carlos',8,460576,1697,NULL),(5917,'Chase Headley','Chase','Headley','Headley, Chase',5,452104,1735,NULL),(5918,'Hector Gomez','Hector','Gomez','Gomez, Hector',6,467143,NULL,NULL),(5919,'Garrett Jones','Garrett','Jones','Jones, Garrett',9,434540,1698,NULL),(5920,'Johnny Hellweg','Johnny','Hellweg','Hellweg, Johnny',1,518782,4313,NULL),(5921,'Chris Martin','Christopher','Martin','Martin, Chris',1,455119,5401,NULL),(5922,'Jim Henderson','James','Henderson','Henderson, Jim',1,449104,3638,NULL),(5923,'Brian McCann','Brian','McCann','McCann, Brian',2,435263,1212,NULL),(5924,'Elian Herrera','Elian','Herrera','Herrera, Elian',4,467070,3634,NULL),(5925,'Andrew Miller','Andrew','Miller','Miller, Andrew',1,453192,1449,NULL),(5926,'Jeremy Jeffress','Jeremy','Jeffress','Jeffress, Jeremy',1,502026,3393,NULL),(5927,'Bryan Mitchell','Bryan','Mitchell','Mitchell, Bryan',1,571951,4383,NULL),(5928,'Luis Jimenez','Luis','Jimenez','Jimenez, Luis',5,499864,4446,NULL),(5929,'John Ryan Murphy','John','Murphy','Murphy, John Ryan',2,571974,3963,'J.R. Murphy'),(5930,'Taylor Jungmann','Taylor','Jungmann','Jungmann, Taylor',1,543380,NULL,NULL),(5931,'Gregorio Petit','Gregorio','Petit','Petit, Gregorio',6,463610,NULL,NULL),(5932,'Corey Knebel','Corey','Knebel','Knebel, Corey',1,608349,5709,NULL),(5933,'Branden Pinder','Branden','Pinder','Pinder, Branden',1,572038,NULL,NULL),(5934,'Adam Lind','Adam','Lind','Lind, Adam',3,452252,1460,NULL),(5935,'Michael Pineda','Michael','Pineda','Pineda, Michael',1,501381,3381,NULL),(5936,'Kyle Lohse','Kyle','Lohse','Lohse, Kyle',1,346798,682,NULL),(5937,'Jose Pirela','Jose','Pirela','Pirela, Jose',4,517369,NULL,NULL),(5938,'Jonathan Lucroy','Jonathan','Lucroy','Lucroy, Jonathan',2,518960,2816,NULL),(5939,'Jose Ramirez','Jose','Ramirez','Ramirez, Jose',1,542432,5097,NULL),(5940,'Martin Maldonado','Martin','Maldonado','Maldonado, Martin',2,455117,2811,NULL),(5941,'Alex Rodriguez','Alexander','Rodriguez','Rodriguez, Alex',10,121347,161,NULL),(5942,'Jimmy Nelson','James','Nelson','Nelson, Jimmy',1,519076,5234,NULL),(5943,'Esmil Rogers','Esmil','Rogers','Rogers, Esmil',1,469134,2292,NULL),(5944,'Gerardo Parra','Gerardo','Parra','Parra, Gerardo',8,467827,2420,NULL),(5945,'Brendan Ryan','Brendan','Ryan','Ryan, Brendan',6,453895,1718,NULL),(5946,'Wily Peralta','Wily','Peralta','Peralta, Wily',1,503449,3604,NULL),(5947,'CC Sabathia','Carsten','Sabathia','Sabathia, CC',1,282332,601,NULL),(5948,'Shane Peterson','Shane','Peterson','Peterson, Shane',7,451089,3865,NULL),(5949,'Gary Sanchez','Gary','Sanchez','Sanchez, Gary',2,596142,3557,NULL),(5950,'Aramis Ramirez','Aramis','Ramirez','Ramirez, Aramis',5,133380,375,NULL),(5951,'Chasen Shreve','Chasen','Shreve','Shreve, Chasen',1,592741,NULL,NULL),(5952,'Yadiel Rivera','Yadiel','Rivera','Rivera, Yadiel',6,592680,NULL,NULL),(5953,'Masahiro Tanaka','Masahiro','Tanaka','Tanaka, Masahiro',1,547888,5655,NULL),(5954,'Francisco Rodriguez','Francisco','Rodriguez','Rodriguez, Francisco',1,408061,814,NULL),(5955,'Mark Teixeira','Mark','Teixeira','Teixeira, Mark',3,407893,703,NULL),(5956,'Jason Rogers','Jason','Rogers','Rogers, Jason',5,595386,NULL,NULL),(5957,'Luis Sardinas','Luis','Sardinas','Sardinas, Luis',6,596143,4400,NULL),(5958,'Matt Tracy','Matthew','Tracy','Tracy, Matt',1,595441,NULL,NULL),(5959,'Logan Schafer','Logan','Schafer','Schafer, Logan',8,502582,2810,NULL),(5960,'Adam Warren','Adam','Warren','Warren, Adam',1,476589,3563,NULL),(5961,'Jean Segura','Jean','Segura','Segura, Jean',6,516416,3499,NULL),(5962,'Chase Whitley','Chase','Whitley','Whitley, Chase',1,595032,4332,NULL),(5963,'Will Smith','William','Smith','Smith, Will',1,519293,4026,NULL),(5964,'Mason Williams','Mason','Williams','Williams, Mason',8,592863,4322,NULL),(5965,'Mike Strong','Michael','Strong','Strong, Mike',1,572175,NULL,NULL),(5966,'Justin Wilson','Justin','Wilson','Wilson, Justin',1,458677,3485,NULL),(5967,'Tyler Thornburg','Tyler','Thornburg','Thornburg, Tyler',1,592804,4361,NULL),(5968,'Wei-Chung Wang','Wei-Chung','Wang','Wang, Wei-Chung',1,623913,5622,NULL),(5969,'Chris Young','Christopher','Young','Young, Chris',9,455759,1358,NULL),(5970,'Rob Wooten','Robert','Wooten','Wooten, Rob',1,543942,4910,NULL),(5971,'Nomar Mazara','Nomar','Mazara','Mazara, Nomar',9,608577,NULL,NULL);
/*!40000 ALTER TABLE `PLAYER` ENABLE KEYS */;
UNLOCK TABLES;

--
-- Table structure for table `PLAYERHISTORY`
--

DROP TABLE IF EXISTS `PLAYERHISTORY`;
/*!40101 SET @saved_cs_client     = @@character_set_client */;
/*!40101 SET character_set_client = utf8 */;
CREATE TABLE `PLAYERHISTORY` (
  `playerId` bigint(20) NOT NULL,
  `season` int(11) NOT NULL,
  `salary` int(11) NOT NULL DEFAULT '0',
  `keeperSeason` int(11) DEFAULT '0',
  `draftTeamId` int(11) DEFAULT NULL,
  `keeperTeamId` int(11) DEFAULT NULL,
  `minorLeaguer` tinyint(1) DEFAULT NULL,
  `rookieStatus` tinyint(1) DEFAULT NULL,
  `lockedUp` tinyint(1) DEFAULT NULL,
  PRIMARY KEY (`playerId`,`season`),
  KEY `draftTeamId` (`draftTeamId`),
  KEY `keeperTeamId` (`keeperTeamId`),
  CONSTRAINT `playerhistory_ibfk_1` FOREIGN KEY (`playerId`) REFERENCES `PLAYER` (`playerId`),
  CONSTRAINT `playerhistory_ibfk_2` FOREIGN KEY (`draftTeamId`) REFERENCES `TEAM` (`teamId`),
  CONSTRAINT `playerhistory_ibfk_3` FOREIGN KEY (`keeperTeamId`) REFERENCES `TEAM` (`teamId`)
) ENGINE=InnoDB DEFAULT CHARSET=latin1;
/*!40101 SET character_set_client = @saved_cs_client */;

--
-- Dumping data for table `PLAYERHISTORY`
--

LOCK TABLES `PLAYERHISTORY` WRITE;
/*!40000 ALTER TABLE `PLAYERHISTORY` DISABLE KEYS */;
INSERT INTO `PLAYERHISTORY` VALUES (4777,2013,3,1,NULL,12,0,0,NULL),(4777,2014,6,2,NULL,11,0,0,NULL),(4777,2015,9,3,NULL,8,0,0,NULL),(4778,2013,0,0,NULL,NULL,0,0,NULL),(4778,2014,0,0,9,NULL,0,0,NULL),(4778,2015,0,0,NULL,NULL,0,0,NULL),(4779,2013,0,0,NULL,NULL,0,0,NULL),(4779,2014,0,0,NULL,NULL,0,0,NULL),(4779,2015,0,0,NULL,NULL,0,0,NULL),(4780,2013,0,0,NULL,NULL,0,0,NULL),(4780,2014,0,0,NULL,NULL,0,0,NULL),(4780,2015,0,0,NULL,NULL,0,0,NULL),(4781,2012,2,0,5,NULL,0,0,NULL),(4781,2013,0,0,NULL,NULL,0,0,NULL),(4781,2014,0,0,NULL,NULL,0,0,NULL),(4781,2015,3,1,NULL,11,0,0,NULL),(4782,2014,0,0,NULL,NULL,0,0,NULL),(4782,2015,0,0,NULL,NULL,NULL,NULL,NULL),(4783,2013,0,0,10,NULL,1,1,NULL),(4783,2014,0,0,NULL,10,0,0,NULL),(4783,2015,3,1,NULL,10,0,0,NULL),(4784,2013,0,0,NULL,NULL,0,0,NULL),(4784,2014,0,0,NULL,NULL,0,0,NULL),(4784,2015,0,0,NULL,NULL,0,0,NULL),(4785,2013,0,0,NULL,NULL,0,0,NULL),(4785,2014,3,0,NULL,1,0,0,NULL),(4785,2015,6,1,NULL,1,0,0,NULL),(4786,2013,0,0,NULL,NULL,0,0,NULL),(4786,2014,0,0,NULL,NULL,0,0,NULL),(4786,2015,0,0,NULL,NULL,NULL,NULL,NULL),(4787,2013,0,0,NULL,NULL,0,0,NULL),(4787,2014,3,1,NULL,7,0,0,NULL),(4787,2015,0,0,NULL,NULL,0,0,NULL),(4788,2013,0,0,9,NULL,1,1,NULL),(4788,2014,0,0,NULL,9,1,1,NULL),(4788,2015,0,0,NULL,9,1,1,NULL),(4789,2013,0,0,NULL,NULL,0,0,NULL),(4789,2014,0,0,NULL,NULL,0,0,NULL),(4789,2015,0,0,NULL,NULL,0,0,NULL),(4790,2014,0,0,NULL,NULL,0,0,NULL),(4790,2015,0,0,NULL,NULL,0,0,NULL),(4791,2013,0,0,NULL,NULL,0,0,NULL),(4791,2014,0,0,NULL,NULL,0,0,NULL),(4791,2015,5,0,5,NULL,0,0,NULL),(4792,2012,25,0,1,NULL,0,0,NULL),(4792,2013,25,1,NULL,2,0,0,NULL),(4792,2014,28,2,NULL,9,0,0,NULL),(4792,2015,23,0,10,NULL,0,0,NULL),(4793,2013,0,0,NULL,NULL,0,0,NULL),(4793,2014,0,0,NULL,NULL,0,0,NULL),(4793,2015,0,0,NULL,NULL,0,0,NULL),(4794,2013,0,0,1,NULL,1,1,NULL),(4794,2014,0,0,NULL,1,1,1,NULL),(4794,2015,0,0,NULL,1,1,1,NULL),(4795,2013,5,0,4,NULL,0,0,NULL),(4795,2014,21,0,6,NULL,0,0,NULL),(4795,2015,0,0,NULL,NULL,0,0,NULL),(4796,2013,0,0,NULL,NULL,0,0,NULL),(4796,2014,0,0,NULL,NULL,0,0,NULL),(4796,2015,0,0,NULL,NULL,0,0,NULL),(4797,2013,0,0,NULL,NULL,0,0,NULL),(4797,2014,0,0,NULL,NULL,0,0,NULL),(4797,2015,0,0,NULL,NULL,0,0,NULL),(4798,2013,3,1,NULL,7,0,0,NULL),(4798,2014,6,2,NULL,7,0,0,NULL),(4798,2015,9,3,NULL,7,0,0,NULL),(4799,2013,0,0,NULL,NULL,0,0,NULL),(4799,2014,0,0,NULL,NULL,0,0,NULL),(4799,2015,0,0,NULL,NULL,0,0,NULL),(4800,2013,3,1,NULL,4,0,0,NULL),(4800,2014,6,2,NULL,4,0,0,NULL),(4800,2015,9,3,NULL,12,0,0,NULL),(4801,2013,14,0,11,NULL,0,0,NULL),(4801,2014,17,0,NULL,7,0,0,NULL),(4801,2015,0,0,NULL,NULL,0,0,NULL),(4802,2013,0,0,2,NULL,0,0,NULL),(4802,2014,3,0,NULL,2,0,0,NULL),(4802,2015,0,0,NULL,NULL,0,0,NULL),(4803,2013,0,0,NULL,NULL,0,0,NULL),(4803,2014,0,0,NULL,NULL,0,0,NULL),(4803,2015,0,0,NULL,NULL,0,0,NULL),(4804,2015,0,0,NULL,NULL,NULL,NULL,NULL),(4805,2013,0,0,NULL,NULL,0,0,NULL),(4805,2014,0,0,NULL,NULL,0,0,NULL),(4805,2015,0,0,NULL,NULL,0,0,NULL),(4806,2012,18,0,2,NULL,0,0,NULL),(4806,2013,18,1,NULL,2,0,0,NULL),(4806,2014,17,0,7,NULL,0,0,NULL),(4806,2015,24,0,4,NULL,0,0,NULL),(4807,2013,0,0,NULL,NULL,0,0,NULL),(4807,2014,0,0,NULL,NULL,0,0,NULL),(4807,2015,0,0,NULL,NULL,0,0,NULL),(4808,2013,0,0,NULL,NULL,0,0,NULL),(4808,2014,0,0,NULL,NULL,0,0,NULL),(4808,2015,0,0,NULL,NULL,NULL,NULL,NULL),(4809,2013,0,0,NULL,NULL,0,0,NULL),(4809,2014,0,0,NULL,NULL,0,0,NULL),(4809,2015,0,0,NULL,NULL,0,0,NULL),(4810,2013,0,0,NULL,NULL,0,0,NULL),(4810,2014,0,0,NULL,NULL,0,0,NULL),(4810,2015,0,0,NULL,NULL,0,0,NULL),(4811,2013,0,0,NULL,NULL,0,0,NULL),(4811,2014,0,0,NULL,NULL,0,0,NULL),(4811,2015,0,0,NULL,NULL,0,0,NULL),(4812,2013,0,0,NULL,NULL,0,0,NULL),(4812,2014,0,0,NULL,NULL,0,0,NULL),(4812,2015,0,0,NULL,NULL,0,0,NULL),(4813,2013,0,0,NULL,NULL,0,0,NULL),(4813,2014,0,0,NULL,NULL,0,0,NULL),(4813,2015,0,0,NULL,NULL,0,0,NULL),(4814,2013,0,0,NULL,NULL,0,0,NULL),(4814,2014,0,0,NULL,NULL,0,0,NULL),(4814,2015,0,0,NULL,NULL,0,0,NULL),(4815,2013,0,0,NULL,NULL,0,0,NULL),(4815,2014,0,0,NULL,NULL,0,0,NULL),(4815,2015,0,0,NULL,NULL,0,0,NULL),(4816,2012,4,0,2,NULL,0,0,NULL),(4816,2013,4,1,NULL,3,0,0,NULL),(4816,2014,7,2,NULL,3,0,0,NULL),(4816,2015,10,3,NULL,3,0,0,NULL),(4817,2013,0,0,NULL,NULL,0,0,NULL),(4817,2014,0,0,NULL,NULL,0,0,NULL),(4817,2015,0,0,NULL,NULL,0,0,NULL),(4818,2015,0,0,NULL,NULL,NULL,NULL,NULL),(4819,2015,0,0,NULL,NULL,NULL,NULL,NULL),(4820,2014,0,0,NULL,NULL,0,0,NULL),(4820,2015,0,0,NULL,NULL,0,0,NULL),(4821,2013,0,0,NULL,NULL,0,0,NULL),(4821,2014,0,0,NULL,NULL,0,0,NULL),(4821,2015,0,0,NULL,NULL,0,0,NULL),(4822,2013,4,0,9,NULL,0,0,NULL),(4822,2014,1,0,6,NULL,0,0,NULL),(4822,2015,1,0,6,NULL,0,0,NULL),(4823,2014,0,0,NULL,NULL,0,0,NULL),(4823,2015,0,0,NULL,NULL,NULL,NULL,NULL),(4824,2013,0,0,NULL,NULL,0,0,NULL),(4824,2014,3,1,NULL,8,0,0,NULL),(4824,2015,6,2,NULL,8,0,0,NULL),(4825,2015,0,0,NULL,NULL,NULL,NULL,NULL),(4826,2013,0,0,NULL,NULL,0,0,NULL),(4826,2014,0,0,NULL,NULL,0,0,NULL),(4826,2015,0,0,NULL,NULL,0,0,NULL),(4827,2015,0,0,NULL,NULL,NULL,NULL,NULL),(4828,2015,0,0,NULL,NULL,NULL,NULL,NULL),(4829,2013,0,0,4,NULL,1,1,NULL),(4829,2014,0,0,NULL,4,0,0,NULL),(4829,2015,11,0,10,NULL,0,0,NULL),(4830,2013,0,0,NULL,NULL,0,0,NULL),(4830,2014,0,0,NULL,NULL,0,0,NULL),(4830,2015,0,0,NULL,NULL,0,0,NULL),(4831,2013,1,0,4,NULL,0,0,NULL),(4831,2014,0,0,NULL,NULL,0,0,NULL),(4831,2015,0,0,NULL,NULL,0,0,NULL),(4832,2013,0,0,NULL,NULL,0,0,NULL),(4832,2014,0,0,NULL,NULL,0,0,NULL),(4832,2015,0,0,NULL,NULL,0,0,NULL),(4833,2012,17,0,5,NULL,0,0,NULL),(4833,2013,10,0,5,NULL,0,0,NULL),(4833,2014,14,0,1,NULL,0,0,NULL),(4833,2015,0,0,NULL,NULL,0,0,NULL),(4834,2012,2,0,4,NULL,0,0,NULL),(4834,2013,1,0,6,NULL,0,0,NULL),(4834,2014,0,0,NULL,NULL,0,0,NULL),(4834,2015,0,0,NULL,NULL,0,0,NULL),(4835,2013,0,0,NULL,NULL,0,0,NULL),(4835,2014,0,0,NULL,NULL,0,0,NULL),(4835,2015,0,0,NULL,NULL,0,0,NULL),(4836,2013,9,0,1,NULL,0,0,NULL),(4836,2014,3,0,9,NULL,0,0,NULL),(4836,2015,6,1,NULL,9,0,0,NULL),(4837,2014,0,0,NULL,NULL,0,0,NULL),(4837,2015,0,0,NULL,NULL,0,0,NULL),(4838,2012,10,0,7,NULL,0,0,NULL),(4838,2013,0,0,NULL,NULL,0,0,NULL),(4838,2014,1,0,11,NULL,0,0,NULL),(4838,2015,0,0,NULL,NULL,0,0,NULL),(4839,2013,0,0,NULL,NULL,0,0,NULL),(4839,2014,0,0,NULL,NULL,0,0,NULL),(4839,2015,0,0,NULL,NULL,0,0,NULL),(4840,2013,0,0,NULL,NULL,0,0,NULL),(4840,2014,0,0,NULL,NULL,0,0,NULL),(4840,2015,0,0,NULL,NULL,0,0,NULL),(4841,2015,0,0,NULL,NULL,NULL,NULL,NULL),(4842,2013,2,0,6,NULL,0,0,NULL),(4842,2014,0,0,NULL,NULL,0,0,NULL),(4842,2015,0,0,NULL,NULL,0,0,NULL),(4843,2013,0,0,NULL,NULL,0,0,NULL),(4843,2014,0,0,NULL,NULL,0,0,NULL),(4843,2015,0,0,NULL,NULL,0,0,NULL),(4844,2013,0,0,NULL,NULL,0,0,NULL),(4844,2014,0,0,NULL,NULL,0,0,NULL),(4844,2015,0,0,NULL,NULL,0,0,NULL),(4845,2013,0,0,NULL,NULL,0,0,NULL),(4845,2014,0,0,NULL,NULL,0,0,NULL),(4845,2015,0,0,NULL,NULL,0,0,NULL),(4846,2015,0,0,NULL,NULL,NULL,NULL,NULL),(4847,2013,0,0,2,NULL,1,1,NULL),(4847,2014,0,0,NULL,2,0,0,NULL),(4847,2015,3,1,NULL,2,0,0,NULL),(4848,2013,0,0,NULL,NULL,0,0,NULL),(4848,2014,0,0,NULL,NULL,0,0,NULL),(4848,2015,0,0,NULL,NULL,0,0,NULL),(4849,2014,0,0,NULL,NULL,0,0,NULL),(4849,2015,0,0,NULL,NULL,0,0,NULL),(4850,2013,0,0,NULL,NULL,0,0,NULL),(4850,2014,0,0,NULL,NULL,0,0,NULL),(4850,2015,0,0,NULL,NULL,0,0,NULL),(4851,2012,18,0,4,NULL,0,0,NULL),(4851,2013,18,1,NULL,4,0,0,NULL),(4851,2014,21,2,NULL,4,0,0,NULL),(4851,2015,24,3,NULL,4,0,0,NULL),(4852,2013,0,0,NULL,NULL,0,0,NULL),(4852,2014,0,0,NULL,NULL,0,0,NULL),(4852,2015,0,0,NULL,NULL,0,0,NULL),(4853,2013,0,0,NULL,NULL,0,0,NULL),(4853,2014,0,0,NULL,NULL,0,0,NULL),(4853,2015,0,0,NULL,NULL,0,0,NULL),(4854,2013,0,0,NULL,NULL,0,0,NULL),(4854,2014,0,0,NULL,NULL,0,0,NULL),(4854,2015,0,0,NULL,NULL,0,0,NULL),(4855,2013,0,0,NULL,NULL,0,0,NULL),(4855,2014,0,0,NULL,NULL,0,0,NULL),(4855,2015,0,0,NULL,NULL,0,0,NULL),(4856,2014,0,0,NULL,NULL,0,0,NULL),(4856,2015,0,0,NULL,NULL,NULL,NULL,NULL),(4857,2012,24,0,5,NULL,0,0,NULL),(4857,2013,13,0,6,NULL,0,0,NULL),(4857,2014,12,0,6,NULL,0,0,NULL),(4857,2015,15,1,NULL,6,0,0,NULL),(4858,2013,0,0,NULL,NULL,0,0,NULL),(4858,2014,0,0,NULL,NULL,0,0,NULL),(4858,2015,3,0,12,NULL,0,0,NULL),(4859,2013,0,0,NULL,NULL,0,0,NULL),(4859,2014,0,0,NULL,NULL,0,0,NULL),(4859,2015,7,0,5,NULL,0,0,NULL),(4860,2015,0,0,NULL,NULL,NULL,NULL,NULL),(4861,2013,8,0,4,NULL,0,0,NULL),(4861,2014,12,0,12,NULL,0,0,NULL),(4861,2015,0,0,NULL,NULL,0,0,NULL),(4862,2014,0,0,NULL,NULL,0,0,NULL),(4862,2015,0,0,NULL,NULL,0,0,NULL),(4863,2013,0,0,NULL,NULL,0,0,NULL),(4863,2014,0,0,NULL,NULL,0,0,NULL),(4863,2015,0,0,NULL,NULL,0,0,NULL),(4864,2013,0,0,2,NULL,1,1,NULL),(4864,2014,0,0,NULL,2,0,0,NULL),(4864,2015,0,0,NULL,NULL,0,0,NULL),(4865,2013,0,0,NULL,NULL,0,0,NULL),(4865,2014,0,0,NULL,NULL,0,0,NULL),(4865,2015,0,0,NULL,NULL,0,0,NULL),(4866,2013,0,0,NULL,10,1,1,NULL),(4866,2014,0,0,NULL,10,0,0,NULL),(4866,2015,3,1,NULL,1,0,0,NULL),(4867,2015,0,0,NULL,NULL,NULL,NULL,NULL),(4868,2013,3,1,NULL,12,0,0,NULL),(4868,2014,6,2,NULL,11,0,0,NULL),(4868,2015,9,3,NULL,5,0,0,NULL),(4869,2013,0,0,NULL,NULL,0,0,NULL),(4869,2014,0,0,NULL,NULL,0,0,NULL),(4869,2015,0,0,NULL,NULL,0,0,NULL),(4870,2013,0,0,NULL,NULL,0,0,NULL),(4870,2014,0,0,NULL,NULL,0,0,NULL),(4870,2015,0,0,NULL,NULL,0,0,NULL),(4871,2013,0,0,NULL,NULL,0,0,NULL),(4871,2014,0,0,NULL,NULL,0,0,NULL),(4871,2015,0,0,NULL,NULL,0,0,NULL),(4872,2015,0,0,NULL,NULL,NULL,NULL,NULL),(4873,2013,0,0,NULL,NULL,0,0,NULL),(4873,2014,0,0,NULL,NULL,0,0,NULL),(4873,2015,0,0,NULL,NULL,0,0,NULL),(4874,2013,0,0,NULL,NULL,0,0,NULL),(4874,2014,0,0,NULL,NULL,0,0,NULL),(4874,2015,0,0,NULL,NULL,0,0,NULL),(4875,2013,0,0,NULL,NULL,0,0,NULL),(4875,2014,0,0,NULL,NULL,0,0,NULL),(4875,2015,0,0,NULL,NULL,0,0,NULL),(4876,2012,14,0,8,NULL,0,0,NULL),(4876,2013,19,0,2,NULL,0,0,NULL),(4876,2014,6,0,8,NULL,0,0,NULL),(4876,2015,12,0,7,NULL,0,0,NULL),(4877,2013,0,0,NULL,NULL,0,0,NULL),(4877,2014,0,0,NULL,NULL,0,0,NULL),(4877,2015,0,0,NULL,NULL,0,0,NULL),(4878,2013,0,0,NULL,NULL,0,0,NULL),(4878,2014,0,0,NULL,NULL,0,0,NULL),(4878,2015,0,0,NULL,NULL,0,0,NULL),(4879,2013,15,0,7,NULL,0,0,NULL),(4879,2014,0,0,NULL,NULL,0,0,NULL),(4879,2015,0,0,NULL,NULL,0,0,NULL),(4880,2015,0,0,NULL,NULL,NULL,NULL,NULL),(4881,2013,0,0,NULL,NULL,0,0,NULL),(4881,2014,0,0,NULL,NULL,0,0,NULL),(4881,2015,0,0,NULL,NULL,0,0,NULL),(4882,2013,0,0,NULL,NULL,0,0,NULL),(4882,2014,0,0,NULL,NULL,0,0,NULL),(4882,2015,0,0,NULL,NULL,0,0,NULL),(4883,2012,2,0,10,NULL,0,0,NULL),(4883,2013,0,0,NULL,NULL,0,0,NULL),(4883,2014,9,0,4,NULL,0,0,NULL),(4883,2015,12,1,NULL,4,0,0,NULL),(4884,2013,0,0,NULL,NULL,0,0,NULL),(4884,2014,0,0,NULL,NULL,0,0,NULL),(4884,2015,0,0,NULL,NULL,0,0,NULL),(4885,2012,1,0,8,NULL,0,0,NULL),(4885,2013,9,0,9,NULL,0,0,NULL),(4885,2014,6,0,7,NULL,0,0,NULL),(4885,2015,0,0,NULL,NULL,0,0,NULL),(4886,2013,0,0,NULL,NULL,0,0,NULL),(4886,2014,0,0,NULL,NULL,0,0,NULL),(4886,2015,0,0,NULL,NULL,0,0,NULL),(4887,2014,0,0,NULL,NULL,0,0,NULL),(4887,2015,0,0,NULL,NULL,0,0,NULL),(4888,2013,0,0,NULL,NULL,0,0,NULL),(4888,2014,0,0,NULL,NULL,0,0,NULL),(4888,2015,0,0,NULL,NULL,0,0,NULL),(4889,2013,3,1,NULL,10,0,0,NULL),(4889,2014,6,2,NULL,10,0,0,NULL),(4889,2015,9,3,NULL,10,0,0,NULL),(4890,2013,0,0,NULL,NULL,0,0,NULL),(4890,2014,0,0,NULL,NULL,0,0,NULL),(4890,2015,0,0,NULL,NULL,0,0,NULL),(4891,2013,0,0,NULL,NULL,0,0,NULL),(4891,2014,1,0,6,NULL,0,0,NULL),(4891,2015,0,0,NULL,NULL,0,0,NULL),(4892,2013,0,0,11,NULL,1,1,NULL),(4892,2014,0,0,NULL,11,0,0,NULL),(4892,2015,0,0,NULL,NULL,0,0,NULL),(4893,2013,0,0,NULL,NULL,0,0,NULL),(4893,2014,0,0,NULL,NULL,0,0,NULL),(4893,2015,9,0,4,NULL,0,0,NULL),(4894,2013,0,0,NULL,NULL,0,0,NULL),(4894,2014,0,0,NULL,NULL,0,0,NULL),(4894,2015,0,0,NULL,NULL,0,0,NULL),(4895,2013,0,0,NULL,NULL,0,0,NULL),(4895,2014,0,0,NULL,NULL,0,0,NULL),(4895,2015,0,0,NULL,NULL,0,0,NULL),(4896,2013,0,0,NULL,NULL,0,0,NULL),(4896,2014,0,0,NULL,NULL,0,0,NULL),(4896,2015,0,0,NULL,NULL,0,0,NULL),(4897,2012,19,0,7,NULL,0,0,NULL),(4897,2013,19,1,NULL,7,0,0,NULL),(4897,2014,19,0,12,NULL,0,0,NULL),(4897,2015,0,0,NULL,NULL,0,0,NULL),(4898,2013,0,0,NULL,NULL,0,0,NULL),(4898,2014,0,0,NULL,NULL,0,0,NULL),(4898,2015,0,0,NULL,NULL,0,0,NULL),(4899,2013,0,0,10,NULL,1,1,NULL),(4899,2014,0,0,NULL,10,0,0,NULL),(4899,2015,3,1,NULL,10,0,0,NULL),(4900,2013,0,0,NULL,NULL,0,0,NULL),(4900,2014,0,0,NULL,NULL,0,0,NULL),(4900,2015,0,0,NULL,NULL,0,0,NULL),(4901,2013,0,0,NULL,NULL,0,0,NULL),(4901,2014,0,0,NULL,NULL,0,0,NULL),(4901,2015,1,0,11,NULL,0,0,NULL),(4902,2013,0,0,NULL,NULL,0,0,NULL),(4902,2014,0,0,NULL,NULL,0,0,NULL),(4902,2015,0,0,NULL,NULL,0,0,NULL),(4903,2013,0,0,NULL,NULL,0,0,NULL),(4903,2014,0,0,NULL,NULL,0,0,NULL),(4903,2015,0,0,NULL,NULL,0,0,NULL),(4904,2013,0,0,4,NULL,1,1,NULL),(4904,2014,0,0,NULL,4,0,0,NULL),(4904,2015,0,0,NULL,NULL,0,0,NULL),(4905,2013,0,0,NULL,NULL,0,0,NULL),(4905,2014,0,0,NULL,NULL,0,0,NULL),(4905,2015,0,0,NULL,NULL,0,0,NULL),(4906,2013,0,0,NULL,NULL,0,0,NULL),(4906,2014,0,0,NULL,NULL,0,0,NULL),(4906,2015,0,0,NULL,NULL,0,0,NULL),(4907,2012,1,0,1,NULL,0,0,NULL),(4907,2013,0,0,NULL,NULL,0,0,NULL),(4907,2014,0,0,NULL,NULL,0,0,NULL),(4907,2015,1,0,8,NULL,0,0,NULL),(4908,2013,0,0,8,NULL,1,1,NULL),(4908,2014,0,0,NULL,8,1,1,NULL),(4908,2015,0,0,NULL,8,1,1,NULL),(4909,2013,0,0,7,NULL,0,0,NULL),(4909,2014,6,0,4,NULL,0,0,NULL),(4909,2015,1,0,6,NULL,0,0,NULL),(4910,2013,0,0,NULL,NULL,0,0,NULL),(4910,2014,0,0,NULL,NULL,0,0,NULL),(4910,2015,0,0,NULL,NULL,0,0,NULL),(4911,2013,0,0,NULL,NULL,0,0,NULL),(4911,2014,2,0,4,NULL,0,0,NULL),(4911,2015,0,0,NULL,NULL,0,0,NULL),(4912,2015,0,0,NULL,NULL,NULL,NULL,NULL),(4913,2014,0,0,NULL,NULL,0,0,NULL),(4913,2015,0,0,NULL,NULL,0,0,NULL),(4914,2013,0,0,NULL,NULL,0,0,NULL),(4914,2014,0,0,NULL,NULL,0,0,NULL),(4914,2015,0,0,NULL,NULL,0,0,NULL),(4915,2013,0,0,NULL,NULL,0,0,NULL),(4915,2014,0,0,NULL,NULL,0,0,NULL),(4915,2015,0,0,NULL,NULL,0,0,NULL),(4916,2013,0,0,NULL,NULL,0,0,NULL),(4916,2014,0,0,NULL,NULL,0,0,NULL),(4916,2015,0,0,NULL,NULL,0,0,NULL),(4917,2013,0,0,8,NULL,1,1,NULL),(4917,2014,0,0,NULL,8,1,1,NULL),(4917,2015,0,0,NULL,8,1,1,NULL),(4918,2015,0,0,NULL,NULL,NULL,NULL,NULL),(4919,2013,0,0,NULL,NULL,0,0,NULL),(4919,2014,0,0,NULL,NULL,0,0,NULL),(4919,2015,0,0,NULL,NULL,0,0,NULL),(4920,2015,0,0,NULL,NULL,NULL,NULL,NULL),(4921,2013,0,0,NULL,NULL,0,0,NULL),(4921,2014,0,0,NULL,NULL,0,0,NULL),(4921,2015,0,0,NULL,NULL,0,0,NULL),(4922,2013,0,0,NULL,NULL,0,0,NULL),(4922,2014,0,0,NULL,NULL,0,0,NULL),(4922,2015,0,0,NULL,NULL,0,0,NULL),(4923,2013,0,0,NULL,NULL,0,0,NULL),(4923,2014,0,0,NULL,NULL,0,0,NULL),(4923,2015,0,0,NULL,NULL,0,0,NULL),(4924,2015,0,0,NULL,NULL,NULL,NULL,NULL),(4925,2013,0,0,NULL,NULL,0,0,NULL),(4925,2014,0,0,NULL,NULL,0,0,NULL),(4925,2015,0,0,NULL,NULL,0,0,NULL),(4926,2012,20,0,4,NULL,0,0,NULL),(4926,2013,20,1,NULL,4,0,0,NULL),(4926,2014,23,2,NULL,4,0,0,NULL),(4926,2015,25,0,4,NULL,0,0,NULL),(4927,2013,0,0,NULL,NULL,0,0,NULL),(4927,2014,10,0,4,NULL,0,0,NULL),(4927,2015,0,0,NULL,NULL,0,0,NULL),(4928,2013,0,0,NULL,NULL,0,0,NULL),(4928,2014,0,0,NULL,NULL,0,0,NULL),(4928,2015,0,0,NULL,NULL,0,0,NULL),(4929,2013,0,0,NULL,NULL,0,0,NULL),(4929,2014,0,0,NULL,NULL,0,0,NULL),(4929,2015,0,0,NULL,NULL,0,0,NULL),(4930,2015,0,0,NULL,NULL,NULL,NULL,NULL),(4931,2013,0,0,NULL,NULL,0,0,NULL),(4931,2014,0,0,NULL,NULL,0,0,NULL),(4931,2015,0,0,NULL,NULL,0,0,NULL),(4932,2013,0,0,NULL,NULL,0,0,NULL),(4932,2014,0,0,NULL,NULL,0,0,NULL),(4932,2015,0,0,NULL,NULL,0,0,NULL),(4933,2014,0,0,NULL,NULL,0,0,NULL),(4933,2015,0,0,NULL,NULL,NULL,NULL,NULL),(4934,2015,0,0,NULL,NULL,NULL,NULL,NULL),(4935,2012,41,0,6,NULL,0,0,NULL),(4935,2013,41,1,NULL,6,0,0,NULL),(4935,2014,44,2,NULL,11,0,0,NULL),(4935,2015,35,0,1,NULL,0,0,NULL),(4936,2013,0,0,NULL,NULL,0,0,NULL),(4936,2014,0,0,NULL,NULL,0,0,NULL),(4936,2015,0,0,NULL,NULL,0,0,NULL),(4937,2013,0,0,NULL,NULL,0,0,NULL),(4937,2014,0,0,NULL,NULL,0,0,NULL),(4937,2015,0,0,NULL,NULL,0,0,NULL),(4938,2015,0,0,NULL,NULL,NULL,NULL,NULL),(4939,2012,1,0,3,NULL,0,0,NULL),(4939,2013,0,0,NULL,NULL,0,0,NULL),(4939,2014,0,0,NULL,NULL,0,0,NULL),(4939,2015,0,0,NULL,NULL,0,0,NULL),(4940,2013,0,0,NULL,NULL,0,0,NULL),(4940,2014,0,0,NULL,NULL,0,0,NULL),(4940,2015,0,0,NULL,NULL,0,0,NULL),(4941,2013,0,0,NULL,NULL,0,0,NULL),(4941,2014,0,0,NULL,NULL,0,0,NULL),(4941,2015,0,0,NULL,NULL,NULL,NULL,NULL),(4942,2012,2,0,11,NULL,0,0,NULL),(4942,2013,2,0,NULL,11,0,0,NULL),(4942,2014,0,0,NULL,NULL,0,0,NULL),(4942,2015,2,0,8,NULL,0,0,NULL),(4943,2015,0,0,NULL,NULL,NULL,NULL,NULL),(4944,2014,0,0,NULL,NULL,0,0,NULL),(4944,2015,0,0,NULL,NULL,NULL,NULL,NULL),(4945,2015,0,0,NULL,NULL,NULL,NULL,NULL),(4946,2013,4,0,1,NULL,0,0,NULL),(4946,2014,0,0,NULL,NULL,0,0,NULL),(4946,2015,1,0,6,NULL,0,0,NULL),(4947,2013,0,0,NULL,NULL,0,0,NULL),(4947,2014,0,0,NULL,NULL,0,0,NULL),(4947,2015,0,0,NULL,NULL,0,0,NULL),(4948,2014,0,0,NULL,NULL,0,0,NULL),(4948,2015,0,0,NULL,NULL,0,0,NULL),(4949,2013,7,0,11,NULL,0,0,NULL),(4949,2014,10,0,NULL,5,0,0,NULL),(4949,2015,0,0,NULL,NULL,0,0,NULL),(4950,2015,0,0,NULL,NULL,NULL,NULL,NULL),(4951,2013,0,0,NULL,NULL,0,0,NULL),(4951,2014,0,0,NULL,NULL,0,0,NULL),(4951,2015,0,0,NULL,NULL,0,0,NULL),(4952,2013,0,0,NULL,NULL,0,0,NULL),(4952,2014,0,0,NULL,NULL,0,0,NULL),(4952,2015,0,0,NULL,NULL,0,0,NULL),(4953,2013,0,0,NULL,NULL,0,0,NULL),(4953,2014,0,0,NULL,NULL,0,0,NULL),(4953,2015,0,0,NULL,NULL,0,0,NULL),(4954,2013,0,0,NULL,NULL,0,0,NULL),(4954,2014,1,0,11,NULL,0,0,NULL),(4954,2015,8,0,10,NULL,0,0,NULL),(4955,2013,0,0,NULL,NULL,0,0,NULL),(4955,2014,0,0,NULL,NULL,0,0,NULL),(4955,2015,0,0,NULL,NULL,0,0,NULL),(4956,2012,2,0,10,NULL,0,0,NULL),(4956,2013,1,0,1,NULL,0,0,NULL),(4956,2014,8,0,7,NULL,0,0,NULL),(4956,2015,11,1,NULL,7,0,0,NULL),(4957,2015,0,0,NULL,NULL,NULL,NULL,NULL),(4958,2013,0,0,NULL,NULL,0,0,NULL),(4958,2014,0,0,NULL,NULL,0,0,NULL),(4958,2015,0,0,NULL,NULL,0,0,NULL),(4959,2015,0,0,NULL,NULL,NULL,NULL,NULL),(4960,2013,0,0,NULL,NULL,0,0,NULL),(4960,2014,0,0,NULL,NULL,0,0,NULL),(4960,2015,0,0,NULL,NULL,0,0,NULL),(4961,2013,0,0,NULL,NULL,0,0,NULL),(4961,2014,14,0,1,NULL,0,0,NULL),(4961,2015,15,0,4,NULL,0,0,NULL),(4962,2013,0,0,NULL,NULL,0,0,NULL),(4962,2014,0,0,NULL,NULL,0,0,NULL),(4962,2015,0,0,NULL,NULL,0,0,NULL),(4963,2014,0,0,NULL,NULL,0,0,NULL),(4963,2015,0,0,NULL,NULL,0,0,NULL),(4964,2013,0,0,NULL,NULL,0,0,NULL),(4964,2014,0,0,NULL,NULL,0,0,NULL),(4964,2015,0,0,NULL,NULL,0,0,NULL),(4965,2013,0,0,NULL,NULL,0,0,NULL),(4965,2014,0,0,NULL,NULL,0,0,NULL),(4965,2015,0,0,NULL,NULL,0,0,NULL),(4966,2015,0,0,NULL,NULL,NULL,NULL,NULL),(4967,2015,0,0,NULL,NULL,NULL,NULL,NULL),(4968,2013,0,0,NULL,NULL,0,0,NULL),(4968,2014,0,0,NULL,NULL,0,0,NULL),(4968,2015,1,0,4,NULL,0,0,NULL),(4969,2013,0,0,NULL,NULL,0,0,NULL),(4969,2014,9,0,10,NULL,0,0,NULL),(4969,2015,21,0,12,NULL,0,0,NULL),(4970,2012,17,0,6,NULL,0,0,NULL),(4970,2013,17,1,NULL,6,0,0,NULL),(4970,2014,20,2,NULL,6,0,0,NULL),(4970,2015,23,3,NULL,11,0,0,NULL),(4971,2013,0,0,NULL,NULL,0,0,NULL),(4971,2014,0,0,NULL,NULL,0,0,NULL),(4971,2015,0,0,NULL,NULL,0,0,NULL),(4972,2013,0,0,NULL,NULL,0,0,NULL),(4972,2014,0,0,NULL,NULL,0,0,NULL),(4972,2015,0,0,NULL,NULL,0,0,NULL),(4973,2013,0,0,NULL,NULL,0,0,NULL),(4973,2014,0,0,NULL,NULL,0,0,NULL),(4973,2015,0,0,NULL,NULL,0,0,NULL),(4974,2012,22,0,8,NULL,0,0,NULL),(4974,2013,22,1,NULL,8,0,0,NULL),(4974,2014,24,0,9,NULL,0,0,NULL),(4974,2015,14,0,7,NULL,0,0,NULL),(4975,2014,0,0,NULL,NULL,0,0,NULL),(4975,2015,0,0,NULL,NULL,NULL,NULL,NULL),(4976,2014,0,0,NULL,NULL,0,0,NULL),(4976,2015,1,0,10,NULL,0,0,NULL),(4977,2014,0,0,NULL,NULL,0,0,NULL),(4977,2015,0,0,NULL,NULL,NULL,NULL,NULL),(4978,2013,3,1,NULL,9,0,0,NULL),(4978,2014,0,0,NULL,NULL,0,0,NULL),(4978,2015,5,0,11,NULL,0,0,NULL),(4979,2015,0,0,NULL,NULL,NULL,NULL,NULL),(4980,2013,0,0,NULL,NULL,0,0,NULL),(4980,2014,0,0,NULL,NULL,0,0,NULL),(4980,2015,1,0,3,NULL,0,0,NULL),(4981,2012,1,0,6,NULL,0,0,NULL),(4981,2013,1,0,NULL,6,0,0,NULL),(4981,2014,0,0,NULL,NULL,0,0,NULL),(4981,2015,0,0,NULL,NULL,0,0,NULL),(4982,2013,0,0,NULL,NULL,0,0,NULL),(4982,2014,0,0,NULL,NULL,0,0,NULL),(4982,2015,0,0,NULL,NULL,0,0,NULL),(4983,2013,0,0,NULL,NULL,0,0,NULL),(4983,2014,0,0,NULL,NULL,0,0,NULL),(4983,2015,0,0,NULL,NULL,0,0,NULL),(4984,2013,0,0,NULL,NULL,0,0,NULL),(4984,2014,0,0,NULL,NULL,0,0,NULL),(4984,2015,0,0,NULL,NULL,0,0,NULL),(4985,2013,0,0,11,NULL,1,1,NULL),(4985,2014,0,0,NULL,NULL,1,1,NULL),(4985,2015,0,0,NULL,NULL,1,1,NULL),(4986,2014,0,0,NULL,NULL,0,0,NULL),(4986,2015,0,0,NULL,NULL,NULL,NULL,NULL),(4987,2015,0,0,NULL,NULL,NULL,NULL,NULL),(4988,2013,0,0,9,NULL,1,1,NULL),(4988,2014,0,0,NULL,9,1,1,NULL),(4988,2015,0,0,NULL,9,1,1,NULL),(4989,2013,0,0,NULL,NULL,0,0,NULL),(4989,2014,0,0,NULL,NULL,0,0,NULL),(4989,2015,0,0,NULL,NULL,0,0,NULL),(4990,2012,1,0,6,NULL,0,0,NULL),(4990,2013,0,0,NULL,NULL,0,0,NULL),(4990,2014,0,0,NULL,NULL,0,0,NULL),(4990,2015,0,0,NULL,NULL,0,0,NULL),(4991,2015,0,0,NULL,NULL,NULL,NULL,NULL),(4992,2015,0,0,NULL,NULL,NULL,NULL,NULL),(4993,2012,1,0,11,NULL,0,0,NULL),(4993,2013,0,0,NULL,NULL,0,0,NULL),(4993,2014,0,0,NULL,NULL,0,0,NULL),(4993,2015,0,0,NULL,NULL,0,0,NULL),(4994,2013,0,0,NULL,8,0,0,NULL),(4994,2014,3,1,NULL,8,0,0,NULL),(4994,2015,6,2,NULL,8,0,0,NULL),(4995,2015,0,0,NULL,NULL,NULL,NULL,NULL),(4996,2015,0,0,NULL,NULL,NULL,NULL,NULL),(4997,2013,0,0,NULL,NULL,0,0,NULL),(4997,2014,0,0,NULL,NULL,0,0,NULL),(4997,2015,0,0,NULL,NULL,0,0,NULL),(4998,2013,0,0,NULL,9,1,1,NULL),(4998,2014,0,0,NULL,NULL,1,1,NULL),(4998,2015,0,0,NULL,NULL,1,1,NULL),(4999,2012,11,0,10,NULL,0,0,NULL),(4999,2013,12,0,6,NULL,0,0,NULL),(4999,2014,10,0,10,NULL,0,0,NULL),(4999,2015,0,0,NULL,NULL,0,0,NULL),(5000,2015,0,0,NULL,NULL,NULL,NULL,NULL),(5001,2013,0,0,NULL,NULL,0,0,NULL),(5001,2014,0,0,NULL,NULL,0,0,NULL),(5001,2015,0,0,NULL,NULL,0,0,NULL),(5002,2013,0,0,NULL,NULL,0,0,NULL),(5002,2014,0,0,NULL,NULL,0,0,NULL),(5002,2015,0,0,NULL,NULL,0,0,NULL),(5003,2013,0,0,NULL,NULL,0,0,NULL),(5003,2014,0,0,NULL,NULL,0,0,NULL),(5003,2015,0,0,NULL,NULL,0,0,NULL),(5004,2013,0,0,7,NULL,1,1,NULL),(5004,2014,0,0,NULL,7,1,1,NULL),(5004,2015,0,0,NULL,7,1,1,NULL),(5005,2012,2,0,7,NULL,0,0,NULL),(5005,2013,2,1,NULL,7,0,0,NULL),(5005,2014,5,2,NULL,7,0,0,NULL),(5005,2015,8,3,NULL,7,0,0,NULL),(5006,2012,18,0,9,NULL,0,0,NULL),(5006,2013,20,0,2,NULL,0,0,NULL),(5006,2014,15,0,11,NULL,0,0,NULL),(5006,2015,17,0,9,NULL,0,0,NULL),(5007,2012,47,0,4,NULL,0,0,NULL),(5007,2013,47,1,NULL,4,0,0,NULL),(5007,2014,20,0,7,NULL,0,0,NULL),(5007,2015,23,1,NULL,7,0,0,NULL),(5008,2015,0,0,NULL,NULL,NULL,NULL,NULL),(5009,2012,18,0,4,NULL,0,0,NULL),(5009,2013,17,0,3,NULL,0,0,NULL),(5009,2014,1,0,11,NULL,0,0,NULL),(5009,2015,8,0,9,NULL,0,0,NULL),(5010,2013,0,0,NULL,NULL,0,0,NULL),(5010,2014,0,0,NULL,NULL,0,0,NULL),(5010,2015,0,0,NULL,NULL,0,0,NULL),(5011,2014,0,0,NULL,NULL,0,0,NULL),(5011,2015,0,0,NULL,NULL,0,0,NULL),(5012,2012,11,0,1,NULL,0,0,NULL),(5012,2013,11,1,NULL,1,0,0,NULL),(5012,2014,14,2,NULL,1,0,0,NULL),(5012,2015,17,3,NULL,1,0,0,NULL),(5013,2014,0,0,NULL,NULL,0,0,NULL),(5013,2015,0,0,NULL,NULL,0,0,NULL),(5014,2013,0,0,NULL,NULL,0,0,NULL),(5014,2014,0,0,NULL,NULL,0,0,NULL),(5014,2015,0,0,NULL,NULL,0,0,NULL),(5015,2013,0,0,NULL,NULL,0,0,NULL),(5015,2014,0,0,NULL,NULL,0,0,NULL),(5015,2015,0,0,NULL,NULL,0,0,NULL),(5016,2013,0,0,NULL,NULL,0,0,NULL),(5016,2014,0,0,NULL,NULL,0,0,NULL),(5016,2015,0,0,NULL,NULL,0,0,NULL),(5017,2013,0,0,NULL,NULL,0,0,NULL),(5017,2014,0,0,NULL,NULL,0,0,NULL),(5017,2015,0,0,NULL,NULL,0,0,NULL),(5018,2015,0,0,NULL,NULL,NULL,NULL,NULL),(5019,2015,0,0,NULL,NULL,NULL,NULL,NULL),(5020,2013,11,0,2,NULL,0,0,NULL),(5020,2014,14,1,NULL,2,0,0,NULL),(5020,2015,20,0,8,NULL,0,0,NULL),(5021,2015,0,0,NULL,NULL,NULL,NULL,NULL),(5022,2013,0,0,9,NULL,1,1,NULL),(5022,2014,0,0,NULL,3,1,1,NULL),(5022,2015,0,0,NULL,3,1,1,NULL),(5023,2013,0,0,NULL,NULL,0,0,NULL),(5023,2014,0,0,NULL,NULL,0,0,NULL),(5023,2015,0,0,NULL,NULL,0,0,NULL),(5024,2012,22,0,5,NULL,0,0,NULL),(5024,2013,12,0,6,NULL,0,0,NULL),(5024,2014,15,0,NULL,1,0,0,NULL),(5024,2015,7,0,2,NULL,0,0,NULL),(5025,2013,0,0,NULL,NULL,0,0,NULL),(5025,2014,0,0,NULL,NULL,0,0,NULL),(5025,2015,0,0,NULL,NULL,0,0,NULL),(5026,2012,28,0,11,NULL,0,0,NULL),(5026,2013,12,0,12,NULL,0,0,NULL),(5026,2014,2,0,2,NULL,0,0,NULL),(5026,2015,0,0,NULL,NULL,0,0,NULL),(5027,2013,0,0,NULL,NULL,0,0,NULL),(5027,2014,0,0,NULL,NULL,0,0,NULL),(5027,2015,0,0,NULL,NULL,0,0,NULL),(5028,2015,0,0,NULL,NULL,NULL,NULL,NULL),(5029,2012,42,0,12,NULL,0,0,NULL),(5029,2013,42,1,NULL,12,0,0,NULL),(5029,2014,27,0,2,NULL,0,0,NULL),(5029,2015,33,0,5,NULL,0,0,NULL),(5030,2013,0,0,NULL,NULL,0,0,NULL),(5030,2014,0,0,NULL,NULL,0,0,NULL),(5030,2015,0,0,NULL,NULL,0,0,NULL),(5031,2013,0,0,NULL,NULL,0,0,NULL),(5031,2014,0,0,NULL,NULL,0,0,NULL),(5031,2015,0,0,NULL,NULL,0,0,NULL),(5032,2013,0,0,NULL,NULL,0,0,NULL),(5032,2014,0,0,NULL,NULL,0,0,NULL),(5032,2015,0,0,NULL,NULL,0,0,NULL),(5033,2013,0,0,NULL,NULL,0,0,NULL),(5033,2014,0,0,NULL,NULL,0,0,NULL),(5033,2015,0,0,NULL,NULL,0,0,NULL),(5034,2013,0,0,NULL,NULL,0,0,NULL),(5034,2014,0,0,NULL,NULL,0,0,NULL),(5034,2015,0,0,NULL,NULL,0,0,NULL),(5035,2015,0,0,NULL,NULL,NULL,NULL,NULL),(5036,2013,0,0,NULL,NULL,0,0,NULL),(5036,2014,0,0,NULL,NULL,0,0,NULL),(5036,2015,0,0,NULL,NULL,0,0,NULL),(5037,2013,0,0,NULL,NULL,0,0,NULL),(5037,2014,0,0,NULL,NULL,0,0,NULL),(5037,2015,3,1,NULL,1,0,0,NULL),(5038,2013,0,0,NULL,NULL,0,0,NULL),(5038,2014,0,0,NULL,NULL,0,0,NULL),(5038,2015,0,0,NULL,NULL,0,0,NULL),(5039,2013,0,0,NULL,NULL,0,0,NULL),(5039,2014,0,0,NULL,NULL,0,0,NULL),(5039,2015,0,0,NULL,NULL,0,0,NULL),(5040,2013,8,0,11,NULL,0,0,NULL),(5040,2014,10,0,1,NULL,0,0,NULL),(5040,2015,0,0,NULL,NULL,0,0,NULL),(5041,2014,0,0,NULL,NULL,0,0,NULL),(5041,2015,0,0,NULL,NULL,NULL,NULL,NULL),(5042,2012,1,0,7,NULL,0,0,NULL),(5042,2013,1,1,NULL,8,0,0,NULL),(5042,2014,5,0,11,NULL,0,0,NULL),(5042,2015,0,0,NULL,NULL,0,0,NULL),(5043,2014,0,0,NULL,NULL,0,0,NULL),(5043,2015,0,0,NULL,NULL,NULL,NULL,NULL),(5044,2014,0,0,NULL,NULL,0,0,NULL),(5044,2015,0,0,NULL,NULL,NULL,NULL,NULL),(5045,2013,3,1,NULL,6,0,0,NULL),(5045,2014,0,0,NULL,NULL,0,0,NULL),(5045,2015,0,0,NULL,NULL,0,0,NULL),(5046,2012,4,0,10,NULL,0,0,NULL),(5046,2013,18,0,11,NULL,0,0,NULL),(5046,2014,0,0,NULL,NULL,0,0,NULL),(5046,2015,0,0,NULL,NULL,0,0,NULL),(5047,2015,0,0,NULL,NULL,NULL,NULL,NULL),(5048,2014,0,0,NULL,NULL,0,0,NULL),(5048,2015,0,0,NULL,NULL,NULL,NULL,NULL),(5049,2013,0,0,NULL,NULL,0,0,NULL),(5049,2014,0,0,NULL,NULL,0,0,NULL),(5049,2015,0,0,NULL,NULL,0,0,NULL),(5050,2013,3,1,NULL,3,0,0,NULL),(5050,2014,3,0,5,NULL,0,0,NULL),(5050,2015,0,0,NULL,NULL,0,0,NULL),(5051,2013,0,0,NULL,NULL,0,0,NULL),(5051,2014,0,0,NULL,NULL,0,0,NULL),(5051,2015,0,0,NULL,NULL,0,0,NULL),(5052,2012,18,0,2,NULL,0,0,NULL),(5052,2013,12,0,12,NULL,0,0,NULL),(5052,2014,15,1,NULL,3,0,0,NULL),(5052,2015,18,2,NULL,3,0,0,NULL),(5053,2013,0,0,NULL,NULL,0,0,NULL),(5053,2014,0,0,NULL,NULL,0,0,NULL),(5053,2015,5,0,2,NULL,0,0,NULL),(5054,2013,0,0,NULL,NULL,0,0,NULL),(5054,2014,0,0,NULL,NULL,0,0,NULL),(5054,2015,0,0,NULL,NULL,0,0,NULL),(5055,2013,0,0,6,NULL,0,0,NULL),(5055,2014,3,1,NULL,6,0,0,NULL),(5055,2015,21,0,10,NULL,0,0,NULL),(5056,2013,0,0,NULL,NULL,0,0,NULL),(5056,2014,0,0,NULL,NULL,0,0,NULL),(5056,2015,0,0,NULL,NULL,0,0,NULL),(5057,2013,0,0,NULL,NULL,0,0,NULL),(5057,2014,0,0,NULL,NULL,0,0,NULL),(5057,2015,0,0,NULL,NULL,0,0,NULL),(5058,2013,0,0,NULL,NULL,0,0,NULL),(5058,2014,0,0,NULL,NULL,0,0,NULL),(5058,2015,0,0,NULL,NULL,0,0,NULL),(5059,2013,0,0,NULL,NULL,0,0,NULL),(5059,2014,0,0,NULL,NULL,0,0,NULL),(5059,2015,0,0,NULL,NULL,0,0,NULL),(5060,2013,0,0,NULL,NULL,0,0,NULL),(5060,2014,0,0,NULL,NULL,0,0,NULL),(5060,2015,0,0,NULL,NULL,0,0,NULL),(5061,2013,0,0,NULL,NULL,0,0,NULL),(5061,2014,0,0,NULL,NULL,0,0,NULL),(5061,2015,5,0,7,NULL,0,0,NULL),(5062,2012,1,0,1,NULL,0,0,NULL),(5062,2013,9,0,9,NULL,0,0,NULL),(5062,2014,1,0,7,NULL,0,0,NULL),(5062,2015,0,0,NULL,NULL,0,0,NULL),(5063,2012,4,0,2,NULL,0,0,NULL),(5063,2013,4,1,NULL,3,0,0,NULL),(5063,2014,8,0,5,NULL,0,0,NULL),(5063,2015,10,0,12,NULL,0,0,NULL),(5064,2014,0,0,NULL,NULL,0,0,NULL),(5064,2015,0,0,NULL,NULL,0,0,NULL),(5065,2012,1,0,9,NULL,0,0,NULL),(5065,2013,12,0,1,NULL,0,0,NULL),(5065,2014,4,0,12,NULL,0,0,NULL),(5065,2015,0,0,NULL,NULL,0,0,NULL),(5066,2014,0,0,NULL,NULL,0,0,NULL),(5066,2015,0,0,NULL,NULL,0,0,NULL),(5067,2015,0,0,NULL,NULL,NULL,NULL,NULL),(5068,2012,13,0,10,NULL,0,0,NULL),(5068,2013,13,1,NULL,10,0,0,NULL),(5068,2014,16,2,NULL,10,0,0,NULL),(5068,2015,19,3,NULL,10,0,0,NULL),(5069,2015,0,0,NULL,NULL,NULL,NULL,NULL),(5070,2013,0,0,NULL,NULL,0,0,NULL),(5070,2014,0,0,NULL,NULL,0,0,NULL),(5070,2015,0,0,NULL,NULL,0,0,NULL),(5071,2013,3,1,NULL,10,0,0,NULL),(5071,2014,6,2,NULL,10,0,0,NULL),(5071,2015,9,3,NULL,10,0,0,NULL),(5072,2013,0,0,NULL,NULL,0,0,NULL),(5072,2014,1,0,11,NULL,0,0,NULL),(5072,2015,4,1,NULL,8,0,0,NULL),(5073,2013,3,1,NULL,2,0,0,NULL),(5073,2014,6,2,NULL,5,0,0,NULL),(5073,2015,9,3,NULL,5,0,0,NULL),(5074,2012,13,0,3,NULL,0,0,NULL),(5074,2013,19,0,8,NULL,0,0,NULL),(5074,2014,22,0,NULL,5,0,0,NULL),(5074,2015,26,0,12,NULL,0,0,NULL),(5075,2014,0,0,NULL,NULL,0,0,NULL),(5075,2015,0,0,NULL,NULL,NULL,NULL,NULL),(5076,2014,0,0,NULL,NULL,0,0,NULL),(5076,2015,0,0,NULL,NULL,0,0,NULL),(5077,2012,1,0,3,NULL,0,0,NULL),(5077,2013,1,1,NULL,3,0,0,NULL),(5077,2014,4,2,NULL,3,0,0,NULL),(5077,2015,7,3,NULL,12,0,0,NULL),(5078,2013,0,0,5,NULL,1,1,NULL),(5078,2014,0,0,NULL,5,1,1,NULL),(5078,2015,0,0,NULL,5,1,1,NULL),(5079,2012,27,0,9,NULL,0,0,NULL),(5079,2013,27,1,NULL,9,0,0,NULL),(5079,2014,16,0,3,NULL,0,0,NULL),(5079,2015,4,0,7,NULL,0,0,NULL),(5080,2013,0,0,NULL,NULL,0,0,NULL),(5080,2014,0,0,NULL,NULL,0,0,NULL),(5080,2015,0,0,NULL,NULL,0,0,NULL),(5081,2013,0,0,NULL,NULL,0,0,NULL),(5081,2014,0,0,NULL,NULL,0,0,NULL),(5081,2015,0,0,NULL,NULL,0,0,NULL),(5082,2012,1,0,12,NULL,0,0,NULL),(5082,2013,12,0,11,NULL,0,0,NULL),(5082,2014,14,0,1,NULL,0,0,NULL),(5082,2015,0,0,NULL,NULL,0,0,NULL),(5083,2015,0,0,NULL,NULL,NULL,NULL,NULL),(5084,2013,0,0,NULL,NULL,0,0,NULL),(5084,2014,0,0,NULL,NULL,0,0,NULL),(5084,2015,0,0,NULL,NULL,0,0,NULL),(5085,2012,19,0,8,NULL,0,0,NULL),(5085,2013,12,0,2,NULL,0,0,NULL),(5085,2014,12,0,8,NULL,0,0,NULL),(5085,2015,0,0,NULL,NULL,0,0,NULL),(5086,2013,0,0,NULL,NULL,0,0,NULL),(5086,2014,0,0,NULL,NULL,0,0,NULL),(5086,2015,0,0,NULL,NULL,0,0,NULL),(5087,2012,17,0,10,NULL,0,0,NULL),(5087,2013,17,1,NULL,10,0,0,NULL),(5087,2014,4,0,12,NULL,0,0,NULL),(5087,2015,0,0,NULL,NULL,0,0,NULL),(5088,2014,0,0,NULL,NULL,0,0,NULL),(5088,2015,0,0,NULL,NULL,0,0,NULL),(5089,2013,0,0,NULL,NULL,0,0,NULL),(5089,2014,0,0,NULL,NULL,0,0,NULL),(5089,2015,0,0,NULL,NULL,0,0,NULL),(5090,2013,4,0,3,NULL,0,0,NULL),(5090,2014,0,0,NULL,NULL,0,0,NULL),(5090,2015,0,0,NULL,NULL,0,0,NULL),(5091,2012,43,0,2,NULL,0,0,NULL),(5091,2013,45,0,1,NULL,0,0,NULL),(5091,2014,32,0,8,NULL,0,0,NULL),(5091,2015,33,0,9,NULL,0,0,NULL),(5092,2015,0,0,NULL,NULL,NULL,NULL,NULL),(5093,2013,0,0,7,NULL,1,1,NULL),(5093,2014,0,0,NULL,7,0,0,NULL),(5093,2015,3,1,NULL,7,0,0,NULL),(5094,2014,0,0,NULL,NULL,0,0,NULL),(5094,2015,0,0,NULL,NULL,NULL,NULL,NULL),(5095,2013,0,0,NULL,5,0,0,NULL),(5095,2014,5,0,5,NULL,0,0,NULL),(5095,2015,8,1,NULL,5,0,0,NULL),(5096,2013,0,0,NULL,NULL,0,0,NULL),(5096,2014,0,0,NULL,NULL,0,0,NULL),(5096,2015,0,0,NULL,NULL,0,0,NULL),(5097,2013,0,0,NULL,NULL,0,0,NULL),(5097,2014,3,0,NULL,8,0,0,NULL),(5097,2015,0,0,NULL,NULL,0,0,NULL),(5098,2012,8,0,8,NULL,0,0,NULL),(5098,2013,11,0,5,NULL,0,0,NULL),(5098,2014,5,0,4,NULL,0,0,NULL),(5098,2015,0,0,NULL,NULL,0,0,NULL),(5099,2013,0,0,NULL,NULL,0,0,NULL),(5099,2014,0,0,NULL,NULL,0,0,NULL),(5099,2015,0,0,NULL,NULL,0,0,NULL),(5100,2013,0,0,NULL,NULL,0,0,NULL),(5100,2014,0,0,NULL,NULL,0,0,NULL),(5100,2015,0,0,NULL,NULL,0,0,NULL),(5101,2013,0,0,2,NULL,1,1,NULL),(5101,2014,0,0,NULL,2,1,1,NULL),(5101,2015,0,0,NULL,2,1,1,NULL),(5102,2014,0,0,NULL,NULL,0,0,NULL),(5102,2015,0,0,NULL,NULL,0,0,NULL),(5103,2013,0,0,NULL,NULL,0,0,NULL),(5103,2014,0,0,NULL,NULL,0,0,NULL),(5103,2015,0,0,NULL,NULL,0,0,NULL),(5104,2015,0,0,NULL,NULL,NULL,NULL,NULL),(5105,2012,9,0,2,NULL,0,0,NULL),(5105,2013,3,0,2,NULL,0,0,NULL),(5105,2014,0,0,NULL,NULL,0,0,NULL),(5105,2015,0,0,NULL,NULL,0,0,NULL),(5106,2013,0,0,NULL,NULL,0,0,NULL),(5106,2014,0,0,NULL,NULL,0,0,NULL),(5106,2015,0,0,NULL,NULL,0,0,NULL),(5107,2014,0,0,NULL,NULL,0,0,NULL),(5107,2015,0,0,NULL,NULL,0,0,NULL),(5108,2013,0,0,NULL,NULL,0,0,NULL),(5108,2014,0,0,NULL,NULL,0,0,NULL),(5108,2015,0,0,NULL,NULL,0,0,NULL),(5109,2013,0,0,NULL,NULL,0,0,NULL),(5109,2014,0,0,NULL,NULL,0,0,NULL),(5109,2015,0,0,NULL,NULL,0,0,NULL),(5110,2015,0,0,NULL,NULL,NULL,NULL,NULL),(5111,2013,0,0,NULL,NULL,0,0,NULL),(5111,2014,0,0,NULL,NULL,0,0,NULL),(5111,2015,3,1,NULL,8,0,0,NULL),(5112,2012,43,0,9,NULL,0,0,NULL),(5112,2013,43,1,NULL,9,0,0,NULL),(5112,2014,43,2,NULL,11,0,0,NULL),(5112,2015,43,3,NULL,11,0,0,NULL),(5113,2012,8,0,9,NULL,0,0,NULL),(5113,2013,8,0,9,NULL,0,0,NULL),(5113,2014,0,0,NULL,NULL,0,0,NULL),(5113,2015,0,0,NULL,NULL,0,0,NULL),(5114,2012,26,0,12,NULL,0,0,NULL),(5114,2013,12,0,11,NULL,0,0,NULL),(5114,2014,14,0,5,NULL,0,0,NULL),(5114,2015,17,1,NULL,6,0,0,NULL),(5115,2015,0,0,NULL,NULL,NULL,NULL,NULL),(5116,2014,0,0,NULL,NULL,0,0,NULL),(5116,2015,0,0,NULL,NULL,0,0,NULL),(5117,2014,0,0,NULL,NULL,0,0,NULL),(5117,2015,0,0,NULL,NULL,NULL,NULL,NULL),(5118,2013,0,0,NULL,NULL,0,0,NULL),(5118,2014,0,0,NULL,NULL,0,0,NULL),(5118,2015,0,0,NULL,NULL,0,0,NULL),(5119,2013,0,0,NULL,NULL,0,0,NULL),(5119,2014,0,0,NULL,NULL,0,0,NULL),(5119,2015,0,0,NULL,NULL,0,0,NULL),(5120,2015,0,0,NULL,NULL,NULL,NULL,NULL),(5121,2013,0,0,NULL,NULL,0,0,NULL),(5121,2014,0,0,NULL,NULL,0,0,NULL),(5121,2015,0,0,NULL,NULL,0,0,NULL),(5122,2013,0,0,NULL,NULL,0,0,NULL),(5122,2014,0,0,NULL,NULL,0,0,NULL),(5122,2015,0,0,NULL,NULL,0,0,NULL),(5123,2013,0,0,NULL,NULL,0,0,NULL),(5123,2014,0,0,NULL,NULL,0,0,NULL),(5123,2015,0,0,NULL,NULL,0,0,NULL),(5124,2015,0,0,NULL,NULL,NULL,NULL,NULL),(5125,2013,0,0,NULL,NULL,0,0,NULL),(5125,2014,0,0,NULL,NULL,0,0,NULL),(5125,2015,0,0,NULL,NULL,0,0,NULL),(5126,2013,0,0,NULL,NULL,0,0,NULL),(5126,2014,0,0,NULL,NULL,0,0,NULL),(5126,2015,12,0,5,NULL,0,0,NULL),(5127,2013,0,0,NULL,NULL,0,0,NULL),(5127,2014,3,1,NULL,5,0,0,NULL),(5127,2015,1,0,11,NULL,0,0,NULL),(5128,2013,0,0,NULL,NULL,0,0,NULL),(5128,2014,0,0,NULL,NULL,0,0,NULL),(5128,2015,0,0,NULL,NULL,0,0,NULL),(5129,2013,0,0,NULL,NULL,1,1,NULL),(5129,2014,0,0,NULL,NULL,0,0,NULL),(5129,2015,1,0,10,NULL,0,0,NULL),(5130,2012,28,0,6,NULL,0,0,NULL),(5130,2013,28,1,NULL,6,0,0,NULL),(5130,2014,4,0,7,NULL,0,0,NULL),(5130,2015,0,0,NULL,NULL,0,0,NULL),(5131,2012,32,0,1,NULL,0,0,NULL),(5131,2013,32,1,NULL,1,0,0,NULL),(5131,2014,32,2,NULL,1,0,0,NULL),(5131,2015,32,3,NULL,1,0,0,NULL),(5132,2013,0,0,NULL,NULL,0,0,NULL),(5132,2014,1,0,6,NULL,0,0,NULL),(5132,2015,4,1,NULL,6,0,0,NULL),(5133,2013,0,0,NULL,NULL,0,0,NULL),(5133,2014,0,0,NULL,NULL,0,0,NULL),(5133,2015,0,0,NULL,NULL,0,0,NULL),(5134,2013,0,0,NULL,NULL,0,0,NULL),(5134,2014,0,0,NULL,NULL,0,0,NULL),(5134,2015,3,1,NULL,2,0,0,NULL),(5135,2015,0,0,NULL,NULL,NULL,NULL,NULL),(5136,2013,0,0,NULL,NULL,0,0,NULL),(5136,2014,0,0,NULL,NULL,0,0,NULL),(5136,2015,1,0,6,NULL,0,0,NULL),(5137,2014,0,0,NULL,NULL,0,0,NULL),(5137,2015,0,0,NULL,NULL,NULL,NULL,NULL),(5138,2013,0,0,NULL,NULL,0,0,NULL),(5138,2014,0,0,NULL,NULL,0,0,NULL),(5138,2015,0,0,NULL,NULL,0,0,NULL),(5139,2014,4,0,1,NULL,1,1,NULL),(5139,2015,0,0,NULL,NULL,1,1,NULL),(5140,2013,0,0,8,NULL,1,1,NULL),(5140,2014,0,0,NULL,NULL,1,1,NULL),(5140,2015,0,0,NULL,NULL,1,1,NULL),(5141,2013,0,0,NULL,NULL,0,0,NULL),(5141,2014,0,0,NULL,NULL,0,0,NULL),(5141,2015,0,0,NULL,NULL,0,0,NULL),(5142,2015,0,0,NULL,NULL,NULL,NULL,NULL),(5143,2013,0,0,NULL,NULL,0,0,NULL),(5143,2014,0,0,NULL,NULL,0,0,NULL),(5143,2015,0,0,NULL,NULL,0,0,NULL),(5144,2015,0,0,NULL,NULL,NULL,NULL,NULL),(5145,2013,0,0,NULL,NULL,0,0,NULL),(5145,2014,0,0,NULL,NULL,0,0,NULL),(5145,2015,1,0,6,NULL,0,0,NULL),(5146,2012,2,0,11,NULL,0,0,NULL),(5146,2013,2,1,NULL,11,0,0,NULL),(5146,2014,5,2,NULL,11,0,0,NULL),(5146,2015,8,3,NULL,12,0,0,NULL),(5147,2015,0,0,NULL,NULL,NULL,NULL,NULL),(5148,2013,0,0,NULL,NULL,0,0,NULL),(5148,2014,0,0,NULL,NULL,0,0,NULL),(5148,2015,0,0,NULL,NULL,0,0,NULL),(5149,2013,0,0,NULL,NULL,0,0,NULL),(5149,2014,0,0,NULL,NULL,0,0,NULL),(5149,2015,3,1,NULL,11,0,0,NULL),(5150,2012,15,0,11,NULL,0,0,NULL),(5150,2013,10,0,3,NULL,0,0,NULL),(5150,2014,0,0,NULL,NULL,0,0,NULL),(5150,2015,0,0,NULL,NULL,0,0,NULL),(5151,2013,0,0,NULL,NULL,0,0,NULL),(5151,2014,0,0,NULL,NULL,0,0,NULL),(5151,2015,0,0,NULL,NULL,0,0,NULL),(5152,2013,0,0,NULL,NULL,0,0,NULL),(5152,2014,0,0,NULL,NULL,0,0,NULL),(5152,2015,0,0,NULL,NULL,0,0,NULL),(5153,2012,33,0,1,NULL,0,0,NULL),(5153,2013,33,1,NULL,1,0,0,NULL),(5153,2014,36,2,NULL,1,0,0,NULL),(5153,2015,38,0,12,NULL,0,0,NULL),(5154,2015,0,0,NULL,NULL,NULL,NULL,NULL),(5155,2012,1,0,1,NULL,0,0,NULL),(5155,2013,1,1,NULL,1,0,0,NULL),(5155,2014,12,0,9,NULL,0,0,NULL),(5155,2015,0,0,NULL,NULL,0,0,NULL),(5156,2013,0,0,NULL,NULL,0,0,NULL),(5156,2014,15,0,7,NULL,0,0,NULL),(5156,2015,18,1,NULL,7,0,0,NULL),(5157,2013,0,0,NULL,NULL,0,0,NULL),(5157,2014,0,0,NULL,NULL,0,0,NULL),(5157,2015,0,0,NULL,NULL,0,0,NULL),(5158,2012,11,0,7,NULL,0,0,NULL),(5158,2013,0,0,NULL,NULL,0,0,NULL),(5158,2014,0,0,NULL,NULL,0,0,NULL),(5158,2015,0,0,NULL,NULL,0,0,NULL),(5159,2012,3,0,3,NULL,0,0,NULL),(5159,2013,3,1,NULL,3,0,0,NULL),(5159,2014,6,2,NULL,3,0,0,NULL),(5159,2015,1,0,4,NULL,0,0,NULL),(5160,2013,0,0,NULL,NULL,0,0,NULL),(5160,2014,0,0,NULL,NULL,0,0,NULL),(5160,2015,0,0,NULL,NULL,0,0,NULL),(5161,2014,0,0,NULL,NULL,0,0,NULL),(5161,2015,0,0,NULL,NULL,0,0,NULL),(5162,2013,0,0,NULL,NULL,0,0,NULL),(5162,2014,0,0,NULL,NULL,0,0,NULL),(5162,2015,0,0,NULL,NULL,0,0,NULL),(5163,2013,0,0,NULL,NULL,0,0,NULL),(5163,2014,9,0,10,NULL,0,0,NULL),(5163,2015,18,0,1,NULL,0,0,NULL),(5164,2013,0,0,NULL,NULL,0,0,NULL),(5164,2014,0,0,NULL,NULL,0,0,NULL),(5164,2015,0,0,NULL,NULL,0,0,NULL),(5165,2013,0,0,NULL,NULL,0,0,NULL),(5165,2014,0,0,NULL,NULL,0,0,NULL),(5165,2015,0,0,NULL,NULL,NULL,NULL,NULL),(5166,2013,0,0,NULL,NULL,0,0,NULL),(5166,2014,0,0,NULL,NULL,0,0,NULL),(5166,2015,0,0,NULL,NULL,NULL,NULL,NULL),(5167,2014,0,0,2,NULL,1,1,NULL),(5167,2015,0,0,NULL,2,1,1,NULL),(5168,2013,0,0,NULL,NULL,0,0,NULL),(5168,2014,0,0,NULL,NULL,0,0,NULL),(5168,2015,0,0,NULL,NULL,0,0,NULL),(5169,2013,0,0,NULL,NULL,0,0,NULL),(5169,2014,0,0,NULL,NULL,0,0,NULL),(5169,2015,1,0,6,NULL,0,0,NULL),(5170,2013,0,0,NULL,NULL,0,0,NULL),(5170,2014,0,0,NULL,NULL,0,0,NULL),(5170,2015,0,0,NULL,NULL,0,0,NULL),(5171,2014,0,0,NULL,NULL,0,0,NULL),(5171,2015,0,0,NULL,NULL,0,0,NULL),(5172,2015,0,0,NULL,NULL,NULL,NULL,NULL),(5173,2013,0,0,NULL,NULL,0,0,NULL),(5173,2014,0,0,NULL,NULL,0,0,NULL),(5173,2015,0,0,NULL,NULL,0,0,NULL),(5174,2013,0,0,NULL,NULL,0,0,NULL),(5174,2014,0,0,NULL,NULL,0,0,NULL),(5174,2015,0,0,NULL,NULL,0,0,NULL),(5175,2013,0,0,NULL,NULL,0,0,NULL),(5175,2014,0,0,NULL,NULL,0,0,NULL),(5175,2015,0,0,NULL,NULL,0,0,NULL),(5176,2014,0,0,NULL,NULL,0,0,NULL),(5176,2015,0,0,NULL,NULL,NULL,NULL,NULL),(5177,2014,0,0,NULL,NULL,0,0,NULL),(5177,2015,0,0,NULL,NULL,0,0,NULL),(5178,2013,0,0,NULL,NULL,0,0,NULL),(5178,2014,0,0,NULL,NULL,0,0,NULL),(5178,2015,0,0,NULL,NULL,0,0,NULL),(5179,2015,0,0,NULL,NULL,NULL,NULL,NULL),(5180,2013,0,0,NULL,NULL,0,0,NULL),(5180,2014,0,0,NULL,NULL,0,0,NULL),(5180,2015,1,0,10,NULL,0,0,NULL),(5181,2013,0,0,NULL,NULL,0,0,NULL),(5181,2014,0,0,NULL,NULL,0,0,NULL),(5181,2015,0,0,NULL,NULL,0,0,NULL),(5182,2013,0,0,NULL,NULL,0,0,NULL),(5182,2014,0,0,NULL,NULL,0,0,NULL),(5182,2015,0,0,NULL,NULL,0,0,NULL),(5183,2015,0,0,NULL,NULL,NULL,NULL,NULL),(5184,2012,8,0,6,NULL,0,0,NULL),(5184,2013,8,1,NULL,6,0,0,NULL),(5184,2014,11,2,NULL,6,0,0,NULL),(5184,2015,14,3,NULL,6,0,0,NULL),(5185,2013,0,0,NULL,NULL,0,0,NULL),(5185,2014,0,0,NULL,NULL,0,0,NULL),(5185,2015,0,0,NULL,NULL,0,0,NULL),(5186,2013,0,0,1,NULL,0,0,NULL),(5186,2014,13,0,4,NULL,0,0,NULL),(5186,2015,0,0,NULL,NULL,0,0,NULL),(5187,2013,0,0,NULL,NULL,0,0,NULL),(5187,2014,6,0,2,NULL,0,0,NULL),(5187,2015,9,1,NULL,2,0,0,NULL),(5188,2013,0,0,NULL,NULL,0,0,NULL),(5188,2014,0,0,NULL,NULL,0,0,NULL),(5188,2015,0,0,NULL,NULL,0,0,NULL),(5189,2012,15,0,6,NULL,0,0,NULL),(5189,2013,12,0,3,NULL,0,0,NULL),(5189,2014,0,0,NULL,NULL,0,0,NULL),(5189,2015,0,0,NULL,NULL,0,0,NULL),(5190,2013,0,0,NULL,NULL,0,0,NULL),(5190,2014,0,0,NULL,NULL,0,0,NULL),(5190,2015,0,0,NULL,NULL,0,0,NULL),(5191,2013,0,0,NULL,NULL,0,0,NULL),(5191,2014,0,0,NULL,NULL,0,0,NULL),(5191,2015,0,0,NULL,NULL,0,0,NULL),(5192,2013,0,0,NULL,NULL,0,0,NULL),(5192,2014,0,0,NULL,NULL,0,0,NULL),(5192,2015,0,0,NULL,NULL,0,0,NULL),(5193,2013,0,0,8,NULL,1,1,NULL),(5193,2014,0,0,NULL,8,1,1,NULL),(5193,2015,0,0,NULL,8,1,1,NULL),(5194,2014,0,0,NULL,NULL,0,0,NULL),(5194,2015,0,0,NULL,NULL,0,0,NULL),(5195,2013,0,0,NULL,NULL,0,0,NULL),(5195,2014,0,0,NULL,NULL,0,0,NULL),(5195,2015,0,0,NULL,NULL,0,0,NULL),(5196,2013,0,0,9,NULL,1,1,NULL),(5196,2014,0,0,NULL,9,0,0,NULL),(5196,2015,0,0,NULL,NULL,0,0,NULL),(5197,2013,0,0,NULL,NULL,0,0,NULL),(5197,2014,0,0,NULL,NULL,0,0,NULL),(5197,2015,0,0,NULL,NULL,0,0,NULL),(5198,2015,0,0,NULL,NULL,NULL,NULL,NULL),(5199,2013,0,0,NULL,NULL,0,0,NULL),(5199,2014,0,0,NULL,NULL,0,0,NULL),(5199,2015,0,0,NULL,NULL,0,0,NULL),(5200,2012,2,0,11,NULL,0,0,NULL),(5200,2013,0,0,NULL,NULL,0,0,NULL),(5200,2014,0,0,NULL,NULL,0,0,NULL),(5200,2015,0,0,NULL,NULL,0,0,NULL),(5201,2013,0,0,NULL,NULL,0,0,NULL),(5201,2014,0,0,NULL,NULL,0,0,NULL),(5201,2015,0,0,NULL,NULL,NULL,NULL,NULL),(5202,2013,0,0,NULL,NULL,0,0,NULL),(5202,2014,0,0,NULL,NULL,0,0,NULL),(5202,2015,0,0,NULL,NULL,0,0,NULL),(5203,2013,0,0,NULL,NULL,0,0,NULL),(5203,2014,0,0,NULL,NULL,0,0,NULL),(5203,2015,0,0,NULL,NULL,0,0,NULL),(5204,2013,1,0,5,NULL,0,0,NULL),(5204,2014,16,0,6,NULL,0,0,NULL),(5204,2015,18,0,7,NULL,0,0,NULL),(5205,2014,0,0,NULL,NULL,0,0,NULL),(5205,2015,0,0,NULL,NULL,0,0,NULL),(5206,2015,0,0,NULL,NULL,NULL,NULL,NULL),(5207,2013,0,0,NULL,NULL,0,0,NULL),(5207,2014,0,0,NULL,NULL,0,0,NULL),(5207,2015,0,0,NULL,NULL,0,0,NULL),(5208,2014,0,0,NULL,NULL,0,0,NULL),(5208,2015,0,0,NULL,NULL,NULL,NULL,NULL),(5209,2013,0,0,NULL,NULL,0,0,NULL),(5209,2014,0,0,NULL,NULL,0,0,NULL),(5209,2015,0,0,NULL,NULL,0,0,NULL),(5210,2013,0,0,3,NULL,1,1,NULL),(5210,2014,0,0,NULL,3,0,0,NULL),(5210,2015,3,1,NULL,11,0,0,NULL),(5211,2013,0,0,NULL,NULL,0,0,NULL),(5211,2014,0,0,NULL,NULL,0,0,NULL),(5211,2015,10,0,9,NULL,0,0,NULL),(5212,2012,1,0,10,NULL,0,0,NULL),(5212,2013,0,0,NULL,NULL,0,0,NULL),(5212,2014,0,0,NULL,NULL,0,0,NULL),(5212,2015,0,0,NULL,NULL,0,0,NULL),(5213,2013,3,1,NULL,3,0,0,NULL),(5213,2014,2,0,5,NULL,0,0,NULL),(5213,2015,7,0,3,NULL,0,0,NULL),(5214,2014,0,0,NULL,NULL,0,0,NULL),(5214,2015,0,0,NULL,NULL,0,0,NULL),(5215,2013,0,0,NULL,NULL,0,0,NULL),(5215,2014,0,0,NULL,NULL,0,0,NULL),(5215,2015,0,0,NULL,NULL,0,0,NULL),(5216,2013,0,0,NULL,NULL,0,0,NULL),(5216,2014,0,0,NULL,NULL,0,0,NULL),(5216,2015,0,0,NULL,NULL,0,0,NULL),(5217,2013,3,1,NULL,7,0,0,NULL),(5217,2014,6,2,NULL,7,0,0,NULL),(5217,2015,9,3,NULL,7,0,0,NULL),(5218,2013,3,0,10,NULL,0,0,NULL),(5218,2014,0,0,NULL,NULL,0,0,NULL),(5218,2015,3,1,NULL,6,0,0,NULL),(5219,2013,0,0,NULL,NULL,0,0,NULL),(5219,2014,0,0,NULL,NULL,0,0,NULL),(5219,2015,0,0,NULL,NULL,0,0,NULL),(5220,2013,4,0,3,NULL,0,0,NULL),(5220,2014,0,0,NULL,NULL,0,0,NULL),(5220,2015,0,0,NULL,NULL,0,0,NULL),(5221,2013,0,0,NULL,NULL,0,0,NULL),(5221,2014,0,0,NULL,NULL,0,0,NULL),(5221,2015,0,0,NULL,NULL,0,0,NULL),(5222,2013,0,0,NULL,NULL,0,0,NULL),(5222,2014,20,0,10,NULL,0,0,NULL),(5222,2015,11,0,2,NULL,0,0,NULL),(5223,2013,11,0,2,NULL,0,0,NULL),(5223,2014,14,1,NULL,2,0,0,NULL),(5223,2015,17,2,NULL,9,0,0,NULL),(5224,2015,0,0,NULL,NULL,NULL,NULL,NULL),(5225,2015,0,0,NULL,NULL,NULL,NULL,NULL),(5226,2015,0,0,NULL,NULL,NULL,NULL,NULL),(5227,2013,0,0,NULL,NULL,0,0,NULL),(5227,2014,0,0,NULL,NULL,0,0,NULL),(5227,2015,0,0,NULL,NULL,0,0,NULL),(5228,2013,0,0,NULL,NULL,0,0,NULL),(5228,2014,0,0,NULL,NULL,0,0,NULL),(5228,2015,0,0,NULL,NULL,0,0,NULL),(5229,2013,0,0,NULL,NULL,0,0,NULL),(5229,2014,0,0,NULL,NULL,0,0,NULL),(5229,2015,0,0,NULL,NULL,0,0,NULL),(5230,2012,21,0,7,NULL,0,0,NULL),(5230,2013,21,1,NULL,7,0,0,NULL),(5230,2014,24,2,NULL,7,0,0,NULL),(5230,2015,27,3,NULL,2,0,0,NULL),(5231,2013,0,0,NULL,NULL,0,0,NULL),(5231,2014,0,0,NULL,NULL,0,0,NULL),(5231,2015,0,0,NULL,NULL,0,0,NULL),(5232,2014,0,0,NULL,NULL,0,0,NULL),(5232,2015,0,0,NULL,NULL,NULL,NULL,NULL),(5233,2014,0,0,NULL,NULL,0,0,NULL),(5233,2015,0,0,NULL,NULL,NULL,NULL,NULL),(5234,2014,0,0,NULL,NULL,0,0,NULL),(5234,2015,0,0,NULL,NULL,0,0,NULL),(5235,2013,0,0,NULL,NULL,0,0,NULL),(5235,2014,0,0,NULL,NULL,0,0,NULL),(5235,2015,0,0,NULL,NULL,0,0,NULL),(5236,2015,0,0,NULL,NULL,NULL,NULL,NULL),(5237,2013,0,0,2,NULL,1,1,NULL),(5237,2014,0,0,NULL,11,1,1,NULL),(5237,2015,0,0,NULL,12,1,1,NULL),(5238,2012,1,0,1,NULL,0,0,NULL),(5238,2013,1,1,NULL,1,0,0,NULL),(5238,2014,4,2,NULL,1,0,0,NULL),(5238,2015,23,0,12,NULL,0,0,NULL),(5239,2013,0,0,NULL,NULL,0,0,NULL),(5239,2014,0,0,NULL,NULL,0,0,NULL),(5239,2015,0,0,NULL,NULL,0,0,NULL),(5240,2012,1,0,12,NULL,0,0,NULL),(5240,2013,1,1,NULL,12,0,0,NULL),(5240,2014,4,2,NULL,8,0,0,NULL),(5240,2015,7,3,NULL,8,0,0,NULL),(5241,2013,10,0,1,NULL,0,0,NULL),(5241,2014,0,0,NULL,NULL,0,0,NULL),(5241,2015,0,0,NULL,NULL,0,0,NULL),(5242,2013,0,0,NULL,NULL,0,0,NULL),(5242,2014,0,0,NULL,NULL,0,0,NULL),(5242,2015,0,0,NULL,NULL,0,0,NULL),(5243,2012,10,0,1,NULL,0,0,NULL),(5243,2013,0,0,NULL,NULL,0,0,NULL),(5243,2014,0,0,NULL,NULL,0,0,NULL),(5243,2015,0,0,NULL,NULL,0,0,NULL),(5244,2013,0,0,NULL,NULL,1,1,NULL),(5244,2014,0,0,NULL,12,0,0,NULL),(5244,2015,0,0,NULL,NULL,0,0,NULL),(5245,2013,0,0,NULL,NULL,0,0,NULL),(5245,2014,0,0,NULL,NULL,0,0,NULL),(5245,2015,0,0,NULL,NULL,0,0,NULL),(5246,2012,42,0,6,NULL,0,0,NULL),(5246,2013,42,1,NULL,6,0,0,NULL),(5246,2014,45,2,NULL,6,0,0,NULL),(5246,2015,48,3,NULL,6,0,0,NULL),(5247,2013,15,0,2,NULL,0,0,NULL),(5247,2014,0,0,NULL,NULL,0,0,NULL),(5247,2015,0,0,NULL,NULL,0,0,NULL),(5248,2013,0,0,NULL,NULL,0,0,NULL),(5248,2014,0,0,NULL,NULL,0,0,NULL),(5248,2015,0,0,NULL,NULL,0,0,NULL),(5249,2015,0,0,NULL,NULL,NULL,NULL,NULL),(5250,2013,0,0,2,NULL,0,0,NULL),(5250,2014,10,0,5,NULL,0,0,NULL),(5250,2015,15,0,8,NULL,0,0,NULL),(5251,2012,7,0,2,NULL,0,0,NULL),(5251,2013,7,0,NULL,2,0,0,NULL),(5251,2014,1,0,5,NULL,0,0,NULL),(5251,2015,0,0,NULL,NULL,0,0,NULL),(5252,2013,0,0,NULL,NULL,0,0,NULL),(5252,2014,0,0,NULL,NULL,0,0,NULL),(5252,2015,0,0,NULL,NULL,0,0,NULL),(5253,2015,0,0,NULL,NULL,NULL,NULL,NULL),(5254,2013,0,0,10,NULL,1,1,NULL),(5254,2014,0,0,NULL,10,1,1,NULL),(5254,2015,0,0,NULL,10,1,1,NULL),(5255,2013,0,0,NULL,NULL,0,0,NULL),(5255,2014,0,0,NULL,NULL,0,0,NULL),(5255,2015,0,0,NULL,NULL,0,0,NULL),(5256,2013,0,0,NULL,NULL,0,0,NULL),(5256,2014,0,0,NULL,NULL,0,0,NULL),(5256,2015,0,0,NULL,NULL,0,0,NULL),(5257,2015,0,0,NULL,NULL,NULL,NULL,NULL),(5258,2013,0,0,2,NULL,1,1,NULL),(5258,2014,0,0,NULL,2,0,0,NULL),(5258,2015,3,1,NULL,2,0,0,NULL),(5259,2013,0,0,NULL,NULL,0,0,NULL),(5259,2014,0,0,NULL,NULL,0,0,NULL),(5259,2015,0,0,NULL,NULL,0,0,NULL),(5260,2013,0,0,NULL,NULL,0,0,NULL),(5260,2014,0,0,NULL,NULL,0,0,NULL),(5260,2015,0,0,NULL,NULL,0,0,NULL),(5261,2015,0,0,NULL,NULL,NULL,NULL,NULL),(5262,2013,0,0,NULL,NULL,0,0,NULL),(5262,2014,0,0,NULL,NULL,0,0,NULL),(5262,2015,0,0,NULL,NULL,0,0,NULL),(5263,2014,0,0,NULL,NULL,0,0,NULL),(5263,2015,0,0,NULL,NULL,NULL,NULL,NULL),(5264,2015,0,0,NULL,NULL,NULL,NULL,NULL),(5265,2014,0,0,NULL,NULL,0,0,NULL),(5265,2015,0,0,NULL,NULL,0,0,NULL),(5266,2013,0,0,NULL,NULL,0,0,NULL),(5266,2014,3,1,NULL,9,0,0,NULL),(5266,2015,11,0,1,NULL,0,0,NULL),(5267,2014,0,0,NULL,NULL,0,0,NULL),(5267,2015,0,0,NULL,NULL,0,0,NULL),(5268,2012,5,0,2,NULL,0,0,NULL),(5268,2013,5,1,NULL,2,0,0,NULL),(5268,2014,8,0,NULL,9,0,0,NULL),(5268,2015,0,0,NULL,NULL,0,0,NULL),(5269,2013,0,0,NULL,NULL,0,0,NULL),(5269,2014,0,0,NULL,NULL,0,0,NULL),(5269,2015,0,0,NULL,NULL,0,0,NULL),(5270,2013,0,0,NULL,NULL,0,0,NULL),(5270,2014,0,0,NULL,NULL,0,0,NULL),(5270,2015,0,0,NULL,NULL,0,0,NULL),(5271,2015,0,0,NULL,NULL,NULL,NULL,NULL),(5272,2013,2,0,5,NULL,0,0,NULL),(5272,2014,0,0,NULL,NULL,0,0,NULL),(5272,2015,0,0,NULL,NULL,0,0,NULL),(5273,2014,0,0,NULL,NULL,0,0,NULL),(5273,2015,0,0,NULL,NULL,NULL,NULL,NULL),(5274,2013,0,0,NULL,NULL,0,0,NULL),(5274,2014,3,1,NULL,4,0,0,NULL),(5274,2015,17,0,8,NULL,0,0,NULL),(5275,2013,0,0,NULL,NULL,0,0,NULL),(5275,2014,0,0,NULL,NULL,0,0,NULL),(5275,2015,0,0,NULL,NULL,0,0,NULL),(5276,2013,0,0,NULL,NULL,0,0,NULL),(5276,2014,0,0,NULL,NULL,0,0,NULL),(5276,2015,0,0,NULL,NULL,0,0,NULL),(5277,2012,1,0,12,NULL,0,0,NULL),(5277,2013,0,0,NULL,NULL,0,0,NULL),(5277,2014,0,0,NULL,NULL,0,0,NULL),(5277,2015,0,0,NULL,NULL,0,0,NULL),(5278,2013,0,0,5,NULL,1,1,NULL),(5278,2014,0,0,NULL,5,0,0,NULL),(5278,2015,3,1,NULL,5,0,0,NULL),(5279,2015,0,0,NULL,NULL,NULL,NULL,NULL),(5280,2013,0,0,NULL,NULL,0,0,NULL),(5280,2014,3,0,8,NULL,0,0,NULL),(5280,2015,0,0,NULL,NULL,0,0,NULL),(5281,2013,0,0,NULL,NULL,0,0,NULL),(5281,2014,0,0,NULL,NULL,0,0,NULL),(5281,2015,0,0,NULL,NULL,0,0,NULL),(5282,2013,0,0,NULL,NULL,0,0,NULL),(5282,2014,0,0,NULL,NULL,0,0,NULL),(5282,2015,0,0,NULL,NULL,0,0,NULL),(5283,2012,7,0,5,NULL,0,0,NULL),(5283,2013,0,0,NULL,NULL,0,0,NULL),(5283,2014,3,0,NULL,8,0,0,NULL),(5283,2015,0,0,NULL,NULL,0,0,NULL),(5284,2013,0,0,9,NULL,1,1,NULL),(5284,2014,0,0,NULL,9,0,0,NULL),(5284,2015,0,0,NULL,NULL,0,0,NULL),(5285,2012,14,0,8,NULL,0,0,NULL),(5285,2013,5,0,4,NULL,0,0,NULL),(5285,2014,14,0,9,NULL,0,0,NULL),(5285,2015,0,0,NULL,NULL,0,0,NULL),(5286,2013,0,0,NULL,NULL,0,0,NULL),(5286,2014,0,0,NULL,NULL,0,0,NULL),(5286,2015,0,0,NULL,NULL,0,0,NULL),(5287,2013,0,0,5,NULL,1,1,NULL),(5287,2014,0,0,NULL,5,0,0,NULL),(5287,2015,3,1,NULL,9,0,0,NULL),(5288,2013,0,0,NULL,NULL,0,0,NULL),(5288,2014,0,0,NULL,NULL,0,0,NULL),(5288,2015,0,0,NULL,NULL,0,0,NULL),(5289,2013,0,0,NULL,NULL,0,0,NULL),(5289,2014,0,0,NULL,NULL,0,0,NULL),(5289,2015,3,1,NULL,1,0,0,NULL),(5290,2013,13,0,8,NULL,0,0,NULL),(5290,2014,0,0,NULL,NULL,0,0,NULL),(5290,2015,0,0,NULL,NULL,0,0,NULL),(5291,2012,3,0,7,NULL,0,0,NULL),(5291,2013,11,0,NULL,NULL,0,0,NULL),(5291,2014,13,0,12,NULL,0,0,NULL),(5291,2015,0,0,NULL,NULL,0,0,NULL),(5292,2012,5,0,5,NULL,0,0,NULL),(5292,2013,0,0,NULL,NULL,0,0,NULL),(5292,2014,0,0,NULL,NULL,0,0,NULL),(5292,2015,3,1,NULL,9,0,0,NULL),(5293,2014,0,0,NULL,NULL,1,1,NULL),(5293,2015,0,0,NULL,2,1,1,NULL),(5294,2013,0,0,NULL,NULL,0,0,NULL),(5294,2014,0,0,NULL,NULL,0,0,NULL),(5294,2015,0,0,NULL,NULL,0,0,NULL),(5295,2013,0,0,12,NULL,1,1,NULL),(5295,2014,0,0,NULL,12,1,1,NULL),(5295,2015,0,0,NULL,12,1,1,NULL),(5296,2013,0,0,NULL,NULL,0,0,NULL),(5296,2014,0,0,NULL,NULL,0,0,NULL),(5296,2015,1,0,6,NULL,0,0,NULL),(5297,2015,0,0,NULL,NULL,NULL,NULL,NULL),(5298,2013,0,0,NULL,NULL,0,0,NULL),(5298,2014,0,0,NULL,NULL,0,0,NULL),(5298,2015,3,0,6,NULL,0,0,NULL),(5299,2014,0,0,NULL,NULL,0,0,NULL),(5299,2015,0,0,NULL,NULL,0,0,NULL),(5300,2012,1,0,12,NULL,0,0,NULL),(5300,2013,1,1,NULL,12,0,0,NULL),(5300,2014,4,2,NULL,9,0,0,NULL),(5300,2015,0,0,NULL,NULL,0,0,NULL),(5301,2013,0,0,NULL,NULL,0,0,NULL),(5301,2014,0,0,NULL,NULL,0,0,NULL),(5301,2015,0,0,NULL,NULL,0,0,NULL),(5302,2013,0,0,NULL,NULL,0,0,NULL),(5302,2014,0,0,NULL,NULL,0,0,NULL),(5302,2015,0,0,NULL,NULL,0,0,NULL),(5303,2015,0,0,NULL,NULL,NULL,NULL,NULL),(5304,2013,0,0,NULL,NULL,0,0,NULL),(5304,2014,0,0,NULL,NULL,0,0,NULL),(5304,2015,0,0,NULL,NULL,0,0,NULL),(5305,2013,0,0,NULL,NULL,0,0,NULL),(5305,2014,0,0,NULL,NULL,0,0,NULL),(5305,2015,0,0,NULL,NULL,0,0,NULL),(5306,2013,0,0,NULL,NULL,0,0,NULL),(5306,2014,0,0,NULL,NULL,0,0,NULL),(5306,2015,0,0,NULL,NULL,0,0,NULL),(5307,2012,30,0,1,NULL,0,0,NULL),(5307,2013,15,0,12,NULL,0,0,NULL),(5307,2014,9,0,12,NULL,0,0,NULL),(5307,2015,0,0,NULL,NULL,0,0,NULL),(5308,2013,0,0,NULL,NULL,0,0,NULL),(5308,2014,0,0,NULL,NULL,0,0,NULL),(5308,2015,0,0,NULL,NULL,0,0,NULL),(5309,2013,0,0,NULL,NULL,0,0,NULL),(5309,2014,0,0,NULL,NULL,0,0,NULL),(5309,2015,0,0,NULL,NULL,0,0,NULL),(5310,2015,0,0,NULL,NULL,NULL,NULL,NULL),(5311,2013,3,1,NULL,1,0,0,NULL),(5311,2014,0,0,NULL,NULL,0,0,NULL),(5311,2015,3,1,NULL,12,0,0,NULL),(5312,2013,0,0,NULL,NULL,0,0,NULL),(5312,2014,0,0,NULL,NULL,0,0,NULL),(5312,2015,0,0,NULL,NULL,0,0,NULL),(5313,2013,0,0,NULL,NULL,0,0,NULL),(5313,2014,0,0,NULL,NULL,0,0,NULL),(5313,2015,0,0,NULL,NULL,0,0,NULL),(5314,2014,0,0,NULL,NULL,0,0,NULL),(5314,2015,0,0,NULL,NULL,NULL,NULL,NULL),(5315,2015,0,0,NULL,NULL,NULL,NULL,NULL),(5316,2015,0,0,NULL,NULL,NULL,NULL,NULL),(5317,2013,0,0,NULL,NULL,0,0,NULL),(5317,2014,0,0,NULL,NULL,0,0,NULL),(5317,2015,0,0,NULL,NULL,0,0,NULL),(5318,2013,0,0,NULL,NULL,0,0,NULL),(5318,2014,0,0,NULL,NULL,0,0,NULL),(5318,2015,0,0,NULL,NULL,0,0,NULL),(5319,2013,0,0,NULL,NULL,0,0,NULL),(5319,2014,0,0,NULL,NULL,0,0,NULL),(5319,2015,0,0,NULL,NULL,0,0,NULL),(5320,2013,0,0,7,NULL,0,0,NULL),(5320,2014,3,1,NULL,11,0,0,NULL),(5320,2015,6,2,NULL,12,0,0,NULL),(5321,2012,1,0,4,NULL,0,0,NULL),(5321,2013,5,0,9,NULL,0,0,NULL),(5321,2014,0,0,NULL,NULL,0,0,NULL),(5321,2015,0,0,NULL,NULL,0,0,NULL),(5322,2013,0,0,NULL,NULL,0,0,NULL),(5322,2014,0,0,NULL,NULL,0,0,NULL),(5322,2015,0,0,NULL,NULL,0,0,NULL),(5323,2013,0,0,NULL,NULL,0,0,NULL),(5323,2014,0,0,NULL,NULL,0,0,NULL),(5323,2015,0,0,NULL,NULL,0,0,NULL),(5324,2014,0,0,NULL,NULL,0,0,NULL),(5324,2015,0,0,NULL,NULL,0,0,NULL),(5325,2013,1,0,10,NULL,0,0,NULL),(5325,2014,2,0,6,NULL,0,0,NULL),(5325,2015,4,0,8,NULL,0,0,NULL),(5326,2015,0,0,NULL,NULL,NULL,NULL,NULL),(5327,2014,0,0,NULL,NULL,0,0,NULL),(5327,2015,0,0,NULL,NULL,0,0,NULL),(5328,2013,0,0,NULL,NULL,0,0,NULL),(5328,2014,0,0,NULL,NULL,0,0,NULL),(5328,2015,0,0,NULL,NULL,0,0,NULL),(5329,2015,0,0,NULL,NULL,NULL,NULL,NULL),(5330,2013,0,0,NULL,NULL,0,0,NULL),(5330,2014,0,0,NULL,NULL,0,0,NULL),(5330,2015,0,0,NULL,NULL,0,0,NULL),(5331,2012,22,0,10,NULL,0,0,NULL),(5331,2013,22,1,NULL,10,0,0,NULL),(5331,2014,10,0,10,NULL,0,0,NULL),(5331,2015,9,0,10,NULL,0,0,NULL),(5332,2013,0,0,NULL,NULL,0,0,NULL),(5332,2014,0,0,NULL,NULL,0,0,NULL),(5332,2015,0,0,NULL,NULL,NULL,NULL,NULL),(5333,2015,0,0,NULL,NULL,NULL,NULL,NULL),(5334,2013,0,0,NULL,NULL,0,0,NULL),(5334,2014,0,0,NULL,NULL,0,0,NULL),(5334,2015,0,0,NULL,NULL,0,0,NULL),(5335,2012,5,0,2,NULL,0,0,NULL),(5335,2013,0,0,NULL,NULL,0,0,NULL),(5335,2014,7,0,11,NULL,0,0,NULL),(5335,2015,0,0,NULL,NULL,0,0,NULL),(5336,2013,0,0,NULL,NULL,0,0,NULL),(5336,2014,0,0,NULL,NULL,0,0,NULL),(5336,2015,0,0,NULL,NULL,0,0,NULL),(5337,2012,10,0,7,NULL,0,0,NULL),(5337,2013,10,1,NULL,7,0,0,NULL),(5337,2014,13,2,NULL,10,0,0,NULL),(5337,2015,30,0,2,NULL,0,0,NULL),(5338,2015,0,0,NULL,NULL,NULL,NULL,NULL),(5339,2012,27,0,12,NULL,0,0,NULL),(5339,2013,27,1,NULL,12,0,0,NULL),(5339,2014,30,0,2,NULL,0,0,NULL),(5339,2015,19,0,8,NULL,0,0,NULL),(5340,2012,1,0,5,NULL,0,0,NULL),(5340,2013,1,1,NULL,12,0,0,NULL),(5340,2014,1,0,12,NULL,0,0,NULL),(5340,2015,0,0,NULL,NULL,0,0,NULL),(5341,2012,1,0,5,NULL,0,0,NULL),(5341,2013,0,0,NULL,NULL,0,0,NULL),(5341,2014,0,0,NULL,NULL,0,0,NULL),(5341,2015,0,0,NULL,NULL,0,0,NULL),(5342,2013,0,0,NULL,NULL,1,1,NULL),(5342,2014,0,0,NULL,8,1,1,NULL),(5342,2015,0,0,NULL,NULL,1,1,NULL),(5343,2013,0,0,NULL,NULL,0,0,NULL),(5343,2014,0,0,NULL,NULL,0,0,NULL),(5343,2015,0,0,NULL,NULL,0,0,NULL),(5344,2015,0,0,NULL,NULL,NULL,NULL,NULL),(5345,2013,0,0,12,NULL,1,1,NULL),(5345,2014,0,0,NULL,12,1,1,NULL),(5345,2015,0,0,NULL,NULL,1,1,NULL),(5346,2015,0,0,NULL,NULL,NULL,NULL,NULL),(5347,2013,0,0,NULL,NULL,0,0,NULL),(5347,2014,0,0,NULL,NULL,0,0,NULL),(5347,2015,0,0,NULL,NULL,0,0,NULL),(5348,2014,0,0,NULL,NULL,0,0,NULL),(5348,2015,0,0,NULL,NULL,0,0,NULL),(5349,2012,25,0,11,NULL,0,0,NULL),(5349,2013,14,0,12,NULL,0,0,NULL),(5349,2014,17,0,6,NULL,0,0,NULL),(5349,2015,0,0,NULL,NULL,0,0,NULL),(5350,2013,0,0,NULL,NULL,0,0,NULL),(5350,2014,4,0,6,NULL,0,0,NULL),(5350,2015,1,0,6,NULL,0,0,NULL),(5351,2013,0,0,NULL,NULL,0,0,NULL),(5351,2014,0,0,NULL,NULL,0,0,NULL),(5351,2015,0,0,NULL,NULL,0,0,NULL),(5352,2013,0,0,NULL,NULL,0,0,NULL),(5352,2014,3,0,12,NULL,0,0,NULL),(5352,2015,0,0,NULL,NULL,0,0,NULL),(5353,2013,3,1,NULL,5,0,0,NULL),(5353,2014,6,2,NULL,6,0,0,NULL),(5353,2015,12,0,9,NULL,0,0,NULL),(5354,2015,0,0,NULL,NULL,NULL,NULL,NULL),(5355,2013,17,0,10,NULL,0,0,NULL),(5355,2014,0,0,NULL,NULL,0,0,NULL),(5355,2015,0,0,NULL,NULL,0,0,NULL),(5356,2015,0,0,NULL,NULL,NULL,NULL,NULL),(5357,2012,13,0,9,NULL,0,0,NULL),(5357,2013,13,1,NULL,9,0,0,NULL),(5357,2014,16,2,NULL,1,0,0,NULL),(5357,2015,19,0,2,NULL,0,0,NULL),(5358,2013,3,0,NULL,12,0,0,NULL),(5358,2014,0,0,NULL,NULL,0,0,NULL),(5358,2015,0,0,NULL,NULL,0,0,NULL),(5359,2013,4,0,3,NULL,0,0,NULL),(5359,2014,7,1,NULL,3,0,0,NULL),(5359,2015,8,0,9,NULL,0,0,NULL),(5360,2012,36,0,5,NULL,0,0,NULL),(5360,2013,36,0,12,NULL,0,0,NULL),(5360,2014,39,0,8,NULL,0,0,NULL),(5360,2015,20,0,12,NULL,0,0,NULL),(5361,2013,8,0,6,NULL,0,0,NULL),(5361,2014,0,0,NULL,NULL,0,0,NULL),(5361,2015,0,0,NULL,NULL,0,0,NULL),(5362,2013,4,0,4,NULL,0,0,NULL),(5362,2014,1,0,11,NULL,0,0,NULL),(5362,2015,0,0,NULL,NULL,0,0,NULL),(5363,2013,0,0,NULL,NULL,0,0,NULL),(5363,2014,0,0,NULL,NULL,0,0,NULL),(5363,2015,0,0,NULL,NULL,0,0,NULL),(5364,2012,36,0,3,NULL,0,0,NULL),(5364,2013,31,0,11,NULL,0,0,NULL),(5364,2014,34,1,NULL,11,0,0,NULL),(5364,2015,46,0,1,NULL,0,0,NULL),(5365,2013,0,0,NULL,NULL,0,0,NULL),(5365,2014,3,1,NULL,8,0,0,NULL),(5365,2015,0,0,NULL,NULL,0,0,NULL),(5366,2015,0,0,NULL,NULL,NULL,NULL,NULL),(5367,2015,0,0,NULL,NULL,NULL,NULL,NULL),(5368,2013,0,0,NULL,NULL,0,0,NULL),(5368,2014,0,0,NULL,NULL,0,0,NULL),(5368,2015,0,0,NULL,NULL,0,0,NULL),(5369,2013,0,0,NULL,NULL,0,0,NULL),(5369,2014,0,0,NULL,NULL,0,0,NULL),(5369,2015,0,0,NULL,NULL,0,0,NULL),(5370,2013,0,0,NULL,NULL,0,0,NULL),(5370,2014,0,0,NULL,NULL,0,0,NULL),(5370,2015,0,0,NULL,NULL,0,0,NULL),(5371,2013,0,0,NULL,NULL,0,0,NULL),(5371,2014,0,0,NULL,NULL,0,0,NULL),(5371,2015,0,0,NULL,NULL,0,0,NULL),(5372,2012,23,0,3,NULL,0,0,NULL),(5372,2013,17,0,3,NULL,0,0,NULL),(5372,2014,12,0,3,NULL,0,0,NULL),(5372,2015,16,0,7,NULL,0,0,NULL),(5373,2013,0,0,NULL,NULL,0,0,NULL),(5373,2014,0,0,NULL,NULL,0,0,NULL),(5373,2015,1,0,10,NULL,0,0,NULL),(5374,2015,0,0,NULL,NULL,NULL,NULL,NULL),(5375,2013,0,0,NULL,NULL,0,0,NULL),(5375,2014,0,0,NULL,NULL,0,0,NULL),(5375,2015,0,0,NULL,NULL,0,0,NULL),(5376,2015,0,0,NULL,NULL,NULL,NULL,NULL),(5377,2013,0,0,NULL,NULL,0,0,NULL),(5377,2014,0,0,NULL,NULL,0,0,NULL),(5377,2015,0,0,NULL,NULL,0,0,NULL),(5378,2013,3,1,NULL,5,0,0,NULL),(5378,2014,1,0,4,NULL,0,0,NULL),(5378,2015,3,0,8,NULL,0,0,NULL),(5379,2014,0,0,5,NULL,1,1,NULL),(5379,2015,0,0,NULL,NULL,NULL,NULL,NULL),(5380,2013,0,0,NULL,NULL,0,0,NULL),(5380,2014,0,0,NULL,NULL,0,0,NULL),(5380,2015,0,0,NULL,NULL,0,0,NULL),(5381,2013,0,0,NULL,NULL,0,0,NULL),(5381,2014,0,0,NULL,NULL,0,0,NULL),(5381,2015,0,0,NULL,NULL,0,0,NULL),(5382,2013,0,1,NULL,NULL,0,0,NULL),(5382,2014,0,0,NULL,NULL,0,0,NULL),(5382,2015,0,0,NULL,NULL,0,0,NULL),(5383,2013,0,0,NULL,NULL,0,0,NULL),(5383,2014,0,0,NULL,NULL,0,0,NULL),(5383,2015,0,0,NULL,NULL,0,0,NULL),(5384,2013,0,0,5,NULL,1,1,NULL),(5384,2014,0,0,NULL,5,1,1,NULL),(5384,2015,0,0,NULL,5,1,1,NULL),(5385,2013,0,0,NULL,NULL,0,0,NULL),(5385,2014,3,1,NULL,1,0,0,NULL),(5385,2015,9,0,5,NULL,0,0,NULL),(5386,2013,0,0,NULL,NULL,0,0,NULL),(5386,2014,0,0,NULL,NULL,0,0,NULL),(5386,2015,0,0,NULL,NULL,0,0,NULL),(5387,2013,0,0,NULL,NULL,0,0,NULL),(5387,2014,0,0,NULL,NULL,0,0,NULL),(5387,2015,0,0,NULL,NULL,0,0,NULL),(5388,2013,0,0,4,NULL,1,1,NULL),(5388,2014,0,0,NULL,4,0,0,NULL),(5388,2015,12,0,4,NULL,0,0,NULL),(5389,2013,0,0,NULL,NULL,0,0,NULL),(5389,2014,0,0,NULL,NULL,0,0,NULL),(5389,2015,6,0,4,NULL,0,0,NULL),(5390,2012,5,0,4,NULL,0,0,NULL),(5390,2013,5,1,NULL,9,0,0,NULL),(5390,2014,8,2,NULL,12,0,0,NULL),(5390,2015,11,3,NULL,12,0,0,NULL),(5391,2013,0,0,NULL,NULL,0,0,NULL),(5391,2014,0,0,NULL,NULL,0,0,NULL),(5391,2015,0,0,NULL,NULL,0,0,NULL),(5392,2014,0,0,NULL,NULL,0,0,NULL),(5392,2015,0,0,NULL,NULL,NULL,NULL,NULL),(5393,2013,0,0,NULL,NULL,0,0,NULL),(5393,2014,0,0,NULL,NULL,0,0,NULL),(5393,2015,0,0,NULL,NULL,0,0,NULL),(5394,2013,0,0,NULL,NULL,0,0,NULL),(5394,2014,0,0,NULL,NULL,0,0,NULL),(5394,2015,0,0,NULL,NULL,0,0,NULL),(5395,2013,0,0,NULL,NULL,0,0,NULL),(5395,2014,0,0,NULL,NULL,0,0,NULL),(5395,2015,0,0,NULL,NULL,0,0,NULL),(5396,2012,4,0,9,NULL,0,0,NULL),(5396,2013,0,0,NULL,NULL,0,0,NULL),(5396,2014,0,0,NULL,NULL,0,0,NULL),(5396,2015,1,0,1,NULL,0,0,NULL),(5397,2013,0,0,NULL,NULL,0,0,NULL),(5397,2014,0,0,NULL,NULL,0,0,NULL),(5397,2015,0,0,NULL,NULL,0,0,NULL),(5398,2013,0,0,NULL,NULL,0,0,NULL),(5398,2014,0,0,NULL,NULL,0,0,NULL),(5398,2015,0,0,NULL,NULL,0,0,NULL),(5399,2012,9,0,4,NULL,0,0,NULL),(5399,2013,1,0,5,NULL,0,0,NULL),(5399,2014,0,0,NULL,NULL,0,0,NULL),(5399,2015,0,0,NULL,NULL,0,0,NULL),(5400,2012,20,0,9,NULL,0,0,NULL),(5400,2013,9,0,7,NULL,0,0,NULL),(5400,2014,12,1,NULL,7,0,0,NULL),(5400,2015,0,0,NULL,NULL,0,0,NULL),(5401,2012,18,0,6,NULL,0,0,NULL),(5401,2013,18,1,NULL,6,0,0,NULL),(5401,2014,21,2,NULL,2,0,0,NULL),(5401,2015,12,0,7,NULL,0,0,NULL),(5402,2013,0,0,NULL,NULL,0,0,NULL),(5402,2014,15,0,9,NULL,0,0,NULL),(5402,2015,11,0,7,NULL,0,0,NULL),(5403,2012,26,0,5,NULL,0,0,NULL),(5403,2013,26,1,NULL,5,0,0,NULL),(5403,2014,39,0,3,NULL,0,0,NULL),(5403,2015,10,0,3,NULL,0,0,NULL),(5404,2015,0,0,NULL,NULL,NULL,NULL,NULL),(5405,2013,3,1,NULL,1,0,0,NULL),(5405,2014,0,0,NULL,NULL,0,0,NULL),(5405,2015,0,0,NULL,NULL,0,0,NULL),(5406,2015,0,0,NULL,NULL,NULL,NULL,NULL),(5407,2013,0,0,NULL,NULL,0,0,NULL),(5407,2014,0,0,NULL,NULL,0,0,NULL),(5407,2015,0,0,NULL,NULL,0,0,NULL),(5408,2013,0,0,NULL,NULL,0,0,NULL),(5408,2014,0,0,NULL,NULL,0,0,NULL),(5408,2015,0,0,NULL,NULL,0,0,NULL),(5409,2015,0,0,NULL,NULL,NULL,NULL,NULL),(5410,2012,1,0,3,NULL,0,0,NULL),(5410,2013,0,0,NULL,NULL,0,0,NULL),(5410,2014,0,0,NULL,NULL,0,0,NULL),(5410,2015,0,0,NULL,NULL,0,0,NULL),(5411,2015,0,0,NULL,NULL,NULL,NULL,NULL),(5412,2015,0,0,NULL,NULL,NULL,NULL,NULL),(5413,2015,0,0,NULL,NULL,NULL,NULL,NULL),(5414,2013,0,0,NULL,NULL,0,0,NULL),(5414,2014,0,0,NULL,NULL,0,0,NULL),(5414,2015,0,0,NULL,NULL,0,0,NULL),(5415,2013,0,0,NULL,NULL,0,0,NULL),(5415,2014,0,0,NULL,NULL,0,0,NULL),(5415,2015,0,0,NULL,NULL,0,0,NULL),(5416,2013,3,1,NULL,11,0,0,NULL),(5416,2014,6,2,NULL,12,0,0,NULL),(5416,2015,11,0,9,NULL,0,0,NULL),(5417,2014,0,0,NULL,NULL,0,0,NULL),(5417,2015,0,0,NULL,NULL,0,0,NULL),(5418,2013,0,0,10,NULL,0,0,NULL),(5418,2014,3,1,NULL,10,0,0,NULL),(5418,2015,6,2,NULL,10,0,0,NULL),(5419,2015,0,0,NULL,NULL,NULL,NULL,NULL),(5420,2012,2,0,5,NULL,0,0,NULL),(5420,2013,0,0,NULL,NULL,0,0,NULL),(5420,2014,0,0,NULL,NULL,0,0,NULL),(5420,2015,0,0,NULL,NULL,0,0,NULL),(5421,2013,0,0,9,NULL,1,1,NULL),(5421,2014,0,0,NULL,11,0,0,NULL),(5421,2015,3,1,NULL,4,0,0,NULL),(5422,2013,0,0,NULL,NULL,0,0,NULL),(5422,2014,0,0,NULL,NULL,0,0,NULL),(5422,2015,0,0,NULL,NULL,0,0,NULL),(5423,2013,0,0,NULL,NULL,0,0,NULL),(5423,2014,0,0,NULL,NULL,0,0,NULL),(5423,2015,0,0,NULL,NULL,0,0,NULL),(5424,2013,0,0,NULL,NULL,0,0,NULL),(5424,2014,0,0,NULL,NULL,0,0,NULL),(5424,2015,0,0,NULL,NULL,0,0,NULL),(5425,2013,0,0,NULL,NULL,0,0,NULL),(5425,2014,0,0,NULL,NULL,0,0,NULL),(5425,2015,0,0,NULL,NULL,0,0,NULL),(5426,2012,20,0,7,NULL,0,0,NULL),(5426,2013,8,0,7,NULL,0,0,NULL),(5426,2014,6,0,6,NULL,0,0,NULL),(5426,2015,1,0,5,NULL,0,0,NULL),(5427,2013,0,0,NULL,NULL,0,0,NULL),(5427,2014,0,0,NULL,NULL,0,0,NULL),(5427,2015,0,0,NULL,NULL,0,0,NULL),(5428,2013,5,0,10,NULL,0,0,NULL),(5428,2014,1,0,10,NULL,0,0,NULL),(5428,2015,0,0,NULL,NULL,0,0,NULL),(5429,2012,11,0,3,NULL,0,0,NULL),(5429,2013,6,0,11,NULL,0,0,NULL),(5429,2014,6,0,3,NULL,0,0,NULL),(5429,2015,0,0,NULL,NULL,0,0,NULL),(5430,2013,0,0,NULL,NULL,0,0,NULL),(5430,2014,0,0,NULL,NULL,0,0,NULL),(5430,2015,0,0,NULL,NULL,0,0,NULL),(5431,2013,0,0,NULL,NULL,0,0,NULL),(5431,2014,0,0,NULL,NULL,0,0,NULL),(5431,2015,0,0,NULL,NULL,0,0,NULL),(5432,2015,0,0,NULL,NULL,NULL,NULL,NULL),(5433,2013,0,0,NULL,NULL,0,0,NULL),(5433,2014,0,0,NULL,NULL,0,0,NULL),(5433,2015,0,0,NULL,NULL,0,0,NULL),(5434,2012,51,0,10,NULL,0,0,NULL),(5434,2013,51,1,NULL,10,0,0,NULL),(5434,2014,54,2,NULL,10,0,0,NULL),(5434,2015,57,0,2,NULL,0,0,NULL),(5435,2013,0,0,NULL,3,0,0,NULL),(5435,2014,3,1,NULL,3,0,0,NULL),(5435,2015,6,2,NULL,8,0,0,NULL),(5436,2014,0,0,9,NULL,1,1,NULL),(5436,2015,0,0,NULL,9,1,1,NULL),(5437,2013,0,0,4,NULL,1,1,NULL),(5437,2014,0,0,NULL,4,0,0,NULL),(5437,2015,0,0,NULL,NULL,0,0,NULL),(5438,2013,0,0,NULL,NULL,0,0,NULL),(5438,2014,0,0,NULL,NULL,0,0,NULL),(5438,2015,0,0,NULL,NULL,0,0,NULL),(5439,2013,0,0,NULL,NULL,0,0,NULL),(5439,2014,0,0,NULL,NULL,0,0,NULL),(5439,2015,0,0,NULL,NULL,0,0,NULL),(5440,2013,0,0,NULL,NULL,0,0,NULL),(5440,2014,0,0,NULL,NULL,0,0,NULL),(5440,2015,0,0,NULL,NULL,0,0,NULL),(5441,2012,7,0,10,NULL,0,0,NULL),(5441,2013,7,1,NULL,10,0,0,NULL),(5441,2014,10,2,NULL,10,0,0,NULL),(5441,2015,13,3,NULL,12,0,0,NULL),(5442,2013,0,0,NULL,NULL,0,0,NULL),(5442,2014,0,0,NULL,NULL,0,0,NULL),(5442,2015,0,0,NULL,NULL,0,0,NULL),(5443,2013,0,0,NULL,NULL,0,0,NULL),(5443,2014,0,0,NULL,NULL,0,0,NULL),(5443,2015,0,0,NULL,NULL,0,0,NULL),(5444,2013,0,0,NULL,NULL,0,0,NULL),(5444,2014,0,0,NULL,NULL,0,0,NULL),(5444,2015,0,0,NULL,NULL,0,0,NULL),(5445,2015,0,0,NULL,NULL,NULL,NULL,NULL),(5446,2014,0,0,NULL,NULL,0,0,NULL),(5446,2015,0,0,NULL,NULL,0,0,NULL),(5447,2015,0,0,NULL,NULL,NULL,NULL,NULL),(5448,2013,3,1,NULL,5,0,0,NULL),(5448,2014,6,2,NULL,5,0,0,NULL),(5448,2015,9,3,NULL,5,0,0,NULL),(5449,2013,0,0,NULL,NULL,0,0,NULL),(5449,2014,0,0,NULL,NULL,0,0,NULL),(5449,2015,4,0,3,NULL,0,0,NULL),(5450,2013,2,0,4,NULL,0,0,NULL),(5450,2014,1,0,11,NULL,0,0,NULL),(5450,2015,0,0,NULL,NULL,0,0,NULL),(5451,2013,0,0,8,NULL,1,1,NULL),(5451,2014,0,0,NULL,8,1,1,NULL),(5451,2015,0,0,NULL,8,1,1,NULL),(5452,2015,0,0,NULL,NULL,NULL,NULL,NULL),(5453,2014,0,0,NULL,NULL,0,0,NULL),(5453,2015,0,0,NULL,NULL,NULL,NULL,NULL),(5454,2012,5,0,7,NULL,0,0,NULL),(5454,2013,9,0,7,NULL,0,0,NULL),(5454,2014,0,0,NULL,NULL,0,0,NULL),(5454,2015,0,0,NULL,NULL,0,0,NULL),(5455,2012,2,0,9,NULL,0,0,NULL),(5455,2013,1,0,7,NULL,0,0,NULL),(5455,2014,0,0,NULL,NULL,0,0,NULL),(5455,2015,0,0,NULL,NULL,0,0,NULL),(5456,2013,0,0,NULL,NULL,0,0,NULL),(5456,2014,0,0,NULL,NULL,0,0,NULL),(5456,2015,3,1,NULL,6,0,0,NULL),(5457,2013,0,0,NULL,NULL,0,0,NULL),(5457,2014,0,0,NULL,NULL,0,0,NULL),(5457,2015,0,0,NULL,NULL,0,0,NULL),(5458,2014,0,0,NULL,NULL,0,0,NULL),(5458,2015,0,0,NULL,NULL,NULL,NULL,NULL),(5459,2013,0,0,NULL,NULL,0,0,NULL),(5459,2014,0,0,NULL,NULL,0,0,NULL),(5459,2015,0,0,NULL,NULL,0,0,NULL),(5460,2012,11,0,4,NULL,0,0,NULL),(5460,2013,10,0,1,NULL,0,0,NULL),(5460,2014,0,0,NULL,NULL,0,0,NULL),(5460,2015,0,0,NULL,NULL,0,0,NULL),(5461,2013,0,0,NULL,NULL,0,0,NULL),(5461,2014,0,0,NULL,NULL,0,0,NULL),(5461,2015,0,0,NULL,NULL,NULL,NULL,NULL),(5462,2012,4,0,6,NULL,0,0,NULL),(5462,2013,4,1,NULL,3,0,0,NULL),(5462,2014,7,2,NULL,3,0,0,NULL),(5462,2015,10,3,NULL,3,0,0,NULL),(5463,2013,0,0,NULL,NULL,0,0,NULL),(5463,2014,0,0,NULL,NULL,0,0,NULL),(5463,2015,0,0,NULL,NULL,0,0,NULL),(5464,2012,42,0,12,NULL,0,0,NULL),(5464,2013,28,0,3,NULL,0,0,NULL),(5464,2014,34,0,5,NULL,0,0,NULL),(5464,2015,25,0,7,NULL,0,0,NULL),(5465,2012,16,0,11,NULL,0,0,NULL),(5465,2013,10,0,12,NULL,0,0,NULL),(5465,2014,0,0,NULL,NULL,0,0,NULL),(5465,2015,0,0,NULL,NULL,0,0,NULL),(5466,2012,5,0,2,NULL,0,0,NULL),(5466,2013,5,1,NULL,2,0,0,NULL),(5466,2014,8,0,NULL,2,0,0,NULL),(5466,2015,27,0,5,NULL,0,0,NULL),(5467,2013,0,0,NULL,NULL,0,0,NULL),(5467,2014,0,0,NULL,NULL,0,0,NULL),(5467,2015,0,0,NULL,NULL,0,0,NULL),(5468,2013,0,0,NULL,NULL,0,0,NULL),(5468,2014,0,0,NULL,NULL,0,0,NULL),(5468,2015,18,0,10,NULL,0,0,NULL),(5469,2013,0,0,9,NULL,1,1,NULL),(5469,2014,0,0,NULL,1,1,1,NULL),(5469,2015,0,0,NULL,NULL,1,1,NULL),(5470,2014,0,0,NULL,NULL,0,0,NULL),(5470,2015,0,0,NULL,NULL,0,0,NULL),(5471,2012,24,0,2,NULL,0,0,NULL),(5471,2013,24,1,NULL,1,0,0,NULL),(5471,2014,29,0,8,NULL,0,0,NULL),(5471,2015,32,1,NULL,3,0,0,NULL),(5472,2015,0,0,NULL,NULL,NULL,NULL,NULL),(5473,2013,0,0,NULL,NULL,0,0,NULL),(5473,2014,1,0,2,NULL,1,1,NULL),(5473,2015,0,0,NULL,NULL,1,1,NULL),(5474,2013,0,0,NULL,NULL,0,0,NULL),(5474,2014,0,0,NULL,NULL,0,0,NULL),(5474,2015,0,0,NULL,NULL,0,0,NULL),(5475,2012,4,0,4,NULL,0,0,NULL),(5475,2013,4,1,NULL,4,0,0,NULL),(5475,2014,7,2,NULL,4,0,0,NULL),(5475,2015,10,3,NULL,4,0,0,NULL),(5476,2013,0,0,NULL,NULL,0,0,NULL),(5476,2014,0,0,NULL,NULL,0,0,NULL),(5476,2015,0,0,NULL,NULL,0,0,NULL),(5477,2013,0,0,NULL,NULL,0,0,NULL),(5477,2014,3,1,NULL,6,0,0,NULL),(5477,2015,0,0,NULL,NULL,0,0,NULL),(5478,2015,0,0,NULL,NULL,NULL,NULL,NULL),(5479,2013,0,0,NULL,NULL,0,0,NULL),(5479,2014,0,0,NULL,NULL,0,0,NULL),(5479,2015,0,0,NULL,NULL,0,0,NULL),(5480,2012,30,0,1,NULL,0,0,NULL),(5480,2013,36,0,5,NULL,0,0,NULL),(5480,2014,25,0,5,NULL,0,0,NULL),(5480,2015,32,0,5,NULL,0,0,NULL),(5481,2014,0,0,NULL,NULL,0,0,NULL),(5481,2015,0,0,NULL,NULL,NULL,NULL,NULL),(5482,2013,0,0,NULL,NULL,0,0,NULL),(5482,2014,0,0,NULL,NULL,0,0,NULL),(5482,2015,0,0,NULL,NULL,0,0,NULL),(5483,2014,0,0,NULL,NULL,0,0,NULL),(5483,2015,0,0,NULL,NULL,NULL,NULL,NULL),(5484,2013,1,0,3,NULL,0,0,NULL),(5484,2014,6,0,3,NULL,0,0,NULL),(5484,2015,0,0,NULL,NULL,0,0,NULL),(5485,2013,0,0,NULL,NULL,0,0,NULL),(5485,2014,0,0,NULL,NULL,0,0,NULL),(5485,2015,0,0,NULL,NULL,0,0,NULL),(5486,2013,0,0,NULL,NULL,0,0,NULL),(5486,2014,0,0,NULL,NULL,0,0,NULL),(5486,2015,0,0,NULL,NULL,0,0,NULL),(5487,2013,0,0,NULL,NULL,0,0,NULL),(5487,2014,0,0,NULL,NULL,0,0,NULL),(5487,2015,0,0,NULL,NULL,0,0,NULL),(5488,2012,3,0,6,NULL,0,0,NULL),(5488,2013,3,0,11,NULL,0,0,NULL),(5488,2014,6,1,NULL,11,0,0,NULL),(5488,2015,9,2,NULL,2,0,0,NULL),(5489,2013,0,0,NULL,NULL,0,0,NULL),(5489,2014,0,0,NULL,NULL,0,0,NULL),(5489,2015,0,0,NULL,NULL,0,0,NULL),(5490,2013,0,0,8,NULL,0,0,NULL),(5490,2014,0,0,NULL,NULL,0,0,NULL),(5490,2015,0,0,NULL,NULL,0,0,NULL),(5491,2013,0,0,NULL,NULL,0,0,NULL),(5491,2014,0,0,NULL,NULL,0,0,NULL),(5491,2015,0,0,NULL,NULL,0,0,NULL),(5492,2013,8,0,4,NULL,0,0,NULL),(5492,2014,1,0,7,NULL,0,0,NULL),(5492,2015,9,0,7,NULL,0,0,NULL),(5493,2013,0,0,NULL,NULL,0,0,NULL),(5493,2014,0,0,NULL,NULL,0,0,NULL),(5493,2015,0,0,NULL,NULL,0,0,NULL),(5494,2015,0,0,NULL,NULL,NULL,NULL,NULL),(5495,2013,0,0,NULL,NULL,0,0,NULL),(5495,2014,0,0,NULL,NULL,0,0,NULL),(5495,2015,3,1,NULL,12,0,0,NULL),(5496,2012,33,0,12,NULL,0,0,NULL),(5496,2013,33,1,NULL,12,0,0,NULL),(5496,2014,36,2,NULL,12,0,0,NULL),(5496,2015,36,3,NULL,6,0,0,NULL),(5497,2015,0,0,NULL,NULL,NULL,NULL,NULL),(5498,2013,0,0,NULL,NULL,0,0,NULL),(5498,2014,0,0,NULL,NULL,0,0,NULL),(5498,2015,0,0,NULL,NULL,0,0,NULL),(5499,2013,3,1,NULL,3,0,0,NULL),(5499,2014,1,0,3,NULL,0,0,NULL),(5499,2015,4,1,NULL,3,0,0,NULL),(5500,2013,0,0,7,NULL,1,1,NULL),(5500,2014,0,0,NULL,7,1,1,NULL),(5500,2015,0,0,NULL,7,1,1,NULL),(5501,2015,0,0,NULL,NULL,NULL,NULL,NULL),(5502,2013,0,0,NULL,NULL,0,0,NULL),(5502,2014,0,0,NULL,NULL,0,0,NULL),(5502,2015,0,0,NULL,NULL,0,0,NULL),(5503,2012,4,0,2,NULL,0,0,NULL),(5503,2013,0,0,NULL,NULL,0,0,NULL),(5503,2014,3,0,NULL,9,0,0,NULL),(5503,2015,9,0,8,NULL,0,0,NULL),(5504,2015,0,0,NULL,NULL,NULL,NULL,NULL),(5505,2013,0,0,NULL,NULL,0,0,NULL),(5505,2014,0,0,NULL,NULL,0,0,NULL),(5505,2015,0,0,NULL,NULL,0,0,NULL),(5506,2015,0,0,NULL,NULL,NULL,NULL,NULL),(5507,2012,1,0,4,NULL,0,0,NULL),(5507,2013,9,0,9,NULL,0,0,NULL),(5507,2014,11,0,9,NULL,0,0,NULL),(5507,2015,3,0,10,NULL,0,0,NULL),(5508,2013,0,0,NULL,NULL,0,0,NULL),(5508,2014,0,0,NULL,NULL,0,0,NULL),(5508,2015,0,0,NULL,NULL,0,0,NULL),(5509,2015,0,0,NULL,NULL,NULL,NULL,NULL),(5510,2015,0,0,NULL,NULL,NULL,NULL,NULL),(5511,2013,0,0,NULL,12,0,0,NULL),(5511,2014,0,0,NULL,NULL,0,0,NULL),(5511,2015,0,0,NULL,NULL,0,0,NULL),(5512,2013,0,0,9,NULL,1,1,NULL),(5512,2014,0,0,NULL,9,1,1,NULL),(5512,2015,0,0,NULL,9,1,1,NULL),(5513,2013,0,0,NULL,NULL,0,0,NULL),(5513,2014,0,0,NULL,NULL,0,0,NULL),(5513,2015,0,0,NULL,NULL,0,0,NULL),(5514,2013,7,0,8,NULL,0,0,NULL),(5514,2014,10,1,NULL,3,0,0,NULL),(5514,2015,13,2,NULL,3,0,0,NULL),(5515,2013,0,0,NULL,NULL,0,0,NULL),(5515,2014,0,0,NULL,NULL,0,0,NULL),(5515,2015,0,0,NULL,NULL,0,0,NULL),(5516,2013,0,0,NULL,NULL,0,0,NULL),(5516,2014,0,0,NULL,NULL,0,0,NULL),(5516,2015,0,0,NULL,NULL,0,0,NULL),(5517,2012,20,0,7,NULL,0,0,NULL),(5517,2013,20,1,NULL,7,0,0,NULL),(5517,2014,23,2,NULL,6,0,0,NULL),(5517,2015,26,3,NULL,6,0,0,NULL),(5518,2012,32,0,2,NULL,0,0,NULL),(5518,2013,32,1,NULL,2,0,0,NULL),(5518,2014,35,2,NULL,2,0,0,NULL),(5518,2015,35,3,NULL,2,0,0,NULL),(5519,2013,0,0,NULL,NULL,0,0,NULL),(5519,2014,0,0,NULL,NULL,0,0,NULL),(5519,2015,0,0,NULL,NULL,0,0,NULL),(5520,2013,0,0,NULL,NULL,0,0,NULL),(5520,2014,0,0,NULL,NULL,0,0,NULL),(5520,2015,0,0,NULL,NULL,0,0,NULL),(5521,2013,0,0,NULL,NULL,0,0,NULL),(5521,2014,3,1,NULL,11,0,0,NULL),(5521,2015,6,2,NULL,11,0,0,NULL),(5522,2013,0,0,NULL,NULL,0,0,NULL),(5522,2014,0,0,NULL,NULL,0,0,NULL),(5522,2015,3,1,NULL,2,0,0,NULL),(5523,2013,0,0,1,NULL,1,1,NULL),(5523,2014,0,0,NULL,8,1,1,NULL),(5523,2015,0,0,NULL,8,1,1,NULL),(5524,2015,0,0,NULL,NULL,NULL,NULL,NULL),(5525,2013,0,0,NULL,NULL,0,0,NULL),(5525,2014,0,0,NULL,NULL,0,0,NULL),(5525,2015,0,0,NULL,NULL,0,0,NULL),(5526,2014,0,0,NULL,NULL,0,0,NULL),(5526,2015,0,0,NULL,NULL,NULL,NULL,NULL),(5527,2013,0,0,NULL,NULL,0,0,NULL),(5527,2014,0,0,NULL,NULL,0,0,NULL),(5527,2015,0,0,NULL,NULL,0,0,NULL),(5528,2012,3,0,3,NULL,0,0,NULL),(5528,2013,3,1,NULL,9,0,0,NULL),(5528,2014,6,2,NULL,9,0,0,NULL),(5528,2015,9,3,NULL,9,0,0,NULL),(5529,2013,0,0,NULL,NULL,0,0,NULL),(5529,2014,0,0,NULL,NULL,0,0,NULL),(5529,2015,0,0,NULL,NULL,0,0,NULL),(5530,2013,0,0,1,NULL,1,1,NULL),(5530,2014,0,0,NULL,1,0,0,NULL),(5530,2015,3,1,NULL,1,0,0,NULL),(5531,2013,0,0,NULL,NULL,0,0,NULL),(5531,2014,0,0,NULL,NULL,0,0,NULL),(5531,2015,0,0,NULL,NULL,0,0,NULL),(5532,2012,20,0,10,NULL,0,0,NULL),(5532,2013,17,0,8,NULL,0,0,NULL),(5532,2014,3,0,11,NULL,0,0,NULL),(5532,2015,11,0,3,NULL,0,0,NULL),(5533,2012,4,0,8,NULL,0,0,NULL),(5533,2013,0,0,NULL,NULL,0,0,NULL),(5533,2014,11,0,3,NULL,0,0,NULL),(5533,2015,16,0,9,NULL,0,0,NULL),(5534,2012,1,0,2,NULL,0,0,NULL),(5534,2013,0,0,NULL,NULL,0,0,NULL),(5534,2014,0,0,NULL,NULL,0,0,NULL),(5534,2015,0,0,NULL,NULL,0,0,NULL),(5535,2013,0,0,NULL,2,0,0,NULL),(5535,2014,15,0,10,NULL,0,0,NULL),(5535,2015,18,1,NULL,10,0,0,NULL),(5536,2013,0,0,NULL,NULL,0,0,NULL),(5536,2014,3,1,NULL,3,0,0,NULL),(5536,2015,6,2,NULL,11,0,0,NULL),(5537,2013,0,0,NULL,NULL,0,0,NULL),(5537,2014,0,0,NULL,NULL,0,0,NULL),(5537,2015,0,0,NULL,NULL,0,0,NULL),(5538,2012,1,0,12,NULL,0,0,NULL),(5538,2013,0,0,NULL,NULL,0,0,NULL),(5538,2014,0,0,NULL,NULL,0,0,NULL),(5538,2015,0,0,NULL,NULL,0,0,NULL),(5539,2013,0,0,NULL,NULL,0,0,NULL),(5539,2014,0,0,NULL,NULL,0,0,NULL),(5539,2015,0,0,NULL,NULL,0,0,NULL),(5540,2013,0,0,NULL,NULL,0,0,NULL),(5540,2014,0,0,NULL,NULL,0,0,NULL),(5540,2015,0,0,NULL,NULL,0,0,NULL),(5541,2014,0,0,NULL,NULL,0,0,NULL),(5541,2015,0,0,NULL,NULL,NULL,NULL,NULL),(5542,2013,0,0,NULL,NULL,0,0,NULL),(5542,2014,0,0,NULL,NULL,0,0,NULL),(5542,2015,0,0,NULL,NULL,0,0,NULL),(5543,2015,0,0,NULL,NULL,NULL,NULL,NULL),(5544,2013,0,0,NULL,NULL,0,0,NULL),(5544,2014,0,0,NULL,NULL,0,0,NULL),(5544,2015,0,0,NULL,NULL,0,0,NULL),(5545,2012,7,0,6,NULL,0,0,NULL),(5545,2013,7,1,NULL,5,0,0,NULL),(5545,2014,10,2,NULL,5,0,0,NULL),(5545,2015,13,3,NULL,3,0,0,NULL),(5546,2013,0,0,NULL,NULL,0,0,NULL),(5546,2014,0,0,NULL,NULL,0,0,NULL),(5546,2015,0,0,NULL,NULL,0,0,NULL),(5547,2013,0,0,NULL,NULL,0,0,NULL),(5547,2014,0,0,NULL,NULL,0,0,NULL),(5547,2015,0,0,NULL,NULL,0,0,NULL),(5548,2013,0,0,NULL,NULL,0,0,NULL),(5548,2014,0,0,NULL,NULL,0,0,NULL),(5548,2015,0,0,NULL,NULL,0,0,NULL),(5549,2013,1,0,6,NULL,0,0,NULL),(5549,2014,0,0,NULL,NULL,0,0,NULL),(5549,2015,3,0,5,NULL,0,0,NULL),(5550,2013,0,0,NULL,NULL,0,0,NULL),(5550,2014,0,0,NULL,NULL,0,0,NULL),(5550,2015,0,0,NULL,NULL,0,0,NULL),(5551,2013,0,0,NULL,NULL,0,0,NULL),(5551,2014,0,0,NULL,NULL,0,0,NULL),(5551,2015,0,0,NULL,NULL,0,0,NULL),(5552,2013,0,0,NULL,NULL,0,0,NULL),(5552,2014,0,0,NULL,NULL,0,0,NULL),(5552,2015,0,0,NULL,NULL,0,0,NULL),(5553,2012,2,0,11,NULL,0,0,NULL),(5553,2013,0,0,NULL,NULL,0,0,NULL),(5553,2014,0,0,NULL,NULL,0,0,NULL),(5553,2015,12,0,4,NULL,0,0,NULL),(5554,2013,0,0,NULL,NULL,0,0,NULL),(5554,2014,0,0,NULL,NULL,0,0,NULL),(5554,2015,0,0,NULL,NULL,0,0,NULL),(5555,2013,0,0,NULL,NULL,0,0,NULL),(5555,2014,0,0,NULL,NULL,0,0,NULL),(5555,2015,0,0,NULL,NULL,0,0,NULL),(5556,2012,20,0,4,NULL,0,0,NULL),(5556,2013,20,1,NULL,4,0,0,NULL),(5556,2014,23,2,NULL,4,0,0,NULL),(5556,2015,26,3,NULL,4,0,0,NULL),(5557,2013,0,0,NULL,NULL,0,0,NULL),(5557,2014,0,0,NULL,NULL,0,0,NULL),(5557,2015,0,0,NULL,NULL,NULL,NULL,NULL),(5558,2013,0,0,7,NULL,1,1,NULL),(5558,2014,0,0,NULL,11,1,1,NULL),(5558,2015,0,0,NULL,2,1,1,NULL),(5559,2013,0,0,NULL,NULL,0,0,NULL),(5559,2014,0,0,NULL,NULL,0,0,NULL),(5559,2015,0,0,NULL,NULL,0,0,NULL),(5560,2013,0,0,NULL,NULL,0,0,NULL),(5560,2014,0,0,NULL,NULL,0,0,NULL),(5560,2015,0,0,NULL,NULL,0,0,NULL),(5561,2012,7,0,8,NULL,0,0,NULL),(5561,2013,7,1,NULL,8,0,0,NULL),(5561,2014,0,0,NULL,NULL,0,0,NULL),(5561,2015,18,0,2,NULL,0,0,NULL),(5562,2015,0,0,NULL,NULL,NULL,NULL,NULL),(5563,2013,0,0,NULL,NULL,0,0,NULL),(5563,2014,0,0,NULL,NULL,0,0,NULL),(5563,2015,0,0,NULL,NULL,0,0,NULL),(5564,2013,0,0,NULL,NULL,0,0,NULL),(5564,2014,0,0,NULL,NULL,0,0,NULL),(5564,2015,0,0,NULL,NULL,0,0,NULL),(5565,2014,0,0,NULL,NULL,0,0,NULL),(5565,2015,0,0,NULL,NULL,NULL,NULL,NULL),(5566,2012,6,0,5,NULL,0,0,NULL),(5566,2013,0,0,NULL,NULL,0,0,NULL),(5566,2014,0,0,NULL,NULL,0,0,NULL),(5566,2015,0,0,NULL,NULL,0,0,NULL),(5567,2013,0,0,9,NULL,1,1,NULL),(5567,2014,0,0,NULL,9,1,1,NULL),(5567,2015,0,0,NULL,9,1,1,NULL),(5568,2012,34,0,7,NULL,0,0,NULL),(5568,2013,34,1,NULL,7,0,0,NULL),(5568,2014,37,2,NULL,7,0,0,NULL),(5568,2015,6,0,7,NULL,0,0,NULL),(5569,2013,0,0,NULL,NULL,0,0,NULL),(5569,2014,0,0,NULL,NULL,0,0,NULL),(5569,2015,0,0,NULL,NULL,0,0,NULL),(5570,2012,18,0,8,NULL,0,0,NULL),(5570,2013,15,0,12,NULL,0,0,NULL),(5570,2014,18,1,NULL,9,0,0,NULL),(5570,2015,12,0,3,NULL,0,0,NULL),(5571,2014,0,0,NULL,NULL,0,0,NULL),(5571,2015,0,0,NULL,NULL,0,0,NULL),(5572,2015,0,0,NULL,NULL,NULL,NULL,NULL),(5573,2013,0,0,NULL,NULL,0,0,NULL),(5573,2014,0,0,NULL,NULL,0,0,NULL),(5573,2015,0,0,NULL,NULL,0,0,NULL),(5574,2013,0,0,NULL,NULL,0,0,NULL),(5574,2014,0,0,NULL,NULL,0,0,NULL),(5574,2015,0,0,NULL,NULL,0,0,NULL),(5575,2013,0,0,NULL,NULL,0,0,NULL),(5575,2014,3,0,NULL,8,0,0,NULL),(5575,2015,22,0,3,NULL,0,0,NULL),(5576,2012,26,0,3,NULL,0,0,NULL),(5576,2013,26,1,NULL,3,0,0,NULL),(5576,2014,29,2,NULL,12,0,0,NULL),(5576,2015,32,3,NULL,12,0,0,NULL),(5577,2013,0,0,NULL,NULL,0,0,NULL),(5577,2014,0,0,NULL,NULL,0,0,NULL),(5577,2015,0,0,NULL,NULL,0,0,NULL),(5578,2012,26,0,3,NULL,0,0,NULL),(5578,2013,10,0,10,NULL,0,0,NULL),(5578,2014,1,0,12,NULL,0,0,NULL),(5578,2015,0,0,NULL,NULL,0,0,NULL),(5579,2014,0,0,NULL,NULL,0,0,NULL),(5579,2015,0,0,NULL,NULL,0,0,NULL),(5580,2013,0,0,NULL,NULL,0,0,NULL),(5580,2014,0,0,NULL,NULL,0,0,NULL),(5580,2015,0,0,NULL,NULL,NULL,NULL,NULL),(5581,2013,0,0,NULL,NULL,0,0,NULL),(5581,2014,0,0,NULL,NULL,0,0,NULL),(5581,2015,0,0,NULL,NULL,0,0,NULL),(5582,2013,0,0,NULL,NULL,0,0,NULL),(5582,2014,0,0,NULL,NULL,0,0,NULL),(5582,2015,0,0,NULL,NULL,0,0,NULL),(5583,2012,44,0,8,NULL,0,0,NULL),(5583,2013,42,0,5,NULL,0,0,NULL),(5583,2014,36,0,2,NULL,0,0,NULL),(5583,2015,39,1,NULL,6,0,0,NULL),(5584,2013,0,0,NULL,NULL,0,0,NULL),(5584,2014,10,0,3,NULL,0,0,NULL),(5584,2015,13,1,NULL,3,0,0,NULL),(5585,2013,0,0,NULL,NULL,0,0,NULL),(5585,2014,0,0,NULL,NULL,0,0,NULL),(5585,2015,1,0,2,NULL,0,0,NULL),(5586,2012,18,0,8,NULL,0,0,NULL),(5586,2013,18,0,2,NULL,0,0,NULL),(5586,2014,20,0,4,NULL,0,0,NULL),(5586,2015,10,0,3,NULL,0,0,NULL),(5587,2013,0,0,11,NULL,1,1,NULL),(5587,2014,0,0,NULL,11,0,0,NULL),(5587,2015,0,0,NULL,NULL,0,0,NULL),(5588,2012,1,0,12,NULL,0,0,NULL),(5588,2013,0,0,NULL,NULL,0,0,NULL),(5588,2014,0,0,NULL,NULL,0,0,NULL),(5588,2015,0,0,NULL,NULL,0,0,NULL),(5589,2013,0,0,NULL,NULL,0,0,NULL),(5589,2014,0,0,NULL,NULL,0,0,NULL),(5589,2015,0,0,NULL,NULL,0,0,NULL),(5590,2014,0,0,NULL,NULL,0,0,NULL),(5590,2015,0,0,NULL,NULL,NULL,NULL,NULL),(5591,2012,15,0,11,NULL,0,0,NULL),(5591,2013,15,1,NULL,11,0,0,NULL),(5591,2014,18,2,NULL,5,0,0,NULL),(5591,2015,13,0,4,NULL,0,0,NULL),(5592,2013,0,0,NULL,NULL,0,0,NULL),(5592,2014,0,0,NULL,NULL,0,0,NULL),(5592,2015,0,0,NULL,NULL,0,0,NULL),(5593,2015,0,0,NULL,NULL,NULL,NULL,NULL),(5594,2012,22,0,7,NULL,0,0,NULL),(5594,2013,22,1,NULL,7,0,0,NULL),(5594,2014,23,0,8,NULL,0,0,NULL),(5594,2015,26,1,NULL,8,0,0,NULL),(5595,2014,0,0,NULL,NULL,0,0,NULL),(5595,2015,0,0,NULL,NULL,NULL,NULL,NULL),(5596,2013,0,0,NULL,NULL,0,0,NULL),(5596,2014,0,0,NULL,NULL,0,0,NULL),(5596,2015,0,0,NULL,NULL,0,0,NULL),(5597,2013,0,0,NULL,NULL,0,0,NULL),(5597,2014,0,0,NULL,NULL,0,0,NULL),(5597,2015,0,0,NULL,NULL,0,0,NULL),(5598,2013,0,0,NULL,NULL,0,0,NULL),(5598,2014,0,0,NULL,NULL,0,0,NULL),(5598,2015,0,0,NULL,NULL,0,0,NULL),(5599,2012,8,0,4,NULL,0,0,NULL),(5599,2013,21,0,8,NULL,0,0,NULL),(5599,2014,22,0,4,NULL,0,0,NULL),(5599,2015,0,0,NULL,NULL,0,0,NULL),(5600,2013,0,0,12,NULL,0,0,NULL),(5600,2014,0,0,NULL,NULL,0,0,NULL),(5600,2015,0,0,NULL,NULL,0,0,NULL),(5601,2015,0,0,NULL,NULL,NULL,NULL,NULL),(5602,2013,0,0,2,NULL,1,1,NULL),(5602,2014,0,0,NULL,2,1,1,NULL),(5602,2015,0,0,NULL,5,1,1,NULL),(5603,2015,0,0,NULL,NULL,NULL,NULL,NULL),(5604,2015,0,0,NULL,NULL,NULL,NULL,NULL),(5605,2013,0,0,NULL,NULL,0,0,NULL),(5605,2014,0,0,NULL,NULL,0,0,NULL),(5605,2015,0,0,NULL,NULL,0,0,NULL),(5606,2013,0,0,NULL,NULL,0,0,NULL),(5606,2014,0,0,NULL,NULL,0,0,NULL),(5606,2015,0,0,NULL,NULL,0,0,NULL),(5607,2012,1,0,5,NULL,0,0,NULL),(5607,2013,0,0,NULL,9,0,0,NULL),(5607,2014,3,1,NULL,2,0,0,NULL),(5607,2015,6,2,NULL,9,0,0,NULL),(5608,2013,1,0,4,NULL,0,0,NULL),(5608,2014,0,0,NULL,NULL,0,0,NULL),(5608,2015,0,0,NULL,NULL,0,0,NULL),(5609,2014,0,0,NULL,NULL,0,0,NULL),(5609,2015,0,0,NULL,NULL,0,0,NULL),(5610,2013,0,0,NULL,NULL,0,0,NULL),(5610,2014,0,0,NULL,NULL,0,0,NULL),(5610,2015,0,0,NULL,NULL,0,0,NULL),(5611,2013,0,0,NULL,NULL,0,0,NULL),(5611,2014,0,0,NULL,NULL,0,0,NULL),(5611,2015,0,0,NULL,NULL,0,0,NULL),(5612,2014,0,0,NULL,NULL,0,0,NULL),(5612,2015,0,0,NULL,NULL,NULL,NULL,NULL),(5613,2012,1,0,10,NULL,0,0,NULL),(5613,2013,1,0,12,NULL,0,0,NULL),(5613,2014,1,0,10,NULL,0,0,NULL),(5613,2015,8,0,2,NULL,0,0,NULL),(5614,2013,25,0,5,NULL,0,0,NULL),(5614,2014,12,0,12,NULL,0,0,NULL),(5614,2015,0,0,NULL,NULL,0,0,NULL),(5615,2013,0,0,NULL,NULL,0,0,NULL),(5615,2014,0,0,NULL,NULL,0,0,NULL),(5615,2015,0,0,NULL,NULL,0,0,NULL),(5616,2015,0,0,NULL,NULL,NULL,NULL,NULL),(5617,2012,6,0,5,NULL,0,0,NULL),(5617,2013,8,0,3,NULL,0,0,NULL),(5617,2014,2,0,3,NULL,0,0,NULL),(5617,2015,0,0,NULL,NULL,0,0,NULL),(5618,2015,0,0,NULL,NULL,NULL,NULL,NULL),(5619,2012,1,0,7,NULL,0,0,NULL),(5619,2013,0,0,NULL,NULL,0,0,NULL),(5619,2014,1,0,9,NULL,0,0,NULL),(5619,2015,3,0,3,NULL,0,0,NULL),(5620,2013,0,0,2,NULL,1,1,NULL),(5620,2014,0,0,NULL,2,1,1,NULL),(5620,2015,0,0,NULL,NULL,1,1,NULL),(5621,2012,12,0,7,NULL,0,0,NULL),(5621,2013,14,0,7,NULL,0,0,NULL),(5621,2014,17,1,NULL,7,0,0,NULL),(5621,2015,1,0,7,NULL,0,0,NULL),(5622,2012,41,0,4,NULL,0,0,NULL),(5622,2013,41,1,NULL,4,0,0,NULL),(5622,2014,52,0,9,NULL,0,0,NULL),(5622,2015,25,0,8,NULL,0,0,NULL),(5623,2012,14,0,6,NULL,0,0,NULL),(5623,2013,14,1,NULL,6,0,0,NULL),(5623,2014,17,2,NULL,6,0,0,NULL),(5623,2015,1,0,11,NULL,0,0,NULL),(5624,2013,0,0,NULL,NULL,0,0,NULL),(5624,2014,3,1,NULL,5,0,0,NULL),(5624,2015,6,2,NULL,5,0,0,NULL),(5625,2014,0,0,NULL,NULL,0,0,NULL),(5625,2015,0,0,NULL,NULL,NULL,NULL,NULL),(5626,2013,0,0,NULL,NULL,0,0,NULL),(5626,2014,0,0,NULL,NULL,0,0,NULL),(5626,2015,0,0,NULL,NULL,0,0,NULL),(5627,2013,1,0,6,NULL,0,0,NULL),(5627,2014,0,0,NULL,NULL,0,0,NULL),(5627,2015,0,0,NULL,NULL,0,0,NULL),(5628,2012,2,0,4,NULL,0,0,NULL),(5628,2013,2,1,NULL,4,0,0,NULL),(5628,2014,5,2,NULL,4,0,0,NULL),(5628,2015,8,3,NULL,4,0,0,NULL),(5629,2013,0,0,NULL,NULL,0,0,NULL),(5629,2014,0,0,NULL,NULL,0,0,NULL),(5629,2015,0,0,NULL,NULL,0,0,NULL),(5630,2012,16,0,11,NULL,0,0,NULL),(5630,2013,16,0,NULL,11,0,0,NULL),(5630,2014,1,0,12,NULL,0,0,NULL),(5630,2015,0,0,NULL,NULL,0,0,NULL),(5631,2013,3,0,2,NULL,0,0,NULL),(5631,2014,20,0,10,NULL,0,0,NULL),(5631,2015,0,0,NULL,NULL,0,0,NULL),(5632,2013,3,0,4,NULL,0,0,NULL),(5632,2014,6,1,NULL,9,0,0,NULL),(5632,2015,9,2,NULL,9,0,0,NULL),(5633,2012,25,0,7,NULL,0,0,NULL),(5633,2013,25,1,NULL,7,0,0,NULL),(5633,2014,18,0,1,NULL,0,0,NULL),(5633,2015,0,0,NULL,NULL,0,0,NULL),(5634,2013,0,0,4,NULL,1,1,NULL),(5634,2014,0,0,NULL,4,1,1,NULL),(5634,2015,0,0,NULL,9,1,1,NULL),(5635,2013,0,0,NULL,NULL,0,0,NULL),(5635,2014,0,0,NULL,NULL,0,0,NULL),(5635,2015,0,0,NULL,NULL,0,0,NULL),(5636,2013,3,1,NULL,9,0,0,NULL),(5636,2014,0,0,NULL,NULL,0,0,NULL),(5636,2015,0,0,NULL,NULL,0,0,NULL),(5637,2013,0,0,NULL,NULL,0,0,NULL),(5637,2014,0,0,NULL,NULL,0,0,NULL),(5637,2015,0,0,NULL,NULL,0,0,NULL),(5638,2012,1,0,12,NULL,0,0,NULL),(5638,2013,0,0,NULL,NULL,0,0,NULL),(5638,2014,0,0,NULL,NULL,0,0,NULL),(5638,2015,0,0,NULL,NULL,0,0,NULL),(5639,2015,0,0,NULL,NULL,NULL,NULL,NULL),(5640,2013,0,0,NULL,NULL,0,0,NULL),(5640,2014,0,0,NULL,NULL,0,0,NULL),(5640,2015,0,0,NULL,NULL,0,0,NULL),(5641,2013,0,0,NULL,NULL,0,0,NULL),(5641,2014,0,0,NULL,NULL,0,0,NULL),(5641,2015,0,0,NULL,NULL,0,0,NULL),(5642,2013,0,0,NULL,NULL,0,0,NULL),(5642,2014,0,0,NULL,NULL,0,0,NULL),(5642,2015,0,0,NULL,NULL,0,0,NULL),(5643,2015,0,0,NULL,NULL,NULL,NULL,NULL),(5644,2013,0,0,NULL,NULL,0,0,NULL),(5644,2014,0,0,NULL,NULL,0,0,NULL),(5644,2015,0,0,NULL,NULL,0,0,NULL),(5645,2013,0,0,NULL,NULL,0,0,NULL),(5645,2014,0,0,NULL,NULL,0,0,NULL),(5645,2015,0,0,NULL,NULL,0,0,NULL),(5646,2013,0,0,NULL,NULL,0,0,NULL),(5646,2014,0,0,NULL,NULL,0,0,NULL),(5646,2015,0,0,NULL,NULL,0,0,NULL),(5647,2014,0,0,NULL,NULL,0,0,NULL),(5647,2015,0,0,NULL,NULL,NULL,NULL,NULL),(5648,2014,0,0,NULL,NULL,0,0,NULL),(5648,2015,0,0,NULL,NULL,NULL,NULL,NULL),(5649,2013,0,0,NULL,NULL,0,0,NULL),(5649,2014,0,0,NULL,NULL,0,0,NULL),(5649,2015,0,0,NULL,NULL,0,0,NULL),(5650,2013,0,0,NULL,NULL,0,0,NULL),(5650,2014,0,0,NULL,NULL,0,0,NULL),(5650,2015,0,0,NULL,NULL,0,0,NULL),(5651,2014,0,0,NULL,NULL,0,0,NULL),(5651,2015,0,0,NULL,NULL,0,0,NULL),(5652,2013,3,0,2,NULL,0,0,NULL),(5652,2014,11,0,4,NULL,0,0,NULL),(5652,2015,7,0,12,NULL,0,0,NULL),(5653,2013,0,0,NULL,NULL,0,0,NULL),(5653,2014,0,0,NULL,NULL,0,0,NULL),(5653,2015,0,0,NULL,NULL,0,0,NULL),(5654,2013,0,0,8,NULL,0,0,NULL),(5654,2014,0,0,NULL,NULL,0,0,NULL),(5654,2015,1,0,1,NULL,0,0,NULL),(5655,2013,0,0,NULL,NULL,0,0,NULL),(5655,2014,3,1,NULL,9,0,0,NULL),(5655,2015,6,2,NULL,9,0,0,NULL),(5656,2013,0,0,NULL,NULL,0,0,NULL),(5656,2014,0,0,NULL,NULL,0,0,NULL),(5656,2015,9,0,2,NULL,0,0,NULL),(5657,2014,0,0,NULL,NULL,0,0,NULL),(5657,2015,0,0,NULL,NULL,0,0,NULL),(5658,2013,0,0,NULL,NULL,0,0,NULL),(5658,2014,0,0,NULL,NULL,0,0,NULL),(5658,2015,0,0,NULL,NULL,0,0,NULL),(5659,2013,11,0,10,NULL,0,0,NULL),(5659,2014,5,0,10,NULL,0,0,NULL),(5659,2015,0,0,NULL,NULL,0,0,NULL),(5660,2013,0,0,NULL,NULL,0,0,NULL),(5660,2014,0,0,NULL,NULL,0,0,NULL),(5660,2015,0,0,NULL,NULL,0,0,NULL),(5661,2015,0,0,NULL,NULL,NULL,NULL,NULL),(5662,2013,0,0,NULL,NULL,0,0,NULL),(5662,2014,0,0,NULL,NULL,0,0,NULL),(5662,2015,0,0,NULL,NULL,0,0,NULL),(5663,2013,0,0,NULL,NULL,1,1,NULL),(5663,2014,0,0,NULL,9,0,0,NULL),(5663,2015,2,0,6,NULL,0,0,NULL),(5664,2015,0,0,NULL,NULL,NULL,NULL,NULL),(5665,2012,1,0,9,NULL,0,0,NULL),(5665,2013,0,0,NULL,NULL,0,0,NULL),(5665,2014,0,0,NULL,NULL,0,0,NULL),(5665,2015,0,0,NULL,NULL,0,0,NULL),(5666,2013,0,0,NULL,NULL,0,0,NULL),(5666,2014,0,0,NULL,NULL,0,0,NULL),(5666,2015,0,0,NULL,NULL,0,0,NULL),(5667,2013,0,0,NULL,NULL,0,0,NULL),(5667,2014,0,0,NULL,NULL,0,0,NULL),(5667,2015,0,0,NULL,NULL,0,0,NULL),(5668,2013,3,1,NULL,8,0,0,NULL),(5668,2014,0,0,NULL,NULL,0,0,NULL),(5668,2015,0,0,NULL,NULL,0,0,NULL),(5669,2014,0,0,NULL,NULL,0,0,NULL),(5669,2015,3,1,NULL,9,0,0,NULL),(5670,2013,0,0,NULL,NULL,0,0,NULL),(5670,2014,0,0,NULL,NULL,0,0,NULL),(5670,2015,0,0,NULL,NULL,0,0,NULL),(5671,2015,0,0,NULL,NULL,NULL,NULL,NULL),(5672,2012,6,0,3,NULL,0,0,NULL),(5672,2013,0,0,NULL,NULL,0,0,NULL),(5672,2014,3,0,6,NULL,0,0,NULL),(5672,2015,6,1,NULL,3,0,0,NULL),(5673,2013,0,0,NULL,NULL,0,0,NULL),(5673,2014,0,0,NULL,NULL,0,0,NULL),(5673,2015,0,0,NULL,NULL,0,0,NULL),(5674,2013,0,0,NULL,NULL,0,0,NULL),(5674,2014,0,0,NULL,NULL,0,0,NULL),(5674,2015,0,0,NULL,NULL,0,0,NULL),(5675,2013,0,0,NULL,NULL,0,0,NULL),(5675,2014,1,0,9,NULL,0,0,NULL),(5675,2015,1,0,1,NULL,0,0,NULL),(5676,2013,0,0,NULL,NULL,0,0,NULL),(5676,2014,0,0,NULL,NULL,0,0,NULL),(5676,2015,0,0,NULL,NULL,0,0,NULL),(5677,2013,0,0,NULL,NULL,0,0,NULL),(5677,2014,0,0,NULL,NULL,0,0,NULL),(5677,2015,0,0,NULL,NULL,0,0,NULL),(5678,2014,0,0,11,NULL,1,1,NULL),(5678,2015,0,0,NULL,NULL,NULL,NULL,NULL),(5679,2013,0,0,NULL,NULL,0,0,NULL),(5679,2014,0,0,NULL,NULL,0,0,NULL),(5679,2015,0,0,NULL,NULL,0,0,NULL),(5680,2015,0,0,NULL,NULL,NULL,NULL,NULL),(5681,2013,0,0,NULL,NULL,1,1,NULL),(5681,2014,0,0,NULL,8,1,1,NULL),(5681,2015,0,0,NULL,8,1,1,NULL),(5682,2013,0,0,NULL,NULL,0,0,NULL),(5682,2014,0,0,NULL,NULL,0,0,NULL),(5682,2015,0,0,NULL,NULL,0,0,NULL),(5683,2012,21,0,10,NULL,0,0,NULL),(5683,2013,21,1,NULL,10,0,0,NULL),(5683,2014,20,0,5,NULL,0,0,NULL),(5683,2015,0,0,NULL,NULL,0,0,NULL),(5684,2013,0,0,NULL,NULL,0,0,NULL),(5684,2014,0,0,NULL,NULL,0,0,NULL),(5684,2015,0,0,NULL,NULL,0,0,NULL),(5685,2013,0,0,10,NULL,1,1,NULL),(5685,2014,0,0,NULL,10,1,1,NULL),(5685,2015,0,0,NULL,10,1,1,NULL),(5686,2015,6,0,1,NULL,NULL,NULL,NULL),(5687,2013,0,0,NULL,NULL,0,0,NULL),(5687,2014,0,0,NULL,NULL,0,0,NULL),(5687,2015,3,1,NULL,2,0,0,NULL),(5688,2013,0,0,11,NULL,1,1,NULL),(5688,2014,0,0,NULL,NULL,1,1,NULL),(5688,2015,0,0,NULL,NULL,1,1,NULL),(5689,2013,0,0,NULL,NULL,0,0,NULL),(5689,2014,0,0,NULL,NULL,0,0,NULL),(5689,2015,0,0,NULL,NULL,0,0,NULL),(5690,2013,0,0,NULL,NULL,0,0,NULL),(5690,2014,0,0,NULL,NULL,0,0,NULL),(5690,2015,0,0,NULL,NULL,0,0,NULL),(5691,2013,0,0,NULL,NULL,0,0,NULL),(5691,2014,0,0,NULL,NULL,0,0,NULL),(5691,2015,0,0,NULL,NULL,0,0,NULL),(5692,2012,29,0,12,NULL,0,0,NULL),(5692,2013,30,0,3,NULL,0,0,NULL),(5692,2014,33,1,NULL,3,0,0,NULL),(5692,2015,21,0,9,NULL,0,0,NULL),(5693,2012,1,0,3,NULL,0,0,NULL),(5693,2013,3,0,7,NULL,0,0,NULL),(5693,2014,0,0,NULL,NULL,0,0,NULL),(5693,2015,0,0,NULL,NULL,0,0,NULL),(5694,2012,2,0,1,NULL,0,0,NULL),(5694,2013,0,0,NULL,NULL,0,0,NULL),(5694,2014,0,0,NULL,NULL,0,0,NULL),(5694,2015,0,0,NULL,NULL,0,0,NULL),(5695,2013,0,0,NULL,NULL,0,0,NULL),(5695,2014,0,0,NULL,NULL,0,0,NULL),(5695,2015,0,0,NULL,NULL,0,0,NULL),(5696,2013,0,0,NULL,NULL,0,0,NULL),(5696,2014,0,0,NULL,NULL,0,0,NULL),(5696,2015,0,0,NULL,NULL,0,0,NULL),(5697,2013,0,0,6,NULL,1,1,NULL),(5697,2014,0,0,NULL,6,1,1,NULL),(5697,2015,0,0,NULL,12,1,1,NULL),(5698,2012,4,0,5,NULL,0,0,NULL),(5698,2013,0,0,NULL,NULL,0,0,NULL),(5698,2014,0,0,NULL,NULL,0,0,NULL),(5698,2015,0,0,NULL,NULL,0,0,NULL),(5699,2013,0,0,NULL,NULL,0,0,NULL),(5699,2014,0,0,NULL,NULL,0,0,NULL),(5699,2015,0,0,NULL,NULL,0,0,NULL),(5700,2013,0,0,NULL,NULL,0,0,NULL),(5700,2014,0,0,NULL,NULL,0,0,NULL),(5700,2015,0,0,NULL,NULL,0,0,NULL),(5701,2013,0,0,NULL,NULL,0,0,NULL),(5701,2014,0,0,NULL,NULL,0,0,NULL),(5701,2015,0,0,NULL,NULL,0,0,NULL),(5702,2013,0,0,NULL,NULL,0,0,NULL),(5702,2014,0,0,NULL,NULL,0,0,NULL),(5702,2015,0,0,NULL,NULL,0,0,NULL),(5703,2014,0,0,NULL,NULL,0,0,NULL),(5703,2015,0,0,NULL,NULL,NULL,NULL,NULL),(5704,2014,0,0,NULL,NULL,0,0,NULL),(5704,2015,0,0,NULL,NULL,NULL,NULL,NULL),(5705,2013,4,0,8,NULL,0,0,NULL),(5705,2014,0,0,NULL,NULL,0,0,NULL),(5705,2015,0,0,NULL,NULL,0,0,NULL),(5706,2013,0,0,NULL,NULL,0,0,NULL),(5706,2014,0,0,NULL,NULL,0,0,NULL),(5706,2015,0,0,NULL,NULL,0,0,NULL),(5707,2013,0,0,6,NULL,1,1,NULL),(5707,2014,0,0,NULL,6,1,1,NULL),(5707,2015,0,0,NULL,NULL,1,1,NULL),(5708,2013,0,0,NULL,NULL,0,0,NULL),(5708,2014,0,0,NULL,NULL,0,0,NULL),(5708,2015,0,0,NULL,NULL,0,0,NULL),(5709,2014,0,0,NULL,NULL,0,0,NULL),(5709,2015,0,0,NULL,NULL,NULL,NULL,NULL),(5710,2015,0,0,NULL,NULL,NULL,NULL,NULL),(5711,2013,0,0,NULL,NULL,0,0,NULL),(5711,2014,0,0,NULL,NULL,0,0,NULL),(5711,2015,0,0,NULL,NULL,0,0,NULL),(5712,2013,0,0,NULL,NULL,0,0,NULL),(5712,2014,0,0,NULL,NULL,0,0,NULL),(5712,2015,0,0,NULL,NULL,0,0,NULL),(5713,2014,0,0,NULL,NULL,0,0,NULL),(5713,2015,0,0,NULL,NULL,NULL,NULL,NULL),(5714,2013,0,0,NULL,NULL,0,0,NULL),(5714,2014,0,0,NULL,NULL,0,0,NULL),(5714,2015,0,0,NULL,NULL,0,0,NULL),(5715,2015,0,0,NULL,NULL,NULL,NULL,NULL),(5716,2012,39,0,11,NULL,0,0,NULL),(5716,2013,41,0,8,NULL,0,0,NULL),(5716,2014,43,0,6,NULL,0,0,NULL),(5716,2015,36,0,10,NULL,0,0,NULL),(5717,2013,0,0,NULL,NULL,0,0,NULL),(5717,2014,0,0,NULL,NULL,0,0,NULL),(5717,2015,0,0,NULL,NULL,0,0,NULL),(5718,2015,0,0,NULL,NULL,NULL,NULL,NULL),(5719,2015,0,0,NULL,NULL,NULL,NULL,NULL),(5720,2013,0,0,NULL,NULL,0,0,NULL),(5720,2014,0,0,NULL,NULL,0,0,NULL),(5720,2015,4,0,11,NULL,0,0,NULL),(5721,2015,0,0,NULL,NULL,NULL,NULL,NULL),(5722,2013,0,0,NULL,NULL,0,0,NULL),(5722,2014,0,0,NULL,NULL,0,0,NULL),(5722,2015,0,0,NULL,NULL,0,0,NULL),(5723,2013,0,0,NULL,NULL,0,0,NULL),(5723,2014,28,0,3,NULL,0,0,NULL),(5723,2015,31,1,NULL,3,0,0,NULL),(5724,2013,0,0,5,NULL,1,1,NULL),(5724,2014,0,0,NULL,1,0,0,NULL),(5724,2015,12,0,5,NULL,0,0,NULL),(5725,2013,0,0,NULL,NULL,0,0,NULL),(5725,2014,0,0,NULL,NULL,0,0,NULL),(5725,2015,0,0,NULL,NULL,0,0,NULL),(5726,2013,1,0,1,NULL,0,0,NULL),(5726,2014,0,0,NULL,NULL,0,0,NULL),(5726,2015,0,0,NULL,NULL,0,0,NULL),(5727,2013,0,0,NULL,NULL,0,0,NULL),(5727,2014,0,0,NULL,NULL,0,0,NULL),(5727,2015,0,0,NULL,NULL,0,0,NULL),(5728,2015,0,0,NULL,NULL,NULL,NULL,NULL),(5729,2012,1,0,1,NULL,0,0,NULL),(5729,2013,0,0,NULL,NULL,0,0,NULL),(5729,2014,0,0,NULL,NULL,0,0,NULL),(5729,2015,1,0,4,NULL,0,0,NULL),(5730,2013,0,0,NULL,NULL,0,0,NULL),(5730,2014,0,0,NULL,NULL,0,0,NULL),(5730,2015,0,0,NULL,NULL,0,0,NULL),(5731,2013,0,0,NULL,NULL,0,0,NULL),(5731,2014,1,0,2,NULL,0,0,NULL),(5731,2015,0,0,NULL,NULL,0,0,NULL),(5732,2012,2,0,8,NULL,0,0,NULL),(5732,2013,0,0,NULL,NULL,0,0,NULL),(5732,2014,0,0,NULL,NULL,0,0,NULL),(5732,2015,0,0,NULL,NULL,0,0,NULL),(5733,2013,0,0,NULL,NULL,0,0,NULL),(5733,2014,0,0,NULL,NULL,0,0,NULL),(5733,2015,0,0,NULL,NULL,0,0,NULL),(5734,2012,8,0,6,NULL,0,0,NULL),(5734,2013,8,0,7,NULL,0,0,NULL),(5734,2014,0,0,NULL,NULL,0,0,NULL),(5734,2015,1,0,12,NULL,0,0,NULL),(5735,2013,0,0,NULL,NULL,0,0,NULL),(5735,2014,0,0,NULL,NULL,0,0,NULL),(5735,2015,0,0,NULL,NULL,0,0,NULL),(5736,2013,0,0,5,NULL,1,1,NULL),(5736,2014,0,0,NULL,5,1,1,NULL),(5736,2015,0,0,NULL,NULL,1,1,NULL),(5737,2014,0,0,NULL,NULL,0,0,NULL),(5737,2015,0,0,NULL,NULL,0,0,NULL),(5738,2013,0,0,NULL,NULL,0,0,NULL),(5738,2014,0,0,NULL,NULL,0,0,NULL),(5738,2015,0,0,NULL,NULL,0,0,NULL),(5739,2013,0,0,NULL,NULL,0,0,NULL),(5739,2014,0,0,NULL,NULL,0,0,NULL),(5739,2015,0,0,NULL,NULL,0,0,NULL),(5740,2013,0,0,NULL,NULL,0,0,NULL),(5740,2014,0,0,NULL,NULL,0,0,NULL),(5740,2015,0,0,NULL,NULL,0,0,NULL),(5741,2013,0,0,NULL,NULL,0,0,NULL),(5741,2014,2,0,1,NULL,0,0,NULL),(5741,2015,5,1,NULL,12,0,0,NULL),(5742,2014,0,0,NULL,NULL,0,0,NULL),(5742,2015,0,0,NULL,NULL,0,0,NULL),(5743,2014,0,0,NULL,NULL,0,0,NULL),(5743,2015,0,0,NULL,NULL,NULL,NULL,NULL),(5744,2013,14,0,6,NULL,0,0,NULL),(5744,2014,0,0,NULL,NULL,0,0,NULL),(5744,2015,3,1,NULL,7,0,0,NULL),(5745,2013,2,0,2,NULL,0,0,NULL),(5745,2014,5,0,NULL,2,0,0,NULL),(5745,2015,0,0,NULL,NULL,0,0,NULL),(5746,2013,0,0,NULL,NULL,0,0,NULL),(5746,2014,0,0,NULL,NULL,0,0,NULL),(5746,2015,0,0,NULL,NULL,0,0,NULL),(5747,2013,0,0,NULL,NULL,0,0,NULL),(5747,2014,0,0,NULL,NULL,0,0,NULL),(5747,2015,13,0,1,NULL,0,0,NULL),(5748,2014,0,0,NULL,NULL,0,0,NULL),(5748,2015,0,0,NULL,NULL,0,0,NULL),(5749,2014,0,0,NULL,NULL,0,0,NULL),(5749,2015,0,0,NULL,NULL,0,0,NULL),(5750,2013,1,0,6,NULL,0,0,NULL),(5750,2014,9,0,5,NULL,0,0,NULL),(5750,2015,10,0,12,NULL,0,0,NULL),(5751,2015,0,0,NULL,NULL,NULL,NULL,NULL),(5752,2013,0,0,NULL,NULL,0,0,NULL),(5752,2014,0,0,NULL,NULL,0,0,NULL),(5752,2015,0,0,NULL,NULL,0,0,NULL),(5753,2013,0,0,NULL,NULL,0,0,NULL),(5753,2014,0,0,NULL,NULL,0,0,NULL),(5753,2015,0,0,NULL,NULL,0,0,NULL),(5754,2013,0,0,NULL,NULL,0,0,NULL),(5754,2014,0,0,NULL,NULL,0,0,NULL),(5754,2015,0,0,NULL,NULL,0,0,NULL),(5755,2013,0,0,NULL,NULL,0,0,NULL),(5755,2014,0,0,NULL,NULL,0,0,NULL),(5755,2015,0,0,NULL,NULL,0,0,NULL),(5756,2013,0,0,NULL,NULL,0,0,NULL),(5756,2014,0,0,NULL,NULL,0,0,NULL),(5756,2015,0,0,NULL,NULL,0,0,NULL),(5757,2015,0,0,NULL,NULL,NULL,NULL,NULL),(5758,2013,0,0,1,NULL,1,1,NULL),(5758,2014,0,0,8,1,1,1,NULL),(5758,2015,0,0,NULL,NULL,1,1,NULL),(5759,2013,0,0,NULL,NULL,0,0,NULL),(5759,2014,0,0,NULL,NULL,0,0,NULL),(5759,2015,0,0,NULL,NULL,0,0,NULL),(5760,2013,0,0,NULL,NULL,0,0,NULL),(5760,2014,0,0,NULL,NULL,0,0,NULL),(5760,2015,0,0,NULL,NULL,0,0,NULL),(5761,2013,0,0,NULL,NULL,0,0,NULL),(5761,2014,0,0,NULL,NULL,0,0,NULL),(5761,2015,0,0,NULL,NULL,0,0,NULL),(5762,2013,0,0,NULL,NULL,0,0,NULL),(5762,2014,0,0,NULL,NULL,0,0,NULL),(5762,2015,0,0,NULL,NULL,0,0,NULL),(5763,2013,0,0,NULL,NULL,0,0,NULL),(5763,2014,0,0,NULL,NULL,0,0,NULL),(5763,2015,0,0,NULL,NULL,0,0,NULL),(5764,2013,0,0,NULL,NULL,0,0,NULL),(5764,2014,0,0,NULL,NULL,0,0,NULL),(5764,2015,0,0,NULL,NULL,0,0,NULL),(5765,2013,0,0,8,NULL,1,1,NULL),(5765,2014,0,0,NULL,8,1,1,NULL),(5765,2015,0,0,NULL,8,1,1,NULL),(5766,2013,0,0,NULL,NULL,0,0,NULL),(5766,2014,0,0,NULL,NULL,0,0,NULL),(5766,2015,0,0,NULL,NULL,0,0,NULL),(5767,2013,0,0,2,NULL,0,0,NULL),(5767,2014,3,0,1,NULL,0,0,NULL),(5767,2015,5,0,4,NULL,0,0,NULL),(5768,2013,0,0,NULL,NULL,0,0,NULL),(5768,2014,0,0,NULL,NULL,0,0,NULL),(5768,2015,0,0,NULL,NULL,0,0,NULL),(5769,2014,0,0,NULL,NULL,0,0,NULL),(5769,2015,0,0,NULL,NULL,NULL,NULL,NULL),(5770,2013,0,0,NULL,NULL,0,0,NULL),(5770,2014,0,0,NULL,NULL,0,0,NULL),(5770,2015,0,0,NULL,NULL,0,0,NULL),(5771,2013,0,0,NULL,NULL,0,0,NULL),(5771,2014,0,0,NULL,NULL,0,0,NULL),(5771,2015,0,0,NULL,NULL,0,0,NULL),(5772,2013,0,0,NULL,NULL,0,0,NULL),(5772,2014,0,0,NULL,NULL,0,0,NULL),(5772,2015,0,0,NULL,NULL,NULL,NULL,NULL),(5773,2013,0,0,NULL,NULL,0,0,NULL),(5773,2014,0,0,NULL,NULL,0,0,NULL),(5773,2015,0,0,NULL,NULL,0,0,NULL),(5774,2013,0,0,NULL,NULL,0,0,NULL),(5774,2014,0,0,NULL,NULL,0,0,NULL),(5774,2015,0,0,NULL,NULL,0,0,NULL),(5775,2015,0,0,NULL,NULL,NULL,NULL,NULL),(5776,2013,1,0,10,NULL,0,0,NULL),(5776,2014,0,0,NULL,NULL,0,0,NULL),(5776,2015,1,0,11,NULL,0,0,NULL),(5777,2013,0,0,NULL,NULL,0,0,NULL),(5777,2014,0,0,NULL,NULL,0,0,NULL),(5777,2015,0,0,NULL,NULL,0,0,NULL),(5778,2012,6,0,10,NULL,0,0,NULL),(5778,2013,0,0,10,NULL,0,0,NULL),(5778,2014,2,0,10,NULL,0,0,NULL),(5778,2015,5,1,NULL,10,0,0,NULL),(5779,2012,1,0,12,NULL,0,0,NULL),(5779,2013,1,1,NULL,2,0,0,NULL),(5779,2014,0,0,NULL,NULL,0,0,NULL),(5779,2015,0,0,NULL,NULL,0,0,NULL),(5780,2013,0,0,1,NULL,0,0,NULL),(5780,2014,2,0,11,NULL,0,0,NULL),(5780,2015,14,0,9,NULL,0,0,NULL),(5781,2014,0,0,NULL,NULL,0,0,NULL),(5781,2015,1,0,1,NULL,0,0,NULL),(5782,2013,0,0,NULL,NULL,0,0,NULL),(5782,2014,0,0,NULL,NULL,0,0,NULL),(5782,2015,0,0,NULL,NULL,0,0,NULL),(5783,2013,0,0,NULL,NULL,0,0,NULL),(5783,2014,0,0,NULL,NULL,0,0,NULL),(5783,2015,0,0,NULL,NULL,0,0,NULL),(5784,2013,0,0,NULL,NULL,0,0,NULL),(5784,2014,0,0,NULL,NULL,0,0,NULL),(5784,2015,0,0,NULL,NULL,0,0,NULL),(5785,2013,0,0,NULL,NULL,0,0,NULL),(5785,2014,0,0,NULL,NULL,0,0,NULL),(5785,2015,0,0,NULL,NULL,0,0,NULL),(5786,2015,0,0,NULL,NULL,NULL,NULL,NULL),(5787,2013,0,0,NULL,NULL,0,0,NULL),(5787,2014,0,0,NULL,NULL,0,0,NULL),(5787,2015,0,0,NULL,NULL,0,0,NULL),(5788,2012,1,0,8,NULL,0,0,NULL),(5788,2013,0,0,NULL,NULL,0,0,NULL),(5788,2014,0,0,NULL,NULL,0,0,NULL),(5788,2015,0,0,NULL,NULL,0,0,NULL),(5789,2015,0,0,NULL,NULL,NULL,NULL,NULL),(5790,2012,25,0,8,NULL,0,0,NULL),(5790,2013,13,0,11,NULL,0,0,NULL),(5790,2014,1,0,7,NULL,0,0,NULL),(5790,2015,0,0,NULL,NULL,0,0,NULL),(5791,2013,0,0,NULL,NULL,0,0,NULL),(5791,2014,0,0,NULL,NULL,0,0,NULL),(5791,2015,0,0,NULL,NULL,0,0,NULL),(5792,2013,0,0,NULL,NULL,0,0,NULL),(5792,2014,0,0,NULL,NULL,0,0,NULL),(5792,2015,0,0,NULL,NULL,0,0,NULL),(5793,2013,0,0,4,NULL,1,1,NULL),(5793,2014,0,0,NULL,4,1,1,NULL),(5793,2015,0,0,NULL,NULL,1,1,NULL),(5794,2013,0,0,9,NULL,1,1,NULL),(5794,2014,0,0,NULL,9,1,1,NULL),(5794,2015,0,0,NULL,9,1,1,NULL),(5795,2015,0,0,NULL,NULL,NULL,NULL,NULL),(5796,2015,0,0,NULL,NULL,NULL,NULL,NULL),(5797,2013,0,0,NULL,NULL,0,0,NULL),(5797,2014,0,0,NULL,NULL,0,0,NULL),(5797,2015,0,0,NULL,NULL,0,0,NULL),(5798,2012,6,0,4,NULL,0,0,NULL),(5798,2013,6,1,NULL,4,0,0,NULL),(5798,2014,9,2,NULL,4,0,0,NULL),(5798,2015,12,3,NULL,4,0,0,NULL),(5799,2013,0,0,NULL,NULL,0,0,NULL),(5799,2014,0,0,NULL,NULL,0,0,NULL),(5799,2015,0,0,NULL,NULL,0,0,NULL),(5800,2012,27,0,2,NULL,0,0,NULL),(5800,2013,27,1,NULL,2,0,0,NULL),(5800,2014,18,0,5,NULL,0,0,NULL),(5800,2015,21,1,NULL,11,0,0,NULL),(5801,2015,0,0,NULL,NULL,NULL,NULL,NULL),(5802,2013,0,0,NULL,NULL,0,0,NULL),(5802,2014,0,0,NULL,NULL,0,0,NULL),(5802,2015,0,0,NULL,NULL,0,0,NULL),(5803,2013,0,0,NULL,NULL,0,0,NULL),(5803,2014,0,0,NULL,NULL,0,0,NULL),(5803,2015,0,0,NULL,NULL,0,0,NULL),(5804,2013,3,0,NULL,5,0,0,NULL),(5804,2014,0,0,NULL,NULL,0,0,NULL),(5804,2015,3,1,NULL,11,0,0,NULL),(5805,2012,13,0,9,NULL,0,0,NULL),(5805,2013,13,1,NULL,11,0,0,NULL),(5805,2014,16,2,NULL,12,0,0,NULL),(5805,2015,21,0,5,NULL,0,0,NULL),(5806,2013,0,0,NULL,NULL,0,0,NULL),(5806,2014,0,0,NULL,NULL,0,0,NULL),(5806,2015,0,0,NULL,NULL,0,0,NULL),(5807,2015,0,0,NULL,NULL,NULL,NULL,NULL),(5808,2013,0,0,NULL,NULL,0,0,NULL),(5808,2014,0,0,NULL,NULL,0,0,NULL),(5808,2015,0,0,NULL,NULL,0,0,NULL),(5809,2013,0,0,NULL,NULL,0,0,NULL),(5809,2014,0,0,NULL,NULL,0,0,NULL),(5809,2015,0,0,NULL,NULL,0,0,NULL),(5810,2013,0,0,NULL,NULL,0,0,NULL),(5810,2014,0,0,NULL,NULL,0,0,NULL),(5810,2015,0,0,NULL,NULL,0,0,NULL),(5811,2014,0,0,NULL,NULL,0,0,NULL),(5811,2015,0,0,NULL,NULL,0,0,NULL),(5812,2013,9,0,10,NULL,0,0,NULL),(5812,2014,8,0,5,NULL,0,0,NULL),(5812,2015,0,0,NULL,NULL,0,0,NULL),(5813,2013,0,0,NULL,NULL,0,0,NULL),(5813,2014,0,0,NULL,NULL,0,0,NULL),(5813,2015,0,0,NULL,NULL,0,0,NULL),(5814,2015,0,0,NULL,NULL,NULL,NULL,NULL),(5815,2013,0,0,NULL,NULL,0,0,NULL),(5815,2014,0,0,NULL,NULL,0,0,NULL),(5815,2015,0,0,NULL,NULL,0,0,NULL),(5816,2013,0,0,NULL,NULL,0,0,NULL),(5816,2014,0,0,NULL,NULL,0,0,NULL),(5816,2015,0,0,NULL,NULL,0,0,NULL),(5817,2015,0,0,NULL,NULL,NULL,NULL,NULL),(5818,2013,0,0,NULL,NULL,0,0,NULL),(5818,2014,0,0,NULL,NULL,0,0,NULL),(5818,2015,0,0,NULL,NULL,0,0,NULL),(5819,2014,0,0,NULL,NULL,0,0,NULL),(5819,2015,0,0,NULL,NULL,0,0,NULL),(5820,2013,0,0,NULL,NULL,0,0,NULL),(5820,2014,1,0,7,NULL,0,0,NULL),(5820,2015,0,0,NULL,NULL,0,0,NULL),(5821,2012,17,0,3,NULL,0,0,NULL),(5821,2013,12,0,8,NULL,0,0,NULL),(5821,2014,0,0,NULL,NULL,0,0,NULL),(5821,2015,1,0,8,NULL,0,0,NULL),(5822,2013,14,0,2,NULL,0,0,NULL),(5822,2014,0,0,NULL,NULL,0,0,NULL),(5822,2015,1,0,3,NULL,0,0,NULL),(5823,2013,0,0,5,NULL,1,1,NULL),(5823,2014,0,0,NULL,5,1,1,NULL),(5823,2015,0,0,NULL,5,1,1,NULL),(5824,2013,0,0,NULL,NULL,0,0,NULL),(5824,2014,0,0,NULL,NULL,0,0,NULL),(5824,2015,13,0,9,NULL,0,0,NULL),(5825,2012,1,0,10,NULL,0,0,NULL),(5825,2013,9,0,4,NULL,0,0,NULL),(5825,2014,11,0,8,NULL,0,0,NULL),(5825,2015,0,0,NULL,NULL,0,0,NULL),(5826,2013,0,0,NULL,NULL,0,0,NULL),(5826,2014,0,0,NULL,NULL,0,0,NULL),(5826,2015,27,0,1,NULL,0,0,NULL),(5827,2012,4,0,4,NULL,0,0,NULL),(5827,2013,0,0,NULL,NULL,0,0,NULL),(5827,2014,5,0,1,NULL,0,0,NULL),(5827,2015,0,0,NULL,NULL,0,0,NULL),(5828,2012,10,0,3,NULL,0,0,NULL),(5828,2013,1,0,5,NULL,0,0,NULL),(5828,2014,11,0,9,NULL,0,0,NULL),(5828,2015,12,0,12,NULL,0,0,NULL),(5829,2013,0,0,NULL,NULL,0,0,NULL),(5829,2014,0,0,NULL,NULL,0,0,NULL),(5829,2015,0,0,NULL,NULL,0,0,NULL),(5830,2013,0,0,NULL,NULL,0,0,NULL),(5830,2014,0,0,NULL,NULL,0,0,NULL),(5830,2015,0,0,NULL,NULL,0,0,NULL),(5831,2013,0,0,7,NULL,1,1,NULL),(5831,2014,0,0,NULL,7,1,1,NULL),(5831,2015,0,0,NULL,NULL,1,1,NULL),(5832,2013,0,0,NULL,NULL,0,0,NULL),(5832,2014,0,0,NULL,NULL,0,0,NULL),(5832,2015,0,0,NULL,NULL,0,0,NULL),(5833,2013,0,0,NULL,NULL,0,0,NULL),(5833,2014,3,1,NULL,8,0,0,NULL),(5833,2015,12,0,9,NULL,0,0,NULL),(5834,2012,1,0,12,NULL,0,0,NULL),(5834,2013,16,0,11,NULL,0,0,NULL),(5834,2014,13,0,4,NULL,0,0,NULL),(5834,2015,0,0,NULL,NULL,0,0,NULL),(5835,2013,0,0,NULL,NULL,0,0,NULL),(5835,2014,0,0,NULL,NULL,0,0,NULL),(5835,2015,0,0,NULL,NULL,0,0,NULL),(5836,2015,0,0,NULL,NULL,NULL,NULL,NULL),(5837,2014,0,0,11,NULL,1,1,NULL),(5837,2015,0,0,NULL,11,1,1,NULL),(5838,2013,0,0,NULL,NULL,0,0,NULL),(5838,2014,0,0,NULL,NULL,0,0,NULL),(5838,2015,0,0,NULL,NULL,0,0,NULL),(5839,2015,0,0,NULL,NULL,NULL,NULL,NULL),(5840,2012,4,0,4,NULL,0,0,NULL),(5840,2013,1,0,12,NULL,0,0,NULL),(5840,2014,1,0,4,NULL,0,0,NULL),(5840,2015,0,0,NULL,NULL,0,0,NULL),(5841,2014,0,0,NULL,NULL,0,0,NULL),(5841,2015,0,0,NULL,NULL,NULL,NULL,NULL),(5842,2015,0,0,NULL,NULL,NULL,NULL,NULL),(5843,2015,0,0,NULL,NULL,NULL,NULL,NULL),(5844,2015,0,0,NULL,NULL,NULL,NULL,NULL),(5845,2015,0,0,NULL,NULL,NULL,NULL,NULL),(5846,2012,6,0,4,NULL,0,0,NULL),(5846,2013,5,0,1,NULL,0,0,NULL),(5846,2014,0,0,NULL,NULL,0,0,NULL),(5846,2015,0,0,NULL,NULL,0,0,NULL),(5847,2013,0,0,6,NULL,1,1,NULL),(5847,2014,0,0,NULL,NULL,1,1,NULL),(5847,2015,0,0,NULL,NULL,1,1,NULL),(5848,2015,0,0,NULL,NULL,NULL,NULL,NULL),(5849,2013,0,0,NULL,4,0,0,NULL),(5849,2014,3,1,NULL,12,0,0,NULL),(5849,2015,6,2,NULL,5,0,0,NULL),(5850,2012,2,0,1,NULL,0,0,NULL),(5850,2013,2,1,NULL,1,0,0,NULL),(5850,2014,5,2,NULL,1,0,0,NULL),(5850,2015,8,3,NULL,1,0,0,NULL),(5851,2012,14,0,5,NULL,0,0,NULL),(5851,2013,14,1,NULL,5,0,0,NULL),(5851,2014,6,0,2,NULL,0,0,NULL),(5851,2015,10,0,9,NULL,0,0,NULL),(5852,2013,0,0,NULL,NULL,0,0,NULL),(5852,2014,0,0,NULL,NULL,0,0,NULL),(5852,2015,0,0,NULL,NULL,0,0,NULL),(5853,2012,4,0,8,NULL,0,0,NULL),(5853,2013,14,0,10,NULL,0,0,NULL),(5853,2014,15,0,1,NULL,0,0,NULL),(5853,2015,0,0,NULL,NULL,0,0,NULL),(5854,2013,3,1,NULL,9,0,0,NULL),(5854,2014,6,2,NULL,9,0,0,NULL),(5854,2015,9,3,NULL,9,0,0,NULL),(5855,2015,0,0,NULL,NULL,NULL,NULL,NULL),(5856,2014,0,0,NULL,NULL,0,0,NULL),(5856,2015,0,0,NULL,NULL,0,0,NULL),(5857,2013,10,0,1,NULL,0,0,NULL),(5857,2014,5,0,9,NULL,0,0,NULL),(5857,2015,14,0,5,NULL,0,0,NULL),(5858,2013,0,0,NULL,NULL,0,0,NULL),(5858,2014,0,0,NULL,NULL,0,0,NULL),(5858,2015,0,0,NULL,NULL,0,0,NULL),(5859,2013,0,0,NULL,NULL,0,0,NULL),(5859,2014,0,0,NULL,NULL,0,0,NULL),(5859,2015,0,0,NULL,NULL,0,0,NULL),(5860,2013,0,0,NULL,NULL,0,0,NULL),(5860,2014,0,0,NULL,NULL,0,0,NULL),(5860,2015,0,0,NULL,NULL,0,0,NULL),(5861,2013,0,0,NULL,NULL,0,0,NULL),(5861,2014,0,0,NULL,NULL,0,0,NULL),(5861,2015,0,0,NULL,NULL,0,0,NULL),(5862,2013,0,0,NULL,NULL,0,0,NULL),(5862,2014,0,0,NULL,NULL,0,0,NULL),(5862,2015,0,0,NULL,NULL,NULL,NULL,NULL),(5863,2013,0,0,NULL,NULL,0,0,NULL),(5863,2014,0,0,NULL,NULL,0,0,NULL),(5863,2015,0,0,NULL,NULL,0,0,NULL),(5864,2015,0,0,NULL,NULL,NULL,NULL,NULL),(5865,2013,0,0,NULL,NULL,0,0,NULL),(5865,2014,0,0,NULL,NULL,0,0,NULL),(5865,2015,0,0,NULL,NULL,0,0,NULL),(5866,2012,30,0,10,NULL,0,0,NULL),(5866,2013,30,1,NULL,10,0,0,NULL),(5866,2014,30,2,NULL,10,0,0,NULL),(5866,2015,30,3,NULL,10,0,0,NULL),(5867,2015,0,0,NULL,NULL,NULL,NULL,NULL),(5868,2014,0,0,NULL,NULL,0,0,NULL),(5868,2015,0,0,NULL,NULL,0,0,NULL),(5869,2012,1,0,2,NULL,0,0,NULL),(5869,2013,0,0,NULL,NULL,0,0,NULL),(5869,2014,1,0,11,NULL,0,0,NULL),(5869,2015,0,0,NULL,NULL,0,0,NULL),(5870,2012,3,0,2,NULL,0,0,NULL),(5870,2013,1,0,12,NULL,0,0,NULL),(5870,2014,0,0,NULL,NULL,0,0,NULL),(5870,2015,0,0,NULL,NULL,0,0,NULL),(5871,2013,0,0,NULL,NULL,0,0,NULL),(5871,2014,0,0,NULL,NULL,0,0,NULL),(5871,2015,0,0,NULL,NULL,0,0,NULL),(5872,2012,1,0,9,NULL,0,0,NULL),(5872,2013,1,1,NULL,9,0,0,NULL),(5872,2014,2,0,9,NULL,0,0,NULL),(5872,2015,0,0,NULL,NULL,0,0,NULL),(5873,2013,0,0,NULL,NULL,0,0,NULL),(5873,2014,0,0,NULL,NULL,0,0,NULL),(5873,2015,0,0,NULL,NULL,0,0,NULL),(5874,2013,0,0,NULL,NULL,0,0,NULL),(5874,2014,0,0,NULL,NULL,0,0,NULL),(5874,2015,0,0,NULL,NULL,0,0,NULL),(5875,2013,0,0,NULL,NULL,0,0,NULL),(5875,2014,0,0,NULL,NULL,0,0,NULL),(5875,2015,0,0,NULL,NULL,0,0,NULL),(5876,2012,15,0,8,NULL,0,0,NULL),(5876,2013,9,0,9,NULL,0,0,NULL),(5876,2014,0,0,NULL,NULL,0,0,NULL),(5876,2015,0,0,NULL,NULL,0,0,NULL),(5877,2013,0,0,NULL,NULL,0,0,NULL),(5877,2014,1,0,12,NULL,0,0,NULL),(5877,2015,0,0,NULL,NULL,0,0,NULL),(5878,2013,0,0,NULL,NULL,0,0,NULL),(5878,2014,0,0,NULL,NULL,0,0,NULL),(5878,2015,0,0,NULL,NULL,0,0,NULL),(5879,2013,7,0,10,NULL,0,0,NULL),(5879,2014,9,0,8,NULL,0,0,NULL),(5879,2015,0,0,NULL,NULL,0,0,NULL),(5880,2013,0,0,NULL,NULL,0,0,NULL),(5880,2014,0,0,NULL,NULL,0,0,NULL),(5880,2015,0,0,NULL,NULL,NULL,NULL,NULL),(5881,2012,5,0,11,NULL,0,0,NULL),(5881,2013,5,1,NULL,2,0,0,NULL),(5881,2014,8,2,NULL,2,0,0,NULL),(5881,2015,7,0,7,NULL,0,0,NULL),(5882,2013,0,0,NULL,NULL,0,0,NULL),(5882,2014,0,0,NULL,NULL,0,0,NULL),(5882,2015,0,0,NULL,NULL,0,0,NULL),(5883,2013,0,0,7,NULL,1,1,NULL),(5883,2014,0,0,NULL,7,1,1,NULL),(5883,2015,0,0,NULL,7,1,1,NULL),(5884,2013,0,0,6,NULL,0,0,NULL),(5884,2014,3,1,NULL,6,0,0,NULL),(5884,2015,6,2,NULL,5,0,0,NULL),(5885,2013,0,0,NULL,NULL,0,0,NULL),(5885,2014,0,0,NULL,NULL,0,0,NULL),(5885,2015,0,0,NULL,NULL,0,0,NULL),(5886,2013,0,0,NULL,12,0,0,NULL),(5886,2014,3,1,NULL,4,0,0,NULL),(5886,2015,6,2,NULL,4,0,0,NULL),(5887,2012,7,0,5,NULL,0,0,NULL),(5887,2013,17,0,3,NULL,0,0,NULL),(5887,2014,15,0,7,NULL,0,0,NULL),(5887,2015,1,0,11,NULL,0,0,NULL),(5888,2013,0,0,NULL,NULL,0,0,NULL),(5888,2014,0,0,NULL,NULL,0,0,NULL),(5888,2015,0,0,NULL,NULL,0,0,NULL),(5889,2013,0,0,NULL,NULL,0,0,NULL),(5889,2014,0,0,NULL,NULL,0,0,NULL),(5889,2015,3,1,NULL,8,0,0,NULL),(5890,2013,0,0,NULL,NULL,0,0,NULL),(5890,2014,0,0,NULL,NULL,0,0,NULL),(5890,2015,0,0,NULL,NULL,0,0,NULL),(5891,2014,0,0,NULL,NULL,0,0,NULL),(5891,2015,0,0,NULL,NULL,0,0,NULL),(5892,2015,0,0,NULL,NULL,NULL,NULL,NULL),(5893,2012,45,0,3,NULL,0,0,NULL),(5893,2013,45,1,NULL,3,0,0,NULL),(5893,2014,46,0,11,NULL,0,0,NULL),(5893,2015,39,0,12,NULL,0,0,NULL),(5894,2013,0,0,NULL,NULL,0,0,NULL),(5894,2014,0,0,NULL,NULL,0,0,NULL),(5894,2015,0,0,NULL,NULL,0,0,NULL),(5895,2013,0,0,NULL,NULL,0,0,NULL),(5895,2014,0,0,NULL,NULL,0,0,NULL),(5895,2015,0,0,NULL,NULL,0,0,NULL),(5896,2013,0,0,NULL,NULL,0,0,NULL),(5896,2014,3,1,NULL,8,0,0,NULL),(5896,2015,26,0,5,NULL,0,0,NULL),(5897,2013,6,0,7,NULL,0,0,NULL),(5897,2014,0,0,NULL,NULL,0,0,NULL),(5897,2015,0,0,NULL,NULL,0,0,NULL),(5898,2013,0,0,NULL,NULL,0,0,NULL),(5898,2014,0,0,NULL,NULL,0,0,NULL),(5898,2015,0,0,NULL,NULL,0,0,NULL),(5899,2013,0,0,NULL,NULL,0,0,NULL),(5899,2014,0,0,NULL,NULL,0,0,NULL),(5899,2015,3,1,NULL,7,0,0,NULL),(5900,2013,0,0,NULL,NULL,0,0,NULL),(5900,2014,0,0,NULL,NULL,0,0,NULL),(5900,2015,0,0,NULL,NULL,0,0,NULL),(5901,2013,0,0,NULL,NULL,0,0,NULL),(5901,2014,0,0,NULL,NULL,0,0,NULL),(5901,2015,0,0,NULL,NULL,0,0,NULL),(5902,2015,0,0,NULL,NULL,NULL,NULL,NULL),(5903,2013,0,0,NULL,NULL,0,0,NULL),(5903,2014,1,0,1,NULL,0,0,NULL),(5903,2015,0,0,NULL,NULL,0,0,NULL),(5904,2013,0,0,NULL,NULL,0,0,NULL),(5904,2014,0,0,NULL,NULL,0,0,NULL),(5904,2015,0,0,NULL,NULL,0,0,NULL),(5905,2012,41,0,5,NULL,0,0,NULL),(5905,2013,30,0,9,NULL,0,0,NULL),(5905,2014,33,1,NULL,12,0,0,NULL),(5905,2015,33,2,NULL,7,0,0,NULL),(5906,2013,0,0,NULL,NULL,0,0,NULL),(5906,2014,11,0,8,NULL,0,0,NULL),(5906,2015,17,0,2,NULL,0,0,NULL),(5907,2013,0,0,NULL,NULL,0,0,NULL),(5907,2014,0,0,NULL,NULL,0,0,NULL),(5907,2015,1,0,1,NULL,0,0,NULL),(5908,2013,0,0,NULL,NULL,0,0,NULL),(5908,2014,0,0,NULL,NULL,0,0,NULL),(5908,2015,3,1,NULL,2,0,0,NULL),(5909,2013,0,0,NULL,NULL,0,0,NULL),(5909,2014,0,0,NULL,NULL,0,0,NULL),(5909,2015,0,0,NULL,NULL,0,0,NULL),(5910,2012,9,0,9,NULL,0,0,NULL),(5910,2013,6,0,10,NULL,0,0,NULL),(5910,2014,4,0,8,NULL,0,0,NULL),(5910,2015,0,0,NULL,NULL,0,0,NULL),(5911,2012,16,0,11,NULL,0,0,NULL),(5911,2013,11,0,1,NULL,0,0,NULL),(5911,2014,8,0,1,NULL,0,0,NULL),(5911,2015,19,0,8,NULL,0,0,NULL),(5912,2013,0,0,NULL,NULL,0,0,NULL),(5912,2014,0,0,NULL,NULL,0,0,NULL),(5912,2015,0,0,NULL,NULL,0,0,NULL),(5913,2015,0,0,NULL,NULL,NULL,NULL,NULL),(5914,2015,0,0,NULL,NULL,NULL,NULL,NULL),(5915,2013,0,0,NULL,NULL,0,0,NULL),(5915,2014,0,0,NULL,NULL,0,0,NULL),(5915,2015,0,0,NULL,NULL,0,0,NULL),(5916,2013,3,1,NULL,1,0,0,NULL),(5916,2014,6,2,NULL,1,0,0,NULL),(5916,2015,9,3,NULL,1,0,0,NULL),(5917,2013,3,0,NULL,9,0,0,NULL),(5917,2014,13,0,8,NULL,0,0,NULL),(5917,2015,0,0,NULL,NULL,0,0,NULL),(5918,2015,0,0,NULL,NULL,NULL,NULL,NULL),(5919,2013,1,0,5,NULL,0,0,NULL),(5919,2014,0,0,NULL,NULL,0,0,NULL),(5919,2015,0,0,NULL,NULL,0,0,NULL),(5920,2013,0,0,NULL,NULL,0,0,NULL),(5920,2014,0,0,NULL,NULL,0,0,NULL),(5920,2015,0,0,NULL,NULL,0,0,NULL),(5921,2014,0,0,NULL,NULL,0,0,NULL),(5921,2015,0,0,NULL,NULL,0,0,NULL),(5922,2013,0,0,NULL,NULL,0,0,NULL),(5922,2014,5,0,6,NULL,0,0,NULL),(5922,2015,0,0,NULL,NULL,0,0,NULL),(5923,2012,21,0,12,NULL,0,0,NULL),(5923,2013,5,0,5,NULL,0,0,NULL),(5923,2014,8,1,NULL,2,0,0,NULL),(5923,2015,25,0,2,NULL,0,0,NULL),(5924,2013,0,0,NULL,NULL,0,0,NULL),(5924,2014,0,0,NULL,NULL,0,0,NULL),(5924,2015,0,0,NULL,NULL,0,0,NULL),(5925,2013,0,0,NULL,NULL,0,0,NULL),(5925,2014,0,0,NULL,NULL,0,0,NULL),(5925,2015,0,0,NULL,NULL,0,0,NULL),(5926,2013,0,0,NULL,NULL,0,0,NULL),(5926,2014,0,0,NULL,NULL,0,0,NULL),(5926,2015,0,0,NULL,NULL,0,0,NULL),(5927,2013,0,0,NULL,NULL,0,0,NULL),(5927,2014,0,0,NULL,NULL,0,0,NULL),(5927,2015,0,0,NULL,NULL,0,0,NULL),(5928,2013,0,0,12,NULL,1,1,NULL),(5928,2014,0,0,NULL,NULL,1,1,NULL),(5928,2015,0,0,NULL,NULL,1,1,NULL),(5929,2013,0,0,NULL,NULL,0,0,NULL),(5929,2014,0,0,NULL,NULL,0,0,NULL),(5929,2015,0,0,NULL,NULL,0,0,NULL),(5930,2015,0,0,NULL,NULL,NULL,NULL,NULL),(5931,2014,0,0,NULL,NULL,0,0,NULL),(5931,2015,0,0,NULL,NULL,NULL,NULL,NULL),(5932,2014,0,0,NULL,NULL,0,0,NULL),(5932,2015,0,0,NULL,NULL,0,0,NULL),(5933,2015,0,0,NULL,NULL,NULL,NULL,NULL),(5934,2012,15,0,1,NULL,0,0,NULL),(5934,2013,0,0,NULL,NULL,0,0,NULL),(5934,2014,6,0,2,NULL,0,0,NULL),(5934,2015,0,0,NULL,NULL,0,0,NULL),(5935,2012,12,0,11,NULL,0,0,NULL),(5935,2013,1,0,1,NULL,0,0,NULL),(5935,2014,4,0,10,NULL,0,0,NULL),(5935,2015,21,0,3,NULL,0,0,NULL),(5936,2013,0,0,NULL,NULL,0,0,NULL),(5936,2014,1,0,6,NULL,0,0,NULL),(5936,2015,0,0,NULL,NULL,0,0,NULL),(5937,2015,0,0,NULL,NULL,NULL,NULL,NULL),(5938,2012,1,0,7,NULL,0,0,NULL),(5938,2013,10,0,11,NULL,0,0,NULL),(5938,2014,13,1,NULL,12,0,0,NULL),(5938,2015,16,2,NULL,4,0,0,NULL),(5939,2013,0,0,NULL,NULL,0,0,NULL),(5939,2014,0,0,NULL,NULL,0,0,NULL),(5939,2015,0,0,NULL,NULL,0,0,NULL),(5940,2013,0,0,NULL,NULL,0,0,NULL),(5940,2014,0,0,NULL,NULL,0,0,NULL),(5940,2015,0,0,NULL,NULL,0,0,NULL),(5941,2012,21,0,10,NULL,0,0,NULL),(5941,2013,0,0,NULL,NULL,0,0,NULL),(5941,2014,0,0,NULL,NULL,0,0,NULL),(5941,2015,5,0,1,NULL,0,0,NULL),(5942,2013,0,0,NULL,NULL,0,0,NULL),(5942,2014,0,0,11,NULL,0,0,NULL),(5942,2015,0,0,NULL,NULL,0,0,NULL),(5943,2013,0,0,NULL,NULL,0,0,NULL),(5943,2014,0,0,NULL,NULL,0,0,NULL),(5943,2015,0,0,NULL,NULL,0,0,NULL),(5944,2013,0,0,NULL,NULL,0,0,NULL),(5944,2014,0,0,NULL,NULL,0,0,NULL),(5944,2015,0,0,NULL,NULL,0,0,NULL),(5945,2013,0,0,NULL,NULL,0,0,NULL),(5945,2014,0,0,NULL,NULL,0,0,NULL),(5945,2015,0,0,NULL,NULL,0,0,NULL),(5946,2013,0,0,NULL,NULL,0,0,NULL),(5946,2014,0,0,NULL,NULL,0,0,NULL),(5946,2015,0,0,NULL,NULL,0,0,NULL),(5947,2013,21,0,5,NULL,0,0,NULL),(5947,2014,7,0,7,NULL,0,0,NULL),(5947,2015,0,0,NULL,NULL,0,0,NULL),(5948,2013,0,0,NULL,NULL,0,0,NULL),(5948,2014,0,0,NULL,NULL,0,0,NULL),(5948,2015,0,0,NULL,NULL,0,0,NULL),(5949,2013,0,0,1,NULL,1,1,NULL),(5949,2014,0,0,NULL,1,1,1,NULL),(5949,2015,0,0,NULL,NULL,1,1,NULL),(5950,2012,18,0,12,NULL,0,0,NULL),(5950,2013,26,0,9,NULL,0,0,NULL),(5950,2014,14,0,8,NULL,0,0,NULL),(5950,2015,2,0,4,NULL,0,0,NULL),(5951,2014,0,0,NULL,NULL,0,0,NULL),(5951,2015,0,0,NULL,NULL,NULL,NULL,NULL),(5952,2015,0,0,NULL,NULL,NULL,NULL,NULL),(5953,2013,0,0,NULL,NULL,0,0,NULL),(5953,2014,28,0,3,NULL,0,0,NULL),(5953,2015,33,0,8,NULL,0,0,NULL),(5954,2013,0,0,NULL,NULL,0,0,NULL),(5954,2014,0,0,NULL,NULL,0,0,NULL),(5954,2015,4,0,10,NULL,0,0,NULL),(5955,2012,29,0,1,NULL,0,0,NULL),(5955,2013,29,0,NULL,5,0,0,NULL),(5955,2014,7,0,10,NULL,0,0,NULL),(5955,2015,0,0,NULL,NULL,0,0,NULL),(5956,2013,0,0,NULL,NULL,0,0,NULL),(5956,2014,0,0,NULL,NULL,0,0,NULL),(5956,2015,0,0,NULL,NULL,NULL,NULL,NULL),(5957,2013,0,0,NULL,NULL,0,0,NULL),(5957,2014,0,0,NULL,NULL,0,0,NULL),(5957,2015,0,0,NULL,NULL,0,0,NULL),(5958,2015,0,0,NULL,NULL,NULL,NULL,NULL),(5959,2013,0,0,NULL,NULL,0,0,NULL),(5959,2014,0,0,NULL,NULL,0,0,NULL),(5959,2015,0,0,NULL,NULL,0,0,NULL),(5960,2013,0,0,NULL,NULL,0,0,NULL),(5960,2014,0,0,NULL,NULL,0,0,NULL),(5960,2015,0,0,NULL,NULL,0,0,NULL),(5961,2013,1,0,10,NULL,0,0,NULL),(5961,2014,4,1,NULL,10,0,0,NULL),(5961,2015,16,0,2,NULL,0,0,NULL),(5962,2014,0,0,NULL,NULL,0,0,NULL),(5962,2015,0,0,NULL,NULL,0,0,NULL),(5963,2013,0,0,NULL,NULL,0,0,NULL),(5963,2014,0,0,NULL,NULL,0,0,NULL),(5963,2015,0,0,NULL,NULL,0,0,NULL),(5964,2013,0,0,4,NULL,1,1,NULL),(5964,2014,0,0,NULL,4,1,1,NULL),(5964,2015,0,0,NULL,4,1,1,NULL),(5965,2015,0,0,NULL,NULL,NULL,NULL,NULL),(5966,2013,0,0,NULL,NULL,0,0,NULL),(5966,2014,0,0,NULL,NULL,0,0,NULL),(5966,2015,0,0,NULL,NULL,0,0,NULL),(5967,2013,0,0,11,NULL,0,0,NULL),(5967,2014,0,0,NULL,NULL,0,0,NULL),(5967,2015,0,0,NULL,NULL,0,0,NULL),(5968,2013,0,0,NULL,NULL,0,0,NULL),(5968,2014,0,0,NULL,NULL,0,0,NULL),(5968,2015,0,0,NULL,NULL,0,0,NULL),(5969,2012,11,0,6,NULL,0,0,NULL),(5969,2013,0,0,NULL,NULL,0,0,NULL),(5969,2014,0,0,NULL,NULL,0,0,NULL),(5969,2015,0,0,NULL,NULL,0,0,NULL),(5970,2013,0,0,NULL,NULL,0,0,NULL),(5970,2014,0,0,NULL,NULL,0,0,NULL),(5970,2015,0,0,NULL,NULL,0,0,NULL),(5971,2015,0,0,NULL,NULL,NULL,NULL,NULL);
/*!40000 ALTER TABLE `PLAYERHISTORY` ENABLE KEYS */;
UNLOCK TABLES;

--
-- Table structure for table `PLAYERSTATUS`
--

DROP TABLE IF EXISTS `PLAYERSTATUS`;
/*!40101 SET @saved_cs_client     = @@character_set_client */;
/*!40101 SET character_set_client = utf8 */;
CREATE TABLE `PLAYERSTATUS` (
  `playerStatusCode` varchar(10) NOT NULL,
  `playerStatusName` varchar(20) NOT NULL,
  PRIMARY KEY (`playerStatusCode`)
) ENGINE=InnoDB DEFAULT CHARSET=latin1;
/*!40101 SET character_set_client = @saved_cs_client */;

--
-- Dumping data for table `PLAYERSTATUS`
--

LOCK TABLES `PLAYERSTATUS` WRITE;
/*!40000 ALTER TABLE `PLAYERSTATUS` DISABLE KEYS */;
INSERT INTO `PLAYERSTATUS` VALUES ('A','ACTIVE'),('B','BENCH'),('DL','DISABLED LIST'),('FA','FREEAGENT'),('I','INACTIVE'),('MIN','MINOR LEAGUES'),('RST','RESTRICTED'),('SUSP','SUSPENDED'),('UNK','UNKNOWN');
/*!40000 ALTER TABLE `PLAYERSTATUS` ENABLE KEYS */;
UNLOCK TABLES;

--
-- Table structure for table `PLAYERTOTEAM`
--

DROP TABLE IF EXISTS `PLAYERTOTEAM`;
/*!40101 SET @saved_cs_client     = @@character_set_client */;
/*!40101 SET character_set_client = utf8 */;
CREATE TABLE `PLAYERTOTEAM` (
  `playerToTeamId` bigint(20) NOT NULL AUTO_INCREMENT,
  `playerId` bigint(20) NOT NULL,
  `gameDate` date NOT NULL,
  `fantasyTeamId` int(11) DEFAULT NULL,
  `mlbTeamId` int(11) DEFAULT NULL,
  `fantasyPlayerStatusCode` varchar(10) DEFAULT NULL,
  `mlbPlayerStatusCode` varchar(10) DEFAULT NULL,
  `fantasyPositionId` int(11) DEFAULT NULL,
  PRIMARY KEY (`playerToTeamId`),
  UNIQUE KEY `playerId` (`playerId`,`gameDate`),
  KEY `fantasyTeamId` (`fantasyTeamId`),
  KEY `mlbTeamId` (`mlbTeamId`),
  KEY `fantasyPlayerStatusCode` (`fantasyPlayerStatusCode`),
  KEY `mlbPlayerStatusCode` (`mlbPlayerStatusCode`),
  KEY `fantasyPositionId` (`fantasyPositionId`),
  CONSTRAINT `playertoteam_ibfk_1` FOREIGN KEY (`playerId`) REFERENCES `PLAYER` (`playerId`),
  CONSTRAINT `playertoteam_ibfk_2` FOREIGN KEY (`fantasyTeamId`) REFERENCES `TEAM` (`teamId`),
  CONSTRAINT `playertoteam_ibfk_3` FOREIGN KEY (`mlbTeamId`) REFERENCES `TEAM` (`teamId`),
  CONSTRAINT `playertoteam_ibfk_4` FOREIGN KEY (`fantasyPlayerStatusCode`) REFERENCES `PLAYERSTATUS` (`playerStatusCode`),
  CONSTRAINT `playertoteam_ibfk_5` FOREIGN KEY (`mlbPlayerStatusCode`) REFERENCES `PLAYERSTATUS` (`playerStatusCode`),
  CONSTRAINT `playertoteam_ibfk_6` FOREIGN KEY (`fantasyPositionId`) REFERENCES `POSITION` (`positionId`)
) ENGINE=InnoDB AUTO_INCREMENT=5972 DEFAULT CHARSET=latin1;
/*!40101 SET character_set_client = @saved_cs_client */;

--
-- Dumping data for table `PLAYERTOTEAM`
--

LOCK TABLES `PLAYERTOTEAM` WRITE;
/*!40000 ALTER TABLE `PLAYERTOTEAM` DISABLE KEYS */;
INSERT INTO `PLAYERTOTEAM` VALUES (4777,4777,'2015-03-15',8,117,'A','A',104),(4778,4779,'2015-03-15',0,113,'FA','A',NULL),(4779,4780,'2015-03-15',0,110,'FA',NULL,NULL),(4780,4778,'2015-03-15',0,112,'FA',NULL,NULL),(4781,4781,'2015-03-15',11,112,'A','A',101),(4782,4782,'2015-03-15',0,117,'FA',NULL,NULL),(4783,4783,'2015-03-15',10,112,'A',NULL,110),(4784,4785,'2015-03-15',1,117,'A','A',110),(4785,4784,'2015-03-15',0,113,'FA','A',NULL),(4786,4786,'2015-03-15',0,112,'FA',NULL,NULL),(4787,4787,'2015-03-15',0,117,'FA','A',NULL),(4788,4788,'2015-03-15',9,112,'MIN','A',110),(4789,4789,'2015-03-15',0,110,'FA','A',NULL),(4790,4790,'2015-03-15',0,113,'FA','A',NULL),(4791,4791,'2015-03-15',5,110,'A','A',101),(4792,4794,'2015-03-15',1,110,'MIN',NULL,NULL),(4793,4792,'2015-03-15',10,113,'A','A',107),(4794,4795,'2015-03-15',0,110,'FA','A',NULL),(4795,4796,'2015-03-15',0,113,'FA','A',NULL),(4796,4797,'2015-03-15',0,110,'FA','A',NULL),(4797,4798,'2015-03-15',7,113,'A','A',101),(4798,4799,'2015-03-15',0,110,'FA',NULL,NULL),(4799,4800,'2015-03-15',12,110,'A','A',105),(4800,4801,'2015-03-15',0,110,'FA','A',NULL),(4801,4802,'2015-03-15',0,113,'FA','A',NULL),(4802,4804,'2015-03-15',0,110,'FA',NULL,NULL),(4803,4793,'2015-03-15',0,117,'FA','A',NULL),(4804,4803,'2015-03-15',0,112,'FA','A',NULL),(4805,4805,'2015-03-15',0,117,'FA','A',NULL),(4806,4806,'2015-03-15',4,112,'A','A',106),(4807,4807,'2015-03-15',0,113,'FA','A',NULL),(4808,4808,'2015-03-15',0,117,'FA',NULL,NULL),(4809,4809,'2015-03-15',0,112,'FA','A',NULL),(4810,4810,'2015-03-15',0,117,'FA','A',NULL),(4811,4811,'2015-03-15',0,113,'FA','A',NULL),(4812,4812,'2015-03-15',0,112,'FA','A',NULL),(4813,4813,'2015-03-15',0,117,'FA',NULL,NULL),(4814,4814,'2015-03-15',0,112,'FA','A',NULL),(4815,4816,'2015-03-15',3,113,'A','A',101),(4816,4815,'2015-03-15',0,110,'FA',NULL,NULL),(4817,4817,'2015-03-15',0,117,'FA','A',NULL),(4818,4818,'2015-03-15',0,112,'FA',NULL,NULL),(4819,4819,'2015-03-15',0,117,'FA',NULL,NULL),(4820,4820,'2015-03-15',0,113,'FA','A',NULL),(4821,4821,'2015-03-15',0,117,'FA','A',NULL),(4822,4822,'2015-03-15',6,112,'A','A',NULL),(4823,4823,'2015-03-15',0,113,'FA','A',NULL),(4824,4824,'2015-03-15',8,117,'A','A',102),(4825,4825,'2015-03-15',0,113,'FA',NULL,NULL),(4826,4827,'2015-03-15',0,110,'FA',NULL,NULL),(4827,4826,'2015-03-15',0,112,'FA','A',NULL),(4828,4828,'2015-03-15',0,110,'FA','A',NULL),(4829,4829,'2015-03-15',10,110,'A','A',101),(4830,4830,'2015-03-15',0,113,'FA',NULL,NULL),(4831,4831,'2015-03-15',0,110,'FA','A',NULL),(4832,4832,'2015-03-15',0,112,'FA',NULL,NULL),(4833,4833,'2015-03-15',0,110,'FA',NULL,NULL),(4834,4834,'2015-03-15',0,112,'FA','A',NULL),(4835,4835,'2015-03-15',0,110,'FA','A',NULL),(4836,4837,'2015-03-15',0,112,'FA','A',NULL),(4837,4838,'2015-03-15',0,110,'FA','A',NULL),(4838,4836,'2015-03-15',9,113,'A','A',105),(4839,4839,'2015-03-15',0,112,'FA','A',NULL),(4840,4840,'2015-03-15',0,117,'FA','A',NULL),(4841,4841,'2015-03-15',0,113,'FA',NULL,NULL),(4842,4842,'2015-03-15',0,112,'FA','A',NULL),(4843,4843,'2015-03-15',0,117,'FA','A',NULL),(4844,4844,'2015-03-15',0,113,'FA','A',NULL),(4845,4845,'2015-03-15',0,117,'FA','A',NULL),(4846,4846,'2015-03-15',0,112,'FA',NULL,NULL),(4847,4847,'2015-03-15',2,113,'A','A',107),(4848,4848,'2015-03-15',0,117,'FA','A',NULL),(4849,4849,'2015-03-15',0,112,'FA',NULL,NULL),(4850,4850,'2015-03-15',0,113,'FA',NULL,NULL),(4851,4851,'2015-03-15',4,110,'A','A',107),(4852,4852,'2015-03-15',0,117,'FA','A',NULL),(4853,4853,'2015-03-15',0,112,'FA','A',NULL),(4854,4854,'2015-03-15',0,113,'FA','A',NULL),(4855,4855,'2015-03-15',0,117,'FA',NULL,NULL),(4856,4856,'2015-03-15',0,113,'FA',NULL,NULL),(4857,4857,'2015-03-15',6,112,'A','A',101),(4858,4858,'2015-03-15',12,117,'A','A',101),(4859,4859,'2015-03-15',5,113,'A','A',NULL),(4860,4860,'2015-03-15',0,112,'FA',NULL,NULL),(4861,4861,'2015-03-15',0,117,'FA',NULL,NULL),(4862,4862,'2015-03-15',0,110,'FA','A',NULL),(4863,4863,'2015-03-15',0,110,'FA','A',NULL),(4864,4864,'2015-03-15',0,117,'FA','A',NULL),(4865,4865,'2015-03-15',0,110,'FA','A',NULL),(4866,4868,'2015-03-15',5,110,'A','A',110),(4867,4866,'2015-03-15',1,117,'A','A',101),(4868,4867,'2015-03-15',0,113,'FA','A',NULL),(4869,4869,'2015-03-15',0,110,'FA','A',NULL),(4870,4870,'2015-03-15',0,117,'FA','A',NULL),(4871,4871,'2015-03-15',0,110,'FA',NULL,NULL),(4872,4872,'2015-03-15',0,110,'FA','A',NULL),(4873,4873,'2015-03-15',0,117,'FA',NULL,NULL),(4874,4874,'2015-03-15',0,113,'FA',NULL,NULL),(4875,4875,'2015-03-15',0,110,'FA','A',NULL),(4876,4876,'2015-03-15',7,112,'A','A',102),(4877,4877,'2015-03-15',0,117,'FA',NULL,NULL),(4878,4878,'2015-03-15',0,113,'FA',NULL,NULL),(4879,4879,'2015-03-15',0,112,'FA','A',NULL),(4880,4880,'2015-03-15',0,113,'FA','A',NULL),(4881,4881,'2015-03-15',0,117,'FA','A',NULL),(4882,4882,'2015-03-15',0,112,'FA',NULL,NULL),(4883,4883,'2015-03-15',4,113,'A','A',102),(4884,4884,'2015-03-15',0,112,'FA',NULL,NULL),(4885,4885,'2015-03-15',0,117,'FA','A',NULL),(4886,4886,'2015-03-15',0,112,'FA',NULL,NULL),(4887,4887,'2015-03-15',0,113,'FA','A',NULL),(4888,4888,'2015-03-15',0,117,'FA',NULL,NULL),(4889,4889,'2015-03-15',10,112,'A','A',103),(4890,4890,'2015-03-15',0,113,'FA',NULL,NULL),(4891,4892,'2015-03-15',0,117,'FA',NULL,NULL),(4892,4893,'2015-03-15',4,112,'A','A',101),(4893,4894,'2015-03-15',0,113,'FA','A',NULL),(4894,4891,'2015-03-15',0,110,'FA','A',NULL),(4895,4895,'2015-03-15',0,117,'FA','A',NULL),(4896,4896,'2015-03-15',0,112,'FA','A',NULL),(4897,4897,'2015-03-15',0,113,'FA','A',NULL),(4898,4898,'2015-03-15',0,110,'FA','A',NULL),(4899,4900,'2015-03-15',0,113,'FA',NULL,NULL),(4900,4901,'2015-03-15',11,110,'A','A',109),(4901,4899,'2015-03-15',10,117,'A','A',107),(4902,4902,'2015-03-15',0,113,'FA',NULL,NULL),(4903,4904,'2015-03-15',0,110,'FA',NULL,NULL),(4904,4903,'2015-03-15',0,112,'FA','A',NULL),(4905,4905,'2015-03-15',0,113,'FA','A',NULL),(4906,4906,'2015-03-15',0,117,'FA',NULL,NULL),(4907,4907,'2015-03-15',8,110,'A','A',NULL),(4908,4909,'2015-03-15',6,117,'A',NULL,NULL),(4909,4908,'2015-03-15',8,112,'MIN','A',108),(4910,4910,'2015-03-15',0,113,'FA',NULL,NULL),(4911,4911,'2015-03-15',0,110,'FA','A',NULL),(4912,4912,'2015-03-15',0,113,'FA',NULL,NULL),(4913,4913,'2015-03-15',0,112,'FA',NULL,NULL),(4914,4914,'2015-03-15',0,117,'FA','A',NULL),(4915,4915,'2015-03-15',0,110,'FA',NULL,NULL),(4916,4916,'2015-03-15',0,113,'FA',NULL,NULL),(4917,4917,'2015-03-15',8,112,'MIN','A',107),(4918,4918,'2015-03-15',0,110,'FA',NULL,NULL),(4919,4919,'2015-03-15',0,112,'FA','A',NULL),(4920,4920,'2015-03-15',0,117,'FA',NULL,NULL),(4921,4921,'2015-03-15',0,112,'FA',NULL,NULL),(4922,4922,'2015-03-15',0,117,'FA','A',NULL),(4923,4923,'2015-03-15',0,112,'FA',NULL,NULL),(4924,4924,'2015-03-15',0,117,'FA',NULL,NULL),(4925,4925,'2015-03-15',0,112,'FA',NULL,NULL),(4926,4926,'2015-03-15',4,110,'A',NULL,112),(4927,4927,'2015-03-15',0,117,'FA','A',NULL),(4928,4928,'2015-03-15',0,117,'FA',NULL,NULL),(4929,4929,'2015-03-15',0,112,'FA','A',NULL),(4930,4930,'2015-03-15',0,110,'FA',NULL,NULL),(4931,4931,'2015-03-15',0,137,'FA','A',NULL),(4932,4932,'2015-03-15',0,135,'FA',NULL,NULL),(4933,4933,'2015-03-15',0,113,'FA',NULL,NULL),(4934,4934,'2015-03-15',0,110,'FA',NULL,NULL),(4935,4935,'2015-03-15',1,113,'A','A',103),(4936,4936,'2015-03-15',0,110,'FA',NULL,NULL),(4937,4937,'2015-03-15',0,135,'FA','A',NULL),(4938,4938,'2015-03-15',0,113,'FA',NULL,NULL),(4939,4939,'2015-03-15',0,110,'FA','A',NULL),(4940,4940,'2015-03-15',0,108,'FA','A',NULL),(4941,4941,'2015-03-15',0,118,'FA',NULL,NULL),(4942,4942,'2015-03-15',8,108,'A','A',106),(4943,4943,'2015-03-15',0,118,'FA',NULL,NULL),(4944,4944,'2015-03-15',0,118,'FA',NULL,NULL),(4945,4945,'2015-03-15',0,108,'FA',NULL,NULL),(4946,4946,'2015-03-15',6,118,'A','A',107),(4947,4948,'2015-03-15',0,108,'FA',NULL,NULL),(4948,4947,'2015-03-15',0,135,'FA','A',NULL),(4949,4949,'2015-03-15',0,137,'FA','A',NULL),(4950,4950,'2015-03-15',0,118,'FA','A',NULL),(4951,4952,'2015-03-15',0,135,'FA','A',NULL),(4952,4953,'2015-03-15',0,137,'FA','A',NULL),(4953,4951,'2015-03-15',0,108,'FA',NULL,NULL),(4954,4954,'2015-03-15',10,135,'A','A',NULL),(4955,4955,'2015-03-15',0,118,'FA',NULL,NULL),(4956,4956,'2015-03-15',7,137,'A','A',103),(4957,4957,'2015-03-15',0,135,'FA',NULL,NULL),(4958,4958,'2015-03-15',0,118,'FA','A',NULL),(4959,4961,'2015-03-15',4,135,'A','A',101),(4960,4959,'2015-03-15',0,137,'FA',NULL,NULL),(4961,4960,'2015-03-15',0,108,'FA','A',NULL),(4962,4962,'2015-03-15',0,118,'FA',NULL,NULL),(4963,4963,'2015-03-15',0,135,'FA','A',NULL),(4964,4965,'2015-03-15',0,137,'FA','A',NULL),(4965,4964,'2015-03-15',0,118,'FA','A',NULL),(4966,4966,'2015-03-15',0,137,'FA',NULL,NULL),(4967,4967,'2015-03-15',0,135,'FA',NULL,NULL),(4968,4969,'2015-03-15',12,108,'A','A',107),(4969,4968,'2015-03-15',4,118,'A','A',101),(4970,4970,'2015-03-15',11,137,'A','A',101),(4971,4971,'2015-03-15',0,135,'FA',NULL,NULL),(4972,4972,'2015-03-15',0,118,'FA','A',NULL),(4973,4974,'2015-03-15',7,137,'A',NULL,112),(4974,4973,'2015-03-15',0,108,'FA','A',NULL),(4975,4975,'2015-03-15',0,135,'FA',NULL,NULL),(4976,4976,'2015-03-15',10,108,'A','A',110),(4977,4977,'2015-03-15',0,137,'FA',NULL,NULL),(4978,4980,'2015-03-15',3,137,'A','A',101),(4979,4979,'2015-03-15',0,108,'FA','A',NULL),(4980,4981,'2015-03-15',0,108,'FA','A',NULL),(4981,4982,'2015-03-15',0,137,'FA',NULL,NULL),(4982,4983,'2015-03-15',0,108,'FA','A',NULL),(4983,4984,'2015-03-15',0,137,'FA','A',NULL),(4984,4978,'2015-03-15',11,118,'A',NULL,106),(4985,4985,'2015-03-15',0,108,'FA',NULL,NULL),(4986,4986,'2015-03-15',0,137,'FA','A',NULL),(4987,4987,'2015-03-15',0,135,'FA',NULL,NULL),(4988,4988,'2015-03-15',9,108,'MIN',NULL,NULL),(4989,4989,'2015-03-15',0,137,'FA',NULL,NULL),(4990,4990,'2015-03-15',0,108,'FA','A',NULL),(4991,4992,'2015-03-15',0,137,'FA',NULL,NULL),(4992,4991,'2015-03-15',0,118,'FA','A',NULL),(4993,4993,'2015-03-15',0,108,'FA','A',NULL),(4994,4994,'2015-03-15',8,135,'A','A',108),(4995,4995,'2015-03-15',0,137,'FA',NULL,NULL),(4996,4996,'2015-03-15',0,108,'FA',NULL,NULL),(4997,4997,'2015-03-15',0,118,'FA',NULL,NULL),(4998,4998,'2015-03-15',0,137,'FA','A',NULL),(4999,4999,'2015-03-15',0,135,'FA',NULL,NULL),(5000,5000,'2015-03-15',0,108,'FA',NULL,NULL),(5001,5001,'2015-03-15',0,118,'FA','A',NULL),(5002,5002,'2015-03-15',0,135,'FA',NULL,NULL),(5003,5003,'2015-03-15',0,118,'FA',NULL,NULL),(5004,5004,'2015-03-15',7,135,'MIN',NULL,NULL),(5005,5006,'2015-03-15',9,118,'A','A',NULL),(5006,5007,'2015-03-15',7,135,'A','A',107),(5007,5008,'2015-03-15',0,118,'FA',NULL,NULL),(5008,5005,'2015-03-15',7,137,'A','A',101),(5009,5009,'2015-03-15',9,135,'A','A',101),(5010,5010,'2015-03-15',0,118,'FA','A',NULL),(5011,5011,'2015-03-15',0,108,'FA','A',NULL),(5012,5012,'2015-03-15',1,135,'A','A',101),(5013,5013,'2015-03-15',0,137,'FA',NULL,NULL),(5014,5014,'2015-03-15',0,118,'FA','A',NULL),(5015,5015,'2015-03-15',0,108,'FA','A',NULL),(5016,5017,'2015-03-15',0,118,'FA',NULL,NULL),(5017,5016,'2015-03-15',0,137,'FA','A',NULL),(5018,5018,'2015-03-15',0,135,'FA',NULL,NULL),(5019,5019,'2015-03-15',0,108,'FA',NULL,NULL),(5020,5020,'2015-03-15',8,118,'A',NULL,112),(5021,5022,'2015-03-15',3,135,'MIN',NULL,NULL),(5022,5021,'2015-03-15',0,137,'FA',NULL,NULL),(5023,5024,'2015-03-15',2,118,'A','A',109),(5024,5025,'2015-03-15',0,135,'FA','A',NULL),(5025,5023,'2015-03-15',0,108,'FA','A',NULL),(5026,5026,'2015-03-15',0,137,'FA','A',NULL),(5027,5027,'2015-03-15',0,118,'FA','A',NULL),(5028,5028,'2015-03-15',0,135,'FA',NULL,NULL),(5029,5029,'2015-03-15',5,108,'A','A',103),(5030,5030,'2015-03-15',0,137,'FA','A',NULL),(5031,5031,'2015-03-15',0,108,'FA','A',NULL),(5032,5032,'2015-03-15',0,137,'FA','A',NULL),(5033,5033,'2015-03-15',0,118,'FA','A',NULL),(5034,5034,'2015-03-15',0,135,'FA',NULL,NULL),(5035,5035,'2015-03-15',0,108,'FA',NULL,NULL),(5036,5036,'2015-03-15',0,137,'FA','A',NULL),(5037,5037,'2015-03-15',1,108,'A','A',101),(5038,5038,'2015-03-15',0,137,'FA','A',NULL),(5039,5041,'2015-03-15',0,108,'FA',NULL,NULL),(5040,5042,'2015-03-15',0,137,'FA','A',NULL),(5041,5039,'2015-03-15',0,118,'FA',NULL,NULL),(5042,5040,'2015-03-15',0,135,'FA','A',NULL),(5043,5043,'2015-03-15',0,108,'FA',NULL,NULL),(5044,5044,'2015-03-15',0,137,'FA','A',NULL),(5045,5045,'2015-03-15',0,108,'FA',NULL,NULL),(5046,5048,'2015-03-15',0,137,'FA',NULL,NULL),(5047,5047,'2015-03-15',0,118,'FA','A',NULL),(5048,5046,'2015-03-15',0,135,'FA','A',NULL),(5049,5049,'2015-03-15',0,108,'FA','A',NULL),(5050,5050,'2015-03-15',0,137,'FA',NULL,NULL),(5051,5051,'2015-03-15',0,108,'FA','A',NULL),(5052,5052,'2015-03-15',3,137,'A',NULL,112),(5053,5053,'2015-03-15',2,108,'A','A',NULL),(5054,5054,'2015-03-15',0,137,'FA',NULL,NULL),(5055,5055,'2015-03-15',10,135,'A','A',107),(5056,5056,'2015-03-15',0,118,'FA',NULL,NULL),(5057,5057,'2015-03-15',0,135,'FA','A',NULL),(5058,5058,'2015-03-15',0,108,'FA','A',NULL),(5059,5059,'2015-03-15',0,118,'FA','A',NULL),(5060,5061,'2015-03-15',7,135,'A','A',102),(5061,5060,'2015-03-15',0,137,'FA','A',NULL),(5062,5062,'2015-03-15',0,118,'FA','A',NULL),(5063,5063,'2015-03-15',12,108,'A','A',101),(5064,5064,'2015-03-15',0,135,'FA','A',NULL),(5065,5065,'2015-03-15',0,118,'FA','A',NULL),(5066,5066,'2015-03-15',0,108,'FA',NULL,NULL),(5067,5067,'2015-03-15',0,118,'FA','A',NULL),(5068,5069,'2015-03-15',0,135,'FA',NULL,NULL),(5069,5070,'2015-03-15',0,118,'FA',NULL,NULL),(5070,5072,'2015-03-15',8,135,'A','A',101),(5071,5073,'2015-03-15',5,118,'A','A',102),(5072,5071,'2015-03-15',10,108,'A','A',107),(5073,5068,'2015-03-15',10,137,'A','A',102),(5074,5074,'2015-03-15',12,135,'A','A',101),(5075,5075,'2015-03-15',0,118,'FA','A',NULL),(5076,5076,'2015-03-15',0,135,'FA','A',NULL),(5077,5077,'2015-03-15',12,118,'A',NULL,112),(5078,5078,'2015-03-15',5,135,'MIN','A',NULL),(5079,5079,'2015-03-15',7,108,'A','A',101),(5080,5080,'2015-03-15',0,118,'FA','A',NULL),(5081,5082,'2015-03-15',0,137,'FA','A',NULL),(5082,5081,'2015-03-15',0,135,'FA','A',NULL),(5083,5083,'2015-03-15',0,108,'FA',NULL,NULL),(5084,5084,'2015-03-15',0,137,'FA','A',NULL),(5085,5085,'2015-03-15',0,108,'FA','A',NULL),(5086,5086,'2015-03-15',0,137,'FA',NULL,NULL),(5087,5087,'2015-03-15',0,135,'FA',NULL,NULL),(5088,5088,'2015-03-15',0,137,'FA','A',NULL),(5089,5089,'2015-03-15',0,115,'FA',NULL,NULL),(5090,5090,'2015-03-15',0,137,'FA','A',NULL),(5091,5092,'2015-03-15',0,115,'FA',NULL,NULL),(5092,5091,'2015-03-15',9,135,'A','A',107),(5093,5093,'2015-03-15',7,118,'A',NULL,101),(5094,5094,'2015-03-15',0,109,'FA','A',NULL),(5095,5095,'2015-03-15',5,115,'A','A',109),(5096,5096,'2015-03-15',0,109,'FA','A',NULL),(5097,5097,'2015-03-15',0,135,'FA','A',NULL),(5098,5098,'2015-03-15',0,115,'FA','A',NULL),(5099,5099,'2015-03-15',0,118,'FA',NULL,NULL),(5100,5100,'2015-03-15',0,135,'FA','A',NULL),(5101,5101,'2015-03-15',2,109,'MIN',NULL,112),(5102,5102,'2015-03-15',0,118,'FA','A',NULL),(5103,5103,'2015-03-15',0,115,'FA',NULL,NULL),(5104,5104,'2015-03-15',0,109,'FA',NULL,NULL),(5105,5105,'2015-03-15',0,136,'FA','A',NULL),(5106,5106,'2015-03-15',0,114,'FA',NULL,NULL),(5107,5107,'2015-03-15',0,115,'FA','A',NULL),(5108,5109,'2015-03-15',0,114,'FA',NULL,NULL),(5109,5108,'2015-03-15',0,136,'FA','A',NULL),(5110,5110,'2015-03-15',0,109,'FA','A',NULL),(5111,5111,'2015-03-15',8,114,'A','A',101),(5112,5112,'2015-03-15',11,136,'A','A',108),(5113,5114,'2015-03-15',6,136,'A','A',107),(5114,5115,'2015-03-15',0,114,'FA',NULL,NULL),(5115,5113,'2015-03-15',0,115,'FA','A',NULL),(5116,5116,'2015-03-15',0,136,'FA','A',NULL),(5117,5117,'2015-03-15',0,109,'FA','A',NULL),(5118,5119,'2015-03-15',0,136,'FA','A',NULL),(5119,5120,'2015-03-15',0,114,'FA',NULL,NULL),(5120,5118,'2015-03-15',0,115,'FA',NULL,NULL),(5121,5122,'2015-03-15',0,136,'FA','A',NULL),(5122,5123,'2015-03-15',0,114,'FA','A',NULL),(5123,5121,'2015-03-15',0,109,'FA','A',NULL),(5124,5124,'2015-03-15',0,136,'FA',NULL,NULL),(5125,5125,'2015-03-15',0,114,'FA','A',NULL),(5126,5126,'2015-03-15',5,115,'A','A',107),(5127,5127,'2015-03-15',11,109,'A',NULL,112),(5128,5128,'2015-03-15',0,136,'FA','A',NULL),(5129,5129,'2015-03-15',10,114,'A','A',101),(5130,5130,'2015-03-15',0,114,'FA','A',NULL),(5131,5131,'2015-03-15',1,136,'A','A',101),(5132,5132,'2015-03-15',6,114,'A','A',107),(5133,5134,'2015-03-15',2,114,'A','A',101),(5134,5135,'2015-03-15',0,136,'FA',NULL,NULL),(5135,5133,'2015-03-15',0,115,'FA',NULL,NULL),(5136,5136,'2015-03-15',6,109,'A','A',NULL),(5137,5137,'2015-03-15',0,115,'FA','A',NULL),(5138,5138,'2015-03-15',0,109,'FA','A',NULL),(5139,5139,'2015-03-15',0,115,'FA','A',NULL),(5140,5141,'2015-03-15',0,115,'FA','A',NULL),(5141,5142,'2015-03-15',0,109,'FA','A',NULL),(5142,5143,'2015-03-15',0,115,'FA','A',NULL),(5143,5144,'2015-03-15',0,109,'FA',NULL,NULL),(5144,5140,'2015-03-15',0,136,'FA',NULL,NULL),(5145,5146,'2015-03-15',12,109,'A','A',103),(5146,5147,'2015-03-15',0,115,'FA',NULL,NULL),(5147,5148,'2015-03-15',0,109,'FA','A',NULL),(5148,5149,'2015-03-15',11,115,'A','A',107),(5149,5150,'2015-03-15',0,109,'FA','A',NULL),(5150,5145,'2015-03-15',6,114,'A','A',NULL),(5151,5151,'2015-03-15',0,115,'FA','A',NULL),(5152,5152,'2015-03-15',0,109,'FA',NULL,NULL),(5153,5153,'2015-03-15',12,115,'A','A',107),(5154,5154,'2015-03-15',0,109,'FA',NULL,NULL),(5155,5155,'2015-03-15',0,109,'FA','A',NULL),(5156,5156,'2015-03-15',7,136,'A',NULL,112),(5157,5157,'2015-03-15',0,115,'FA',NULL,NULL),(5158,5158,'2015-03-15',0,109,'FA','A',NULL),(5159,5159,'2015-03-15',4,136,'A','A',NULL),(5160,5161,'2015-03-15',0,114,'FA',NULL,NULL),(5161,5160,'2015-03-15',0,115,'FA',NULL,NULL),(5162,5163,'2015-03-15',1,114,'A',NULL,112),(5163,5162,'2015-03-15',0,136,'FA',NULL,NULL),(5164,5164,'2015-03-15',0,109,'FA','A',NULL),(5165,5165,'2015-03-15',0,115,'FA',NULL,NULL),(5166,5166,'2015-03-15',0,114,'FA',NULL,NULL),(5167,5167,'2015-03-15',2,109,'MIN',NULL,NULL),(5168,5168,'2015-03-15',0,136,'FA',NULL,NULL),(5169,5169,'2015-03-15',6,115,'A','A',102),(5170,5170,'2015-03-15',0,114,'FA','A',NULL),(5171,5171,'2015-03-15',0,136,'FA','A',NULL),(5172,5173,'2015-03-15',0,114,'FA','A',NULL),(5173,5172,'2015-03-15',0,109,'FA',NULL,NULL),(5174,5174,'2015-03-15',0,115,'FA',NULL,NULL),(5175,5175,'2015-03-15',0,136,'FA',NULL,NULL),(5176,5176,'2015-03-15',0,114,'FA','A',NULL),(5177,5177,'2015-03-15',0,109,'FA','A',NULL),(5178,5178,'2015-03-15',0,115,'FA','A',NULL),(5179,5179,'2015-03-15',0,136,'FA',NULL,NULL),(5180,5180,'2015-03-15',10,114,'A',NULL,112),(5181,5181,'2015-03-15',0,115,'FA','A',NULL),(5182,5182,'2015-03-15',0,136,'FA','A',NULL),(5183,5183,'2015-03-15',0,109,'FA',NULL,NULL),(5184,5184,'2015-03-15',6,114,'A','A',104),(5185,5185,'2015-03-15',0,115,'FA','A',NULL),(5186,5186,'2015-03-15',0,136,'FA','A',NULL),(5187,5187,'2015-03-15',2,114,'A','A',101),(5188,5188,'2015-03-15',0,115,'FA','A',NULL),(5189,5189,'2015-03-15',0,136,'FA',NULL,NULL),(5190,5190,'2015-03-15',0,109,'FA',NULL,NULL),(5191,5191,'2015-03-15',0,115,'FA','A',NULL),(5192,5192,'2015-03-15',0,114,'FA',NULL,NULL),(5193,5193,'2015-03-15',8,136,'MIN',NULL,NULL),(5194,5194,'2015-03-15',0,115,'FA','A',NULL),(5195,5195,'2015-03-15',0,114,'FA','A',NULL),(5196,5196,'2015-03-15',0,109,'FA','A',NULL),(5197,5197,'2015-03-15',0,136,'FA',NULL,NULL),(5198,5198,'2015-03-15',0,114,'FA',NULL,NULL),(5199,5199,'2015-03-15',0,109,'FA','A',NULL),(5200,5200,'2015-03-15',0,136,'FA','A',NULL),(5201,5201,'2015-03-15',0,114,'FA',NULL,NULL),(5202,5202,'2015-03-15',0,109,'FA','A',NULL),(5203,5203,'2015-03-15',0,136,'FA',NULL,NULL),(5204,5204,'2015-03-15',7,114,'A','A',107),(5205,5205,'2015-03-15',0,109,'FA','A',NULL),(5206,5206,'2015-03-15',0,136,'FA','A',NULL),(5207,5207,'2015-03-15',0,114,'FA','A',NULL),(5208,5208,'2015-03-15',0,114,'FA','A',NULL),(5209,5209,'2015-03-15',0,109,'FA','A',NULL),(5210,5210,'2015-03-15',11,136,'A','A',101),(5211,5211,'2015-03-15',9,109,'A','A',107),(5212,5212,'2015-03-15',0,114,'FA','A',NULL),(5213,5213,'2015-03-15',3,136,'A','A',101),(5214,5214,'2015-03-15',0,109,'FA',NULL,NULL),(5215,5215,'2015-03-15',0,114,'FA','A',NULL),(5216,5216,'2015-03-15',0,136,'FA',NULL,NULL),(5217,5217,'2015-03-15',7,109,'A','A',101),(5218,5219,'2015-03-15',0,114,'FA','A',NULL),(5219,5220,'2015-03-15',0,136,'FA','A',NULL),(5220,5221,'2015-03-15',0,109,'FA',NULL,NULL),(5221,5218,'2015-03-15',6,115,'A','A',103),(5222,5222,'2015-03-15',2,114,'A','A',101),(5223,5223,'2015-03-15',9,136,'A','A',109),(5224,5224,'2015-03-15',0,109,'FA',NULL,NULL),(5225,5225,'2015-03-15',0,115,'FA','A',NULL),(5226,5226,'2015-03-15',0,136,'FA','A',NULL),(5227,5227,'2015-03-15',0,115,'FA',NULL,NULL),(5228,5228,'2015-03-15',0,136,'FA','A',NULL),(5229,5229,'2015-03-15',0,115,'FA',NULL,NULL),(5230,5231,'2015-03-15',0,136,'FA','A',NULL),(5231,5232,'2015-03-15',0,115,'FA',NULL,NULL),(5232,5233,'2015-03-15',0,109,'FA',NULL,NULL),(5233,5230,'2015-03-15',2,114,'A','A',105),(5234,5234,'2015-03-15',0,136,'FA',NULL,NULL),(5235,5235,'2015-03-15',0,115,'FA','A',NULL),(5236,5236,'2015-03-15',0,109,'FA','A',NULL),(5237,5237,'2015-03-15',12,136,'A','A',101),(5238,5238,'2015-03-15',12,115,'A',NULL,NULL),(5239,5239,'2015-03-15',0,114,'FA','A',NULL),(5240,5242,'2015-03-15',0,115,'FA',NULL,NULL),(5241,5240,'2015-03-15',8,109,'A','A',107),(5242,5241,'2015-03-15',0,136,'FA','A',NULL),(5243,5243,'2015-03-15',0,115,'FA','A',NULL),(5244,5244,'2015-03-15',0,109,'FA',NULL,NULL),(5245,5245,'2015-03-15',0,114,'FA','A',NULL),(5246,5246,'2015-03-15',6,115,'A','A',112),(5247,5247,'2015-03-15',0,136,'FA',NULL,NULL),(5248,5248,'2015-03-15',0,109,'FA','A',NULL),(5249,5249,'2015-03-15',0,115,'FA','A',NULL),(5250,5250,'2015-03-15',8,136,'A','A',102),(5251,5251,'2015-03-15',0,114,'FA',NULL,NULL),(5252,5252,'2015-03-15',0,133,'FA','A',NULL),(5253,5253,'2015-03-15',0,121,'FA',NULL,NULL),(5254,5254,'2015-03-15',10,111,'MIN',NULL,NULL),(5255,5255,'2015-03-15',0,121,'FA',NULL,NULL),(5256,5256,'2015-03-15',0,133,'FA',NULL,NULL),(5257,5257,'2015-03-15',0,114,'FA',NULL,NULL),(5258,5259,'2015-03-15',0,114,'FA',NULL,NULL),(5259,5261,'2015-03-15',0,133,'FA',NULL,NULL),(5260,5262,'2015-03-15',0,114,'FA','A',NULL),(5261,5260,'2015-03-15',0,121,'FA',NULL,NULL),(5262,5263,'2015-03-15',0,133,'FA','A',NULL),(5263,5264,'2015-03-15',0,114,'FA',NULL,NULL),(5264,5258,'2015-03-15',2,111,'A','A',107),(5265,5265,'2015-03-15',0,133,'FA',NULL,NULL),(5266,5266,'2015-03-15',1,138,'A','A',109),(5267,5267,'2015-03-15',0,121,'FA','A',NULL),(5268,5268,'2015-03-15',0,133,'FA','A',NULL),(5269,5269,'2015-03-15',0,138,'FA',NULL,NULL),(5270,5270,'2015-03-15',0,138,'FA','A',NULL),(5271,5271,'2015-03-15',0,133,'FA','A',NULL),(5272,5272,'2015-03-15',0,138,'FA','A',NULL),(5273,5274,'2015-03-15',8,138,'A','A',105),(5274,5273,'2015-03-15',0,121,'FA','A',NULL),(5275,5275,'2015-03-15',0,133,'FA','A',NULL),(5276,5276,'2015-03-15',0,138,'FA','A',NULL),(5277,5277,'2015-03-15',0,133,'FA','A',NULL),(5278,5279,'2015-03-15',0,138,'FA',NULL,NULL),(5279,5278,'2015-03-15',5,111,'A','A',108),(5280,5280,'2015-03-15',0,121,'FA','A',NULL),(5281,5281,'2015-03-15',0,133,'FA','A',NULL),(5282,5282,'2015-03-15',0,138,'FA','A',NULL),(5283,5283,'2015-03-15',0,133,'FA',NULL,NULL),(5284,5284,'2015-03-15',0,111,'FA',NULL,NULL),(5285,5285,'2015-03-15',0,121,'FA','A',NULL),(5286,5286,'2015-03-15',0,111,'FA',NULL,NULL),(5287,5287,'2015-03-15',9,121,'A',NULL,112),(5288,5288,'2015-03-15',0,111,'FA','A',NULL),(5289,5289,'2015-03-15',1,121,'A','A',101),(5290,5291,'2015-03-15',0,111,'FA','A',NULL),(5291,5290,'2015-03-15',0,133,'FA','A',NULL),(5292,5292,'2015-03-15',9,121,'A','A',103),(5293,5293,'2015-03-15',2,111,'A',NULL,107),(5294,5294,'2015-03-15',0,121,'FA','A',NULL),(5295,5295,'2015-03-15',12,111,'MIN',NULL,NULL),(5296,5296,'2015-03-15',6,121,'A','A',NULL),(5297,5297,'2015-03-15',0,111,'FA',NULL,NULL),(5298,5298,'2015-03-15',6,133,'A',NULL,112),(5299,5301,'2015-03-15',0,121,'FA','A',NULL),(5300,5300,'2015-03-15',0,111,'FA','A',NULL),(5301,5302,'2015-03-15',0,111,'FA',NULL,NULL),(5302,5303,'2015-03-15',0,121,'FA','A',NULL),(5303,5304,'2015-03-15',0,133,'FA',NULL,NULL),(5304,5305,'2015-03-15',0,111,'FA','A',NULL),(5305,5306,'2015-03-15',0,121,'FA','A',NULL),(5306,5299,'2015-03-15',0,138,'FA',NULL,NULL),(5307,5308,'2015-03-15',0,111,'FA',NULL,NULL),(5308,5307,'2015-03-15',0,121,'FA','A',NULL),(5309,5309,'2015-03-15',0,133,'FA','A',NULL),(5310,5310,'2015-03-15',0,111,'FA','A',NULL),(5311,5311,'2015-03-15',12,121,'A','A',101),(5312,5313,'2015-03-15',0,111,'FA','A',NULL),(5313,5312,'2015-03-15',0,133,'FA','A',NULL),(5314,5314,'2015-03-15',0,121,'FA','A',NULL),(5315,5315,'2015-03-15',0,138,'FA',NULL,NULL),(5316,5316,'2015-03-15',0,133,'FA',NULL,NULL),(5317,5317,'2015-03-15',0,111,'FA','A',NULL),(5318,5318,'2015-03-15',0,138,'FA',NULL,NULL),(5319,5320,'2015-03-15',12,133,'A','A',101),(5320,5321,'2015-03-15',0,138,'FA',NULL,NULL),(5321,5319,'2015-03-15',0,121,'FA','A',NULL),(5322,5322,'2015-03-15',0,133,'FA','A',NULL),(5323,5323,'2015-03-15',0,111,'FA','A',NULL),(5324,5324,'2015-03-15',0,138,'FA',NULL,NULL),(5325,5325,'2015-03-15',8,133,'A','A',101),(5326,5327,'2015-03-15',0,138,'FA',NULL,NULL),(5327,5326,'2015-03-15',0,121,'FA',NULL,NULL),(5328,5329,'2015-03-15',0,133,'FA',NULL,NULL),(5329,5328,'2015-03-15',0,111,'FA','A',NULL),(5330,5330,'2015-03-15',0,138,'FA',NULL,NULL),(5331,5331,'2015-03-15',10,133,'A','A',109),(5332,5332,'2015-03-15',0,121,'FA',NULL,NULL),(5333,5333,'2015-03-15',0,138,'FA','A',NULL),(5334,5334,'2015-03-15',0,133,'FA',NULL,NULL),(5335,5335,'2015-03-15',0,111,'FA','A',NULL),(5336,5337,'2015-03-15',2,138,'A','A',107),(5337,5336,'2015-03-15',0,121,'FA','A',NULL),(5338,5338,'2015-03-15',0,133,'FA','A',NULL),(5339,5339,'2015-03-15',8,138,'A','A',107),(5340,5340,'2015-03-15',0,111,'FA','A',NULL),(5341,5341,'2015-03-15',0,138,'FA','A',NULL),(5342,5342,'2015-03-15',0,133,'FA',NULL,NULL),(5343,5344,'2015-03-15',0,138,'FA',NULL,NULL),(5344,5343,'2015-03-15',0,111,'FA','A',NULL),(5345,5345,'2015-03-15',0,121,'FA',NULL,NULL),(5346,5346,'2015-03-15',0,133,'FA',NULL,NULL),(5347,5347,'2015-03-15',0,138,'FA','A',NULL),(5348,5348,'2015-03-15',0,133,'FA','A',NULL),(5349,5349,'2015-03-15',0,111,'FA','A',NULL),(5350,5350,'2015-03-15',6,138,'A','A',NULL),(5351,5351,'2015-03-15',0,133,'FA','A',NULL),(5352,5352,'2015-03-15',0,111,'FA','A',NULL),(5353,5354,'2015-03-15',0,121,'FA',NULL,NULL),(5354,5355,'2015-03-15',0,111,'FA','A',NULL),(5355,5353,'2015-03-15',9,138,'A','A',101),(5356,5356,'2015-03-15',0,121,'FA',NULL,NULL),(5357,5357,'2015-03-15',2,111,'A','A',NULL),(5358,5359,'2015-03-15',9,121,'A','A',104),(5359,5360,'2015-03-15',12,111,'A','A',104),(5360,5361,'2015-03-15',0,121,'FA','A',NULL),(5361,5362,'2015-03-15',0,111,'FA','A',NULL),(5362,5358,'2015-03-15',0,133,'FA',NULL,NULL),(5363,5363,'2015-03-15',0,121,'FA','A',NULL),(5364,5364,'2015-03-15',1,111,'A','A',106),(5365,5365,'2015-03-15',0,121,'FA',NULL,NULL),(5366,5366,'2015-03-15',0,111,'FA',NULL,NULL),(5367,5367,'2015-03-15',0,121,'FA','A',NULL),(5368,5368,'2015-03-15',0,138,'FA',NULL,NULL),(5369,5369,'2015-03-15',0,111,'FA','A',NULL),(5370,5370,'2015-03-15',0,133,'FA','A',NULL),(5371,5371,'2015-03-15',0,121,'FA',NULL,NULL),(5372,5372,'2015-03-15',7,111,'A','A',105),(5373,5373,'2015-03-15',10,133,'A','A',101),(5374,5374,'2015-03-15',0,111,'FA',NULL,NULL),(5375,5375,'2015-03-15',0,121,'FA','A',NULL),(5376,5376,'2015-03-15',0,133,'FA',NULL,NULL),(5377,5377,'2015-03-15',0,111,'FA',NULL,NULL),(5378,5378,'2015-03-15',8,133,'A','A',NULL),(5379,5379,'2015-03-15',0,111,'FA',NULL,NULL),(5380,5380,'2015-03-15',0,121,'FA','A',NULL),(5381,5381,'2015-03-15',0,138,'FA','A',NULL),(5382,5382,'2015-03-15',0,111,'FA','A',NULL),(5383,5384,'2015-03-15',5,121,'MIN',NULL,NULL),(5384,5383,'2015-03-15',0,133,'FA','A',NULL),(5385,5385,'2015-03-15',5,111,'A','A',101),(5386,5387,'2015-03-15',0,133,'FA','A',NULL),(5387,5386,'2015-03-15',0,121,'FA','A',NULL),(5388,5388,'2015-03-15',4,138,'A','A',101),(5389,5389,'2015-03-15',4,133,'A','A',108),(5390,5390,'2015-03-15',12,138,'A','A',102),(5391,5391,'2015-03-15',0,121,'FA','A',NULL),(5392,5392,'2015-03-15',0,133,'FA',NULL,NULL),(5393,5393,'2015-03-15',0,138,'FA',NULL,NULL),(5394,5394,'2015-03-15',0,133,'FA','A',NULL),(5395,5395,'2015-03-15',0,121,'FA','A',NULL),(5396,5396,'2015-03-15',1,138,'A','A',108),(5397,5397,'2015-03-15',0,121,'FA',NULL,NULL),(5398,5398,'2015-03-15',0,133,'FA','A',NULL),(5399,5399,'2015-03-15',0,138,'FA','A',NULL),(5400,5401,'2015-03-15',7,133,'A',NULL,112),(5401,5400,'2015-03-15',0,111,'FA',NULL,NULL),(5402,5402,'2015-03-15',7,138,'A','A',101),(5403,5403,'2015-03-15',3,121,'A',NULL,112),(5404,5404,'2015-03-15',0,138,'FA',NULL,NULL),(5405,5405,'2015-03-15',0,119,'FA','A',NULL),(5406,5406,'2015-03-15',0,121,'FA',NULL,NULL),(5407,5407,'2015-03-15',0,138,'FA','A',NULL),(5408,5408,'2015-03-15',0,119,'FA','A',NULL),(5409,5409,'2015-03-15',0,138,'FA','A',NULL),(5410,5410,'2015-03-15',0,119,'FA','A',NULL),(5411,5411,'2015-03-15',0,138,'FA',NULL,NULL),(5412,5412,'2015-03-15',0,119,'FA',NULL,NULL),(5413,5413,'2015-03-15',0,138,'FA',NULL,NULL),(5414,5414,'2015-03-15',0,119,'FA',NULL,NULL),(5415,5415,'2015-03-15',0,138,'FA','A',NULL),(5416,5417,'2015-03-15',0,119,'FA',NULL,NULL),(5417,5418,'2015-03-15',10,138,'A','A',101),(5418,5419,'2015-03-15',0,119,'FA',NULL,NULL),(5419,5420,'2015-03-15',0,138,'FA','A',NULL),(5420,5421,'2015-03-15',4,138,'A','A',104),(5421,5422,'2015-03-15',0,111,'FA',NULL,NULL),(5422,5416,'2015-03-15',9,134,'A','A',NULL),(5423,5423,'2015-03-15',0,111,'FA',NULL,NULL),(5424,5424,'2015-03-15',0,134,'FA','A',NULL),(5425,5425,'2015-03-15',0,116,'FA','A',NULL),(5426,5427,'2015-03-15',0,120,'FA','A',NULL),(5427,5428,'2015-03-15',0,134,'FA','A',NULL),(5428,5426,'2015-03-15',5,119,'A',NULL,NULL),(5429,5429,'2015-03-15',0,116,'FA','A',NULL),(5430,5430,'2015-03-15',0,134,'FA','A',NULL),(5431,5431,'2015-03-15',0,120,'FA',NULL,NULL),(5432,5432,'2015-03-15',0,116,'FA',NULL,NULL),(5433,5433,'2015-03-15',0,134,'FA','A',NULL),(5434,5434,'2015-03-15',2,116,'A','A',103),(5435,5436,'2015-03-15',9,120,'MIN',NULL,NULL),(5436,5435,'2015-03-15',8,134,'A','A',101),(5437,5437,'2015-03-15',0,116,'FA','A',NULL),(5438,5438,'2015-03-15',0,119,'FA',NULL,NULL),(5439,5439,'2015-03-15',0,134,'FA',NULL,NULL),(5440,5441,'2015-03-15',12,116,'A','A',107),(5441,5440,'2015-03-15',0,120,'FA',NULL,NULL),(5442,5442,'2015-03-15',0,134,'FA',NULL,NULL),(5443,5443,'2015-03-15',0,116,'FA','A',NULL),(5444,5444,'2015-03-15',0,120,'FA',NULL,NULL),(5445,5445,'2015-03-15',0,134,'FA',NULL,NULL),(5446,5446,'2015-03-15',0,116,'FA',NULL,NULL),(5447,5447,'2015-03-15',0,134,'FA',NULL,NULL),(5448,5448,'2015-03-15',5,120,'A','A',106),(5449,5449,'2015-03-15',3,116,'A','A',107),(5450,5451,'2015-03-15',8,134,'MIN',NULL,NULL),(5451,5450,'2015-03-15',0,119,'FA','A',NULL),(5452,5452,'2015-03-15',0,120,'FA',NULL,NULL),(5453,5453,'2015-03-15',0,116,'FA',NULL,NULL),(5454,5454,'2015-03-15',0,119,'FA','A',NULL),(5455,5457,'2015-03-15',0,116,'FA',NULL,NULL),(5456,5455,'2015-03-15',0,120,'FA','A',NULL),(5457,5456,'2015-03-15',6,134,'A','A',107),(5458,5458,'2015-03-15',0,119,'FA','A',NULL),(5459,5459,'2015-03-15',0,116,'FA','A',NULL),(5460,5460,'2015-03-15',0,120,'FA','A',NULL),(5461,5461,'2015-03-15',0,119,'FA','A',NULL),(5462,5462,'2015-03-15',3,120,'A','A',101),(5463,5463,'2015-03-15',0,116,'FA','A',NULL),(5464,5464,'2015-03-15',7,119,'A','A',109),(5465,5466,'2015-03-15',5,120,'A','A',101),(5466,5465,'2015-03-15',0,134,'FA','A',NULL),(5467,5467,'2015-03-15',0,116,'FA','A',NULL),(5468,5468,'2015-03-15',10,119,'A','A',102),(5469,5469,'2015-03-15',0,120,'FA',NULL,NULL),(5470,5471,'2015-03-15',3,119,'A','A',101),(5471,5470,'2015-03-15',0,116,'FA','A',NULL),(5472,5472,'2015-03-15',0,120,'FA','A',NULL),(5473,5473,'2015-03-15',0,119,'FA','A',NULL),(5474,5474,'2015-03-15',0,116,'FA',NULL,NULL),(5475,5475,'2015-03-15',4,120,'A','A',107),(5476,5476,'2015-03-15',0,119,'FA','A',NULL),(5477,5477,'2015-03-15',0,116,'FA','A',NULL),(5478,5478,'2015-03-15',0,134,'FA',NULL,NULL),(5479,5479,'2015-03-15',0,119,'FA',NULL,NULL),(5480,5480,'2015-03-15',5,116,'A','A',104),(5481,5481,'2015-03-15',0,119,'FA','A',NULL),(5482,5482,'2015-03-15',0,116,'FA',NULL,NULL),(5483,5483,'2015-03-15',0,120,'FA',NULL,NULL),(5484,5484,'2015-03-15',0,120,'FA',NULL,NULL),(5485,5486,'2015-03-15',0,119,'FA','A',NULL),(5486,5485,'2015-03-15',0,116,'FA','A',NULL),(5487,5487,'2015-03-15',0,120,'FA',NULL,NULL),(5488,5488,'2015-03-15',2,119,'A',NULL,112),(5489,5489,'2015-03-15',0,116,'FA',NULL,NULL),(5490,5490,'2015-03-15',0,120,'FA',NULL,NULL),(5491,5492,'2015-03-15',7,119,'A','A',104),(5492,5491,'2015-03-15',0,134,'FA','A',NULL),(5493,5493,'2015-03-15',0,120,'FA','A',NULL),(5494,5494,'2015-03-15',0,134,'FA','A',NULL),(5495,5495,'2015-03-15',12,116,'A','A',107),(5496,5496,'2015-03-15',6,119,'A','A',101),(5497,5497,'2015-03-15',0,134,'FA',NULL,NULL),(5498,5498,'2015-03-15',0,134,'FA',NULL,NULL),(5499,5499,'2015-03-15',3,116,'A','A',109),(5500,5500,'2015-03-15',7,119,'MIN',NULL,NULL),(5501,5501,'2015-03-15',0,116,'FA','A',NULL),(5502,5502,'2015-03-15',0,134,'FA','A',NULL),(5503,5505,'2015-03-15',0,116,'FA',NULL,NULL),(5504,5504,'2015-03-15',0,119,'FA','A',NULL),(5505,5503,'2015-03-15',8,134,'A','A',101),(5506,5507,'2015-03-15',10,116,'A',NULL,112),(5507,5506,'2015-03-15',0,120,'FA',NULL,NULL),(5508,5508,'2015-03-15',0,119,'FA','A',NULL),(5509,5509,'2015-03-15',0,134,'FA','A',NULL),(5510,5510,'2015-03-15',0,116,'FA','A',NULL),(5511,5511,'2015-03-15',0,134,'FA','A',NULL),(5512,5512,'2015-03-15',9,119,'MIN','A',107),(5513,5513,'2015-03-15',0,116,'FA','A',NULL),(5514,5514,'2015-03-15',3,134,'A','A',107),(5515,5515,'2015-03-15',0,119,'FA',NULL,NULL),(5516,5516,'2015-03-15',0,120,'FA',NULL,NULL),(5517,5517,'2015-03-15',6,116,'A','A',101),(5518,5518,'2015-03-15',2,134,'A','A',107),(5519,5519,'2015-03-15',0,116,'FA','A',NULL),(5520,5521,'2015-03-15',11,119,'A',NULL,107),(5521,5522,'2015-03-15',2,134,'A','A',101),(5522,5523,'2015-03-15',8,116,'MIN',NULL,NULL),(5523,5520,'2015-03-15',0,120,'FA','A',NULL),(5524,5524,'2015-03-15',0,119,'FA',NULL,NULL),(5525,5525,'2015-03-15',0,134,'FA','A',NULL),(5526,5526,'2015-03-15',0,116,'FA',NULL,NULL),(5527,5527,'2015-03-15',0,134,'FA',NULL,NULL),(5528,5528,'2015-03-15',9,116,'A','A',112),(5529,5529,'2015-03-15',0,119,'FA','A',NULL),(5530,5530,'2015-03-15',1,134,'A','A',107),(5531,5531,'2015-03-15',0,116,'FA','A',NULL),(5532,5532,'2015-03-15',3,119,'A','A',108),(5533,5533,'2015-03-15',9,120,'A','A',102),(5534,5535,'2015-03-15',10,120,'A',NULL,112),(5535,5534,'2015-03-15',0,134,'FA','A',NULL),(5536,5536,'2015-03-15',11,119,'A',NULL,112),(5537,5537,'2015-03-15',0,120,'FA',NULL,NULL),(5538,5539,'2015-03-15',0,134,'FA',NULL,NULL),(5539,5538,'2015-03-15',0,119,'FA','A',NULL),(5540,5540,'2015-03-15',0,120,'FA','A',NULL),(5541,5541,'2015-03-15',0,120,'FA','A',NULL),(5542,5542,'2015-03-15',0,134,'FA',NULL,NULL),(5543,5543,'2015-03-15',0,119,'FA',NULL,NULL),(5544,5545,'2015-03-15',3,120,'A','A',101),(5545,5546,'2015-03-15',0,119,'FA','A',NULL),(5546,5547,'2015-03-15',0,134,'FA','A',NULL),(5547,5548,'2015-03-15',0,120,'FA','A',NULL),(5548,5549,'2015-03-15',5,120,'A','A',107),(5549,5551,'2015-03-15',0,120,'FA',NULL,NULL),(5550,5552,'2015-03-15',0,134,'FA',NULL,NULL),(5551,5550,'2015-03-15',0,119,'FA','A',NULL),(5552,5553,'2015-03-15',4,120,'A','A',101),(5553,5544,'2015-03-15',0,116,'FA','A',NULL),(5554,5554,'2015-03-15',0,119,'FA','A',NULL),(5555,5555,'2015-03-15',0,134,'FA','A',NULL),(5556,5556,'2015-03-15',4,120,'A','A',101),(5557,5558,'2015-03-15',2,134,'MIN',NULL,NULL),(5558,5557,'2015-03-15',0,120,'FA','A',NULL),(5559,5559,'2015-03-15',0,119,'FA',NULL,NULL),(5560,5560,'2015-03-15',0,116,'FA',NULL,NULL),(5561,5561,'2015-03-15',2,134,'A','A',104),(5562,5562,'2015-03-15',0,140,'FA',NULL,NULL),(5563,5563,'2015-03-15',0,134,'FA','A',NULL),(5564,5565,'2015-03-15',0,116,'FA',NULL,NULL),(5565,5564,'2015-03-15',0,120,'FA','A',NULL),(5566,5566,'2015-03-15',0,134,'FA','A',NULL),(5567,5567,'2015-03-15',9,140,'MIN',NULL,NULL),(5568,5568,'2015-03-15',7,116,'A',NULL,112),(5569,5569,'2015-03-15',0,116,'FA','A',NULL),(5570,5570,'2015-03-15',3,140,'A','A',NULL),(5571,5571,'2015-03-15',0,120,'FA','A',NULL),(5572,5572,'2015-03-15',0,142,'FA',NULL,NULL),(5573,5573,'2015-03-15',0,116,'FA',NULL,NULL),(5574,5574,'2015-03-15',0,140,'FA','A',NULL),(5575,5575,'2015-03-15',3,142,'A','A',NULL),(5576,5576,'2015-03-15',12,140,'A','A',109),(5577,5577,'2015-03-15',0,141,'FA',NULL,NULL),(5578,5579,'2015-03-15',0,142,'FA','A',NULL),(5579,5580,'2015-03-15',0,141,'FA',NULL,NULL),(5580,5582,'2015-03-15',0,142,'FA',NULL,NULL),(5581,5581,'2015-03-15',0,140,'FA','A',NULL),(5582,5578,'2015-03-15',0,120,'FA','A',NULL),(5583,5583,'2015-03-15',6,141,'A','A',107),(5584,5584,'2015-03-15',3,142,'A','A',108),(5585,5585,'2015-03-15',2,140,'A','A',NULL),(5586,5587,'2015-03-15',0,140,'FA',NULL,NULL),(5587,5586,'2015-03-15',3,120,'A','A',107),(5588,5588,'2015-03-15',0,141,'FA','A',NULL),(5589,5589,'2015-03-15',0,142,'FA','A',NULL),(5590,5590,'2015-03-15',0,141,'FA','A',NULL),(5591,5591,'2015-03-15',4,140,'A','A',NULL),(5592,5592,'2015-03-15',0,142,'FA','A',NULL),(5593,5593,'2015-03-15',0,141,'FA','A',NULL),(5594,5594,'2015-03-15',8,120,'A','A',109),(5595,5595,'2015-03-15',0,140,'FA','A',NULL),(5596,5596,'2015-03-15',0,142,'FA',NULL,NULL),(5597,5597,'2015-03-15',0,141,'FA','A',NULL),(5598,5598,'2015-03-15',0,140,'FA','A',NULL),(5599,5599,'2015-03-15',0,120,'FA','A',NULL),(5600,5600,'2015-03-15',0,142,'FA','A',NULL),(5601,5601,'2015-03-15',0,141,'FA','A',NULL),(5602,5602,'2015-03-15',5,140,'MIN','A',NULL),(5603,5603,'2015-03-15',0,142,'FA','A',NULL),(5604,5604,'2015-03-15',0,139,'FA',NULL,NULL),(5605,5605,'2015-03-15',0,141,'FA',NULL,NULL),(5606,5606,'2015-03-15',0,142,'FA','A',NULL),(5607,5607,'2015-03-15',9,139,'A','A',101),(5608,5608,'2015-03-15',0,140,'FA','A',NULL),(5609,5609,'2015-03-15',0,141,'FA','A',NULL),(5610,5610,'2015-03-15',0,142,'FA',NULL,NULL),(5611,5611,'2015-03-15',0,139,'FA','A',NULL),(5612,5612,'2015-03-15',0,140,'FA',NULL,NULL),(5613,5613,'2015-03-15',2,142,'A','A',101),(5614,5614,'2015-03-15',0,141,'FA','A',NULL),(5615,5615,'2015-03-15',0,139,'FA','A',NULL),(5616,5616,'2015-03-15',0,140,'FA',NULL,NULL),(5617,5617,'2015-03-15',0,142,'FA','A',NULL),(5618,5618,'2015-03-15',0,139,'FA',NULL,NULL),(5619,5619,'2015-03-15',3,140,'A','A',NULL),(5620,5620,'2015-03-15',0,142,'FA',NULL,NULL),(5621,5621,'2015-03-15',7,139,'A','A',110),(5622,5622,'2015-03-15',8,140,'A','A',103),(5623,5623,'2015-03-15',11,142,'A','A',NULL),(5624,5624,'2015-03-15',5,141,'A','A',105),(5625,5625,'2015-03-15',0,139,'FA',NULL,NULL),(5626,5626,'2015-03-15',0,142,'FA','A',NULL),(5627,5627,'2015-03-15',0,140,'FA',NULL,NULL),(5628,5628,'2015-03-15',4,141,'A','A',109),(5629,5629,'2015-03-15',0,139,'FA','A',NULL),(5630,5630,'2015-03-15',0,140,'FA','A',NULL),(5631,5631,'2015-03-15',0,141,'FA','A',NULL),(5632,5632,'2015-03-15',9,139,'A',NULL,112),(5633,5634,'2015-03-15',9,142,'MIN',NULL,NULL),(5634,5633,'2015-03-15',0,140,'FA',NULL,NULL),(5635,5636,'2015-03-15',0,142,'FA',NULL,NULL),(5636,5635,'2015-03-15',0,141,'FA','A',NULL),(5637,5637,'2015-03-15',0,139,'FA','A',NULL),(5638,5638,'2015-03-15',0,142,'FA','A',NULL),(5639,5639,'2015-03-15',0,140,'FA',NULL,NULL),(5640,5640,'2015-03-15',0,139,'FA','A',NULL),(5641,5641,'2015-03-15',0,141,'FA','A',NULL),(5642,5642,'2015-03-15',0,142,'FA','A',NULL),(5643,5644,'2015-03-15',0,139,'FA',NULL,NULL),(5644,5643,'2015-03-15',0,140,'FA','A',NULL),(5645,5645,'2015-03-15',0,141,'FA',NULL,NULL),(5646,5646,'2015-03-15',0,139,'FA','A',NULL),(5647,5647,'2015-03-15',0,140,'FA',NULL,NULL),(5648,5648,'2015-03-15',0,141,'FA',NULL,NULL),(5649,5649,'2015-03-15',0,142,'FA','A',NULL),(5650,5650,'2015-03-15',0,139,'FA','A',NULL),(5651,5651,'2015-03-15',0,140,'FA','A',NULL),(5652,5653,'2015-03-15',0,141,'FA','A',NULL),(5653,5652,'2015-03-15',12,142,'A','A',101),(5654,5654,'2015-03-15',1,139,'A',NULL,NULL),(5655,5655,'2015-03-15',9,140,'A','A',107),(5656,5656,'2015-03-15',2,141,'A','A',NULL),(5657,5658,'2015-03-15',0,141,'FA',NULL,NULL),(5658,5659,'2015-03-15',0,139,'FA','A',NULL),(5659,5657,'2015-03-15',0,140,'FA','A',NULL),(5660,5660,'2015-03-15',0,141,'FA',NULL,NULL),(5661,5661,'2015-03-15',0,139,'FA',NULL,NULL),(5662,5662,'2015-03-15',0,140,'FA','A',NULL),(5663,5663,'2015-03-15',6,142,'A',NULL,NULL),(5664,5664,'2015-03-15',0,139,'FA','A',NULL),(5665,5665,'2015-03-15',0,140,'FA',NULL,NULL),(5666,5666,'2015-03-15',0,141,'FA',NULL,NULL),(5667,5667,'2015-03-15',0,139,'FA','A',NULL),(5668,5668,'2015-03-15',0,142,'FA','A',NULL),(5669,5669,'2015-03-15',9,140,'A','A',108),(5670,5670,'2015-03-15',0,141,'FA','A',NULL),(5671,5671,'2015-03-15',0,140,'FA',NULL,NULL),(5672,5672,'2015-03-15',3,141,'A','A',102),(5673,5673,'2015-03-15',0,142,'FA',NULL,NULL),(5674,5675,'2015-03-15',1,141,'A',NULL,112),(5675,5674,'2015-03-15',0,139,'FA','A',NULL),(5676,5676,'2015-03-15',0,142,'FA','A',NULL),(5677,5677,'2015-03-15',0,140,'FA','A',NULL),(5678,5678,'2015-03-15',0,141,'FA',NULL,NULL),(5679,5679,'2015-03-15',0,142,'FA','A',NULL),(5680,5680,'2015-03-15',0,141,'FA','A',NULL),(5681,5681,'2015-03-15',8,142,'MIN',NULL,NULL),(5682,5682,'2015-03-15',0,140,'FA','A',NULL),(5683,5683,'2015-03-15',0,139,'FA','A',NULL),(5684,5684,'2015-03-15',0,141,'FA','A',NULL),(5685,5685,'2015-03-15',10,142,'MIN',NULL,NULL),(5686,5686,'2015-03-15',1,141,NULL,NULL,NULL),(5687,5687,'2015-03-15',2,142,'A','A',106),(5688,5688,'2015-03-15',0,140,'FA',NULL,NULL),(5689,5689,'2015-03-15',0,139,'FA','A',NULL),(5690,5690,'2015-03-15',0,141,'FA',NULL,NULL),(5691,5691,'2015-03-15',0,142,'FA','A',NULL),(5692,5692,'2015-03-15',9,141,'A',NULL,NULL),(5693,5693,'2015-03-15',0,140,'FA','A',NULL),(5694,5694,'2015-03-15',0,142,'FA',NULL,NULL),(5695,5695,'2015-03-15',0,140,'FA','A',NULL),(5696,5697,'2015-03-15',12,141,'MIN','A',NULL),(5697,5698,'2015-03-15',0,142,'FA','A',NULL),(5698,5696,'2015-03-15',0,139,'FA','A',NULL),(5699,5699,'2015-03-15',0,141,'FA','A',NULL),(5700,5700,'2015-03-15',0,142,'FA',NULL,NULL),(5701,5701,'2015-03-15',0,141,'FA',NULL,NULL),(5702,5702,'2015-03-15',0,139,'FA','A',NULL),(5703,5703,'2015-03-15',0,140,'FA',NULL,NULL),(5704,5704,'2015-03-15',0,142,'FA','A',NULL),(5705,5706,'2015-03-15',0,140,'FA',NULL,NULL),(5706,5707,'2015-03-15',0,139,'FA',NULL,NULL),(5707,5705,'2015-03-15',0,141,'FA','A',NULL),(5708,5708,'2015-03-15',0,142,'FA','A',NULL),(5709,5709,'2015-03-15',0,140,'FA','A',NULL),(5710,5710,'2015-03-15',0,141,'FA',NULL,NULL),(5711,5711,'2015-03-15',0,142,'FA','A',NULL),(5712,5712,'2015-03-15',0,139,'FA','A',NULL),(5713,5713,'2015-03-15',0,140,'FA',NULL,NULL),(5714,5714,'2015-03-15',0,141,'FA','A',NULL),(5715,5715,'2015-03-15',0,142,'FA',NULL,NULL),(5716,5716,'2015-03-15',10,139,'A','A',105),(5717,5717,'2015-03-15',0,140,'FA','A',NULL),(5718,5718,'2015-03-15',0,139,'FA',NULL,NULL),(5719,5719,'2015-03-15',0,141,'FA','A',NULL),(5720,5720,'2015-03-15',11,139,'A',NULL,112),(5721,5721,'2015-03-15',0,139,'FA',NULL,NULL),(5722,5722,'2015-03-15',0,141,'FA','A',NULL),(5723,5723,'2015-03-15',3,145,'A','A',103),(5724,5724,'2015-03-15',5,139,'A','A',101),(5725,5725,'2015-03-15',0,143,'FA',NULL,NULL),(5726,5726,'2015-03-15',0,139,'FA','A',NULL),(5727,5728,'2015-03-15',0,143,'FA',NULL,NULL),(5728,5727,'2015-03-15',0,145,'FA',NULL,NULL),(5729,5729,'2015-03-15',4,146,'A',NULL,112),(5730,5730,'2015-03-15',0,139,'FA',NULL,NULL),(5731,5731,'2015-03-15',0,143,'FA','A',NULL),(5732,5732,'2015-03-15',0,145,'FA','A',NULL),(5733,5733,'2015-03-15',0,146,'FA','A',NULL),(5734,5735,'2015-03-15',0,139,'FA','A',NULL),(5735,5736,'2015-03-15',0,143,'FA',NULL,NULL),(5736,5734,'2015-03-15',12,145,'A','A',NULL),(5737,5737,'2015-03-15',0,146,'FA','A',NULL),(5738,5738,'2015-03-15',0,143,'FA',NULL,NULL),(5739,5739,'2015-03-15',0,139,'FA',NULL,NULL),(5740,5740,'2015-03-15',0,145,'FA',NULL,NULL),(5741,5741,'2015-03-15',12,139,'A','A',101),(5742,5742,'2015-03-15',0,146,'FA','A',NULL),(5743,5743,'2015-03-15',0,143,'FA','A',NULL),(5744,5744,'2015-03-15',7,145,'A','A',107),(5745,5745,'2015-03-15',0,143,'FA',NULL,NULL),(5746,5746,'2015-03-15',0,146,'FA',NULL,NULL),(5747,5747,'2015-03-15',1,139,'A','A',107),(5748,5748,'2015-03-15',0,145,'FA','A',NULL),(5749,5749,'2015-03-15',0,143,'FA','A',NULL),(5750,5750,'2015-03-15',12,146,'A','A',NULL),(5751,5751,'2015-03-15',0,139,'FA','A',NULL),(5752,5753,'2015-03-15',0,139,'FA',NULL,NULL),(5753,5752,'2015-03-15',0,143,'FA',NULL,NULL),(5754,5754,'2015-03-15',0,146,'FA',NULL,NULL),(5755,5755,'2015-03-15',0,145,'FA','A',NULL),(5756,5756,'2015-03-15',0,143,'FA','A',NULL),(5757,5757,'2015-03-15',0,146,'FA',NULL,NULL),(5758,5758,'2015-03-15',0,145,'FA',NULL,NULL),(5759,5760,'2015-03-15',0,146,'FA','A',NULL),(5760,5759,'2015-03-15',0,143,'FA','A',NULL),(5761,5762,'2015-03-15',0,143,'FA',NULL,NULL),(5762,5761,'2015-03-15',0,145,'FA','A',NULL),(5763,5763,'2015-03-15',0,146,'FA',NULL,NULL),(5764,5764,'2015-03-15',0,144,'FA','A',NULL),(5765,5765,'2015-03-15',8,143,'MIN',NULL,NULL),(5766,5766,'2015-03-15',0,146,'FA','A',NULL),(5767,5767,'2015-03-15',4,145,'A','A',107),(5768,5768,'2015-03-15',0,144,'FA',NULL,NULL),(5769,5769,'2015-03-15',0,143,'FA','A',NULL),(5770,5770,'2015-03-15',0,146,'FA','A',NULL),(5771,5771,'2015-03-15',0,144,'FA','A',NULL),(5772,5772,'2015-03-15',0,145,'FA',NULL,NULL),(5773,5773,'2015-03-15',0,143,'FA','A',NULL),(5774,5774,'2015-03-15',0,146,'FA',NULL,NULL),(5775,5775,'2015-03-15',0,144,'FA',NULL,NULL),(5776,5776,'2015-03-15',11,145,'A','A',102),(5777,5777,'2015-03-15',0,143,'FA','A',NULL),(5778,5778,'2015-03-15',10,146,'A','A',108),(5779,5779,'2015-03-15',0,144,'FA','A',NULL),(5780,5780,'2015-03-15',9,145,'A','A',NULL),(5781,5781,'2015-03-15',1,143,'A','A',NULL),(5782,5782,'2015-03-15',0,145,'FA',NULL,NULL),(5783,5784,'2015-03-15',0,144,'FA','A',NULL),(5784,5783,'2015-03-15',0,146,'FA','A',NULL),(5785,5785,'2015-03-15',0,145,'FA','A',NULL),(5786,5786,'2015-03-15',0,144,'FA',NULL,NULL),(5787,5787,'2015-03-15',0,143,'FA','A',NULL),(5788,5788,'2015-03-15',0,145,'FA',NULL,NULL),(5789,5789,'2015-03-15',0,144,'FA',NULL,NULL),(5790,5791,'2015-03-15',0,145,'FA','A',NULL),(5791,5792,'2015-03-15',0,144,'FA',NULL,NULL),(5792,5790,'2015-03-15',0,146,'FA','A',NULL),(5793,5793,'2015-03-15',0,145,'FA',NULL,NULL),(5794,5794,'2015-03-15',9,144,'MIN','A',NULL),(5795,5795,'2015-03-15',0,143,'FA','A',NULL),(5796,5796,'2015-03-15',0,145,'FA','A',NULL),(5797,5797,'2015-03-15',0,146,'FA','A',NULL),(5798,5798,'2015-03-15',4,144,'A','A',103),(5799,5799,'2015-03-15',0,146,'FA',NULL,NULL),(5800,5800,'2015-03-15',11,143,'A','A',101),(5801,5801,'2015-03-15',0,144,'FA',NULL,NULL),(5802,5802,'2015-03-15',0,146,'FA','A',NULL),(5803,5803,'2015-03-15',0,143,'FA','A',NULL),(5804,5804,'2015-03-15',11,145,'A','A',103),(5805,5806,'2015-03-15',0,144,'FA','A',NULL),(5806,5805,'2015-03-15',5,146,'A','A',101),(5807,5807,'2015-03-15',0,145,'FA',NULL,NULL),(5808,5809,'2015-03-15',0,144,'FA','A',NULL),(5809,5810,'2015-03-15',0,145,'FA',NULL,NULL),(5810,5808,'2015-03-15',0,143,'FA','A',NULL),(5811,5811,'2015-03-15',0,146,'FA','A',NULL),(5812,5812,'2015-03-15',0,144,'FA','A',NULL),(5813,5813,'2015-03-15',0,145,'FA','A',NULL),(5814,5814,'2015-03-15',0,143,'FA','A',NULL),(5815,5815,'2015-03-15',0,146,'FA',NULL,NULL),(5816,5816,'2015-03-15',0,145,'FA','A',NULL),(5817,5817,'2015-03-15',0,144,'FA',NULL,NULL),(5818,5818,'2015-03-15',0,146,'FA','A',NULL),(5819,5820,'2015-03-15',0,144,'FA',NULL,NULL),(5820,5819,'2015-03-15',0,145,'FA','A',NULL),(5821,5821,'2015-03-15',8,146,'A','A',NULL),(5822,5822,'2015-03-15',3,143,'A','A',NULL),(5823,5823,'2015-03-15',5,146,'MIN',NULL,NULL),(5824,5824,'2015-03-15',9,145,'A','A',101),(5825,5825,'2015-03-15',0,144,'FA','A',NULL),(5826,5826,'2015-03-15',1,146,'A','A',107),(5827,5829,'2015-03-15',0,143,'FA',NULL,NULL),(5828,5827,'2015-03-15',0,144,'FA','A',NULL),(5829,5828,'2015-03-15',12,145,'A','A',NULL),(5830,5830,'2015-03-15',0,146,'FA','A',NULL),(5831,5831,'2015-03-15',0,143,'FA',NULL,NULL),(5832,5832,'2015-03-15',0,144,'FA','A',NULL),(5833,5833,'2015-03-15',9,145,'A','A',101),(5834,5834,'2015-03-15',0,146,'FA','A',NULL),(5835,5835,'2015-03-15',0,143,'FA','A',NULL),(5836,5836,'2015-03-15',0,144,'FA',NULL,NULL),(5837,5837,'2015-03-15',11,145,'MIN','A',NULL),(5838,5838,'2015-03-15',0,146,'FA','A',NULL),(5839,5839,'2015-03-15',0,143,'FA',NULL,NULL),(5840,5840,'2015-03-15',0,144,'FA','A',NULL),(5841,5841,'2015-03-15',0,143,'FA',NULL,NULL),(5842,5842,'2015-03-15',0,145,'FA',NULL,NULL),(5843,5843,'2015-03-15',0,144,'FA','A',NULL),(5844,5844,'2015-03-15',0,143,'FA',NULL,NULL),(5845,5845,'2015-03-15',0,146,'FA',NULL,NULL),(5846,5846,'2015-03-15',0,144,'FA','A',NULL),(5847,5847,'2015-03-15',0,146,'FA','A',NULL),(5848,5848,'2015-03-15',0,143,'FA',NULL,NULL),(5849,5849,'2015-03-15',5,144,'A','A',101),(5850,5850,'2015-03-15',1,145,'A','A',101),(5851,5852,'2015-03-15',0,146,'FA',NULL,NULL),(5852,5851,'2015-03-15',9,143,'A','A',101),(5853,5853,'2015-03-15',0,144,'FA',NULL,NULL),(5854,5855,'2015-03-15',0,144,'FA',NULL,NULL),(5855,5856,'2015-03-15',0,146,'FA',NULL,NULL),(5856,5854,'2015-03-15',9,145,'A','A',101),(5857,5857,'2015-03-15',5,143,'A','A',107),(5858,5858,'2015-03-15',0,144,'FA',NULL,NULL),(5859,5859,'2015-03-15',0,146,'FA','A',NULL),(5860,5860,'2015-03-15',0,145,'FA',NULL,NULL),(5861,5862,'2015-03-15',0,143,'FA',NULL,NULL),(5862,5861,'2015-03-15',0,146,'FA','A',NULL),(5863,5863,'2015-03-15',0,145,'FA','A',NULL),(5864,5864,'2015-03-15',0,144,'FA',NULL,NULL),(5865,5865,'2015-03-15',0,143,'FA','A',NULL),(5866,5866,'2015-03-15',10,146,'A','A',107),(5867,5867,'2015-03-15',0,145,'FA',NULL,NULL),(5868,5869,'2015-03-15',0,145,'FA','A',NULL),(5869,5868,'2015-03-15',0,144,'FA','A',NULL),(5870,5870,'2015-03-15',0,143,'FA','A',NULL),(5871,5871,'2015-03-15',0,145,'FA',NULL,NULL),(5872,5872,'2015-03-15',0,144,'FA','A',NULL),(5873,5873,'2015-03-15',0,143,'FA','A',NULL),(5874,5874,'2015-03-15',0,145,'FA',NULL,NULL),(5875,5875,'2015-03-15',0,144,'FA',NULL,NULL),(5876,5876,'2015-03-15',0,146,'FA','A',NULL),(5877,5877,'2015-03-15',0,143,'FA','A',NULL),(5878,5878,'2015-03-15',0,145,'FA',NULL,NULL),(5879,5879,'2015-03-15',0,144,'FA','A',NULL),(5880,5880,'2015-03-15',0,146,'FA',NULL,NULL),(5881,5881,'2015-03-15',7,143,'A','A',108),(5882,5882,'2015-03-15',0,144,'FA','A',NULL),(5883,5883,'2015-03-15',7,147,'MIN',NULL,NULL),(5884,5884,'2015-03-15',5,146,'A',NULL,112),(5885,5885,'2015-03-15',0,143,'FA','A',NULL),(5886,5886,'2015-03-15',4,144,'A','A',101),(5887,5887,'2015-03-15',11,147,'A','A',NULL),(5888,5888,'2015-03-15',0,144,'FA',NULL,NULL),(5889,5889,'2015-03-15',8,147,'A','A',101),(5890,5890,'2015-03-15',0,158,'FA','A',NULL),(5891,5891,'2015-03-15',0,144,'FA','A',NULL),(5892,5892,'2015-03-15',0,147,'FA',NULL,NULL),(5893,5893,'2015-03-15',12,158,'A','A',107),(5894,5894,'2015-03-15',0,144,'FA','A',NULL),(5895,5895,'2015-03-15',0,147,'FA',NULL,NULL),(5896,5896,'2015-03-15',5,144,'A','A',101),(5897,5897,'2015-03-15',0,158,'FA','A',NULL),(5898,5898,'2015-03-15',0,147,'FA','A',NULL),(5899,5899,'2015-03-15',7,144,'A','A',107),(5900,5900,'2015-03-15',0,158,'FA','A',NULL),(5901,5901,'2015-03-15',0,147,'FA',NULL,NULL),(5902,5902,'2015-03-15',0,158,'FA',NULL,NULL),(5903,5903,'2015-03-15',0,147,'FA','A',NULL),(5904,5904,'2015-03-15',0,158,'FA','A',NULL),(5905,5905,'2015-03-15',7,147,'A','A',107),(5906,5906,'2015-03-15',2,158,'A','A',NULL),(5907,5907,'2015-03-15',1,147,'A','A',NULL),(5908,5908,'2015-03-15',2,158,'A','A',101),(5909,5909,'2015-03-15',0,147,'FA',NULL,NULL),(5910,5910,'2015-03-15',0,158,'FA','A',NULL),(5911,5911,'2015-03-15',8,147,'A','A',107),(5912,5912,'2015-03-15',0,158,'FA',NULL,NULL),(5913,5913,'2015-03-15',0,147,'FA',NULL,NULL),(5914,5914,'2015-03-15',0,158,'FA',NULL,NULL),(5915,5915,'2015-03-15',0,147,'FA','A',NULL),(5916,5916,'2015-03-15',1,158,'A',NULL,107),(5917,5917,'2015-03-15',0,147,'FA','A',NULL),(5918,5918,'2015-03-15',0,158,'FA','A',NULL),(5919,5919,'2015-03-15',0,147,'FA','A',NULL),(5920,5920,'2015-03-15',0,158,'FA',NULL,NULL),(5921,5921,'2015-03-15',0,147,'FA','A',NULL),(5922,5922,'2015-03-15',0,158,'FA',NULL,NULL),(5923,5923,'2015-03-15',2,147,'A','A',102),(5924,5924,'2015-03-15',0,158,'FA','A',NULL),(5925,5925,'2015-03-15',0,147,'FA','A',NULL),(5926,5926,'2015-03-15',0,158,'FA','A',NULL),(5927,5927,'2015-03-15',0,147,'FA',NULL,NULL),(5928,5928,'2015-03-15',0,158,'FA','A',NULL),(5929,5929,'2015-03-15',0,147,'FA','A',NULL),(5930,5930,'2015-03-15',0,158,'FA',NULL,NULL),(5931,5931,'2015-03-15',0,147,'FA','A',NULL),(5932,5932,'2015-03-15',0,158,'FA',NULL,NULL),(5933,5933,'2015-03-15',0,147,'FA',NULL,NULL),(5934,5934,'2015-03-15',0,158,'FA','A',NULL),(5935,5935,'2015-03-15',3,147,'A','A',101),(5936,5936,'2015-03-15',0,158,'FA','A',NULL),(5937,5937,'2015-03-15',0,147,'FA',NULL,NULL),(5938,5938,'2015-03-15',4,158,'A',NULL,112),(5939,5939,'2015-03-15',0,147,'FA',NULL,NULL),(5940,5940,'2015-03-15',0,158,'FA','A',NULL),(5941,5941,'2015-03-15',1,147,'A','A',NULL),(5942,5943,'2015-03-15',0,147,'FA','A',NULL),(5943,5942,'2015-03-15',0,158,'FA','A',NULL),(5944,5944,'2015-03-15',0,158,'FA','A',NULL),(5945,5945,'2015-03-15',0,147,'FA',NULL,NULL),(5946,5946,'2015-03-15',0,158,'FA','A',NULL),(5947,5947,'2015-03-15',0,147,'FA','A',NULL),(5948,5948,'2015-03-15',0,158,'FA',NULL,NULL),(5949,5949,'2015-03-15',0,147,'FA',NULL,NULL),(5950,5950,'2015-03-15',4,158,'A','A',NULL),(5951,5951,'2015-03-15',0,147,'FA','A',NULL),(5952,5952,'2015-03-15',0,158,'FA',NULL,NULL),(5953,5953,'2015-03-15',8,147,'A',NULL,112),(5954,5954,'2015-03-15',10,158,'A','A',101),(5955,5955,'2015-03-15',0,147,'FA','A',NULL),(5956,5956,'2015-03-15',0,158,'FA','A',NULL),(5957,5957,'2015-03-15',0,158,'FA',NULL,NULL),(5958,5958,'2015-03-15',0,147,'FA',NULL,NULL),(5959,5959,'2015-03-15',0,158,'FA','A',NULL),(5960,5960,'2015-03-15',0,147,'FA','A',NULL),(5961,5961,'2015-03-15',2,158,'A','A',108),(5962,5962,'2015-03-15',0,147,'FA','A',NULL),(5963,5963,'2015-03-15',0,158,'FA','A',NULL),(5964,5964,'2015-03-15',4,147,'MIN',NULL,NULL),(5965,5965,'2015-03-15',0,158,'FA',NULL,NULL),(5966,5967,'2015-03-15',0,158,'FA',NULL,NULL),(5967,5966,'2015-03-15',0,147,'FA','A',NULL),(5968,5968,'2015-03-15',0,158,'FA',NULL,NULL),(5969,5969,'2015-03-15',0,147,'FA','A',NULL),(5970,5970,'2015-03-15',0,158,'FA','A',NULL),(5971,5971,'2015-05-02',0,140,'FA','MIN',NULL);
/*!40000 ALTER TABLE `PLAYERTOTEAM` ENABLE KEYS */;
UNLOCK TABLES;

--
-- Table structure for table `POSITION`
--

DROP TABLE IF EXISTS `POSITION`;
/*!40101 SET @saved_cs_client     = @@character_set_client */;
/*!40101 SET character_set_client = utf8 */;
CREATE TABLE `POSITION` (
  `positionId` int(11) NOT NULL,
  `positionName` varchar(20) NOT NULL,
  `positionType` varchar(10) NOT NULL,
  `positionCode` varchar(10) NOT NULL,
  PRIMARY KEY (`positionId`),
  KEY `positionType` (`positionType`),
  CONSTRAINT `position_ibfk_1` FOREIGN KEY (`positionType`) REFERENCES `SPORTTYPE` (`type`)
) ENGINE=InnoDB DEFAULT CHARSET=latin1;
/*!40101 SET character_set_client = @saved_cs_client */;

--
-- Dumping data for table `POSITION`
--

LOCK TABLES `POSITION` WRITE;
/*!40000 ALTER TABLE `POSITION` DISABLE KEYS */;
INSERT INTO `POSITION` VALUES (1,'STARTINGPITCHER','MLB','P'),(2,'CATCHER','MLB','C'),(3,'FIRSTBASE','MLB','1B'),(4,'SECONDBASE','MLB','2B'),(5,'THIRDBASE','MLB','3B'),(6,'SHORTSTOP','MLB','SS'),(7,'LEFTFIELD','MLB','LF'),(8,'CENTERFIELD','MLB','CF'),(9,'RIGHTFIELD','MLB','RF'),(10,'DESIGNATEDHITTER','MLB','DH'),(11,'RELIEFPITCHER','MLB','RP'),(101,'PITCHER','FANTASY','P'),(102,'CATCHER','FANTASY','C'),(103,'FIRSTBASE','FANTASY','1B'),(104,'SECONDBASE','FANTASY','2B'),(105,'THIRDBASE','FANTASY','3B'),(106,'SHORTSTOP','FANTASY','SS'),(107,'OUTFIELD','FANTASY','OF'),(108,'MIDDLEINFIELD','FANTASY','2B/SS'),(109,'CORNERINFIELD','FANTASY','1B/3B'),(110,'UTILITY','FANTASY','UTIL'),(111,'BENCH','FANTASY','Bench'),(112,'DISABLEDLIST','FANTASY','DL');
/*!40000 ALTER TABLE `POSITION` ENABLE KEYS */;
UNLOCK TABLES;

--
-- Table structure for table `SPORTTYPE`
--

DROP TABLE IF EXISTS `SPORTTYPE`;
/*!40101 SET @saved_cs_client     = @@character_set_client */;
/*!40101 SET character_set_client = utf8 */;
CREATE TABLE `SPORTTYPE` (
  `type` varchar(7) NOT NULL,
  PRIMARY KEY (`type`)
) ENGINE=InnoDB DEFAULT CHARSET=latin1;
/*!40101 SET character_set_client = @saved_cs_client */;

--
-- Dumping data for table `SPORTTYPE`
--

LOCK TABLES `SPORTTYPE` WRITE;
/*!40000 ALTER TABLE `SPORTTYPE` DISABLE KEYS */;
INSERT INTO `SPORTTYPE` VALUES ('FANTASY'),('MLB');
/*!40000 ALTER TABLE `SPORTTYPE` ENABLE KEYS */;
UNLOCK TABLES;

--
-- Table structure for table `STANDINGSCATEGORY`
--

DROP TABLE IF EXISTS `STANDINGSCATEGORY`;
/*!40101 SET @saved_cs_client     = @@character_set_client */;
/*!40101 SET character_set_client = utf8 */;
CREATE TABLE `STANDINGSCATEGORY` (
  `standingsCategoryName` varchar(15) NOT NULL,
  `isHitting` tinyint(1) DEFAULT NULL,
  `isDescending` tinyint(1) DEFAULT '1',
  PRIMARY KEY (`standingsCategoryName`)
) ENGINE=InnoDB DEFAULT CHARSET=latin1;
/*!40101 SET character_set_client = @saved_cs_client */;

--
-- Dumping data for table `STANDINGSCATEGORY`
--

LOCK TABLES `STANDINGSCATEGORY` WRITE;
/*!40000 ALTER TABLE `STANDINGSCATEGORY` DISABLE KEYS */;
INSERT INTO `STANDINGSCATEGORY` VALUES ('ERA',0,0),('HR',1,1),('K',0,1),('OBP',1,1),('RBI',1,1),('RUNS',1,1),('SB',1,1),('SV',0,1),('WHIP',0,0),('WINS',0,1);
/*!40000 ALTER TABLE `STANDINGSCATEGORY` ENABLE KEYS */;
UNLOCK TABLES;

--
-- Table structure for table `TEAM`
--

DROP TABLE IF EXISTS `TEAM`;
/*!40101 SET @saved_cs_client     = @@character_set_client */;
/*!40101 SET character_set_client = utf8 */;
CREATE TABLE `TEAM` (
  `teamId` int(11) NOT NULL,
  `teamName` varchar(50) NOT NULL,
  `teamType` varchar(10) NOT NULL,
  `teamCode` varchar(10) NOT NULL,
  PRIMARY KEY (`teamId`),
  KEY `teamType` (`teamType`),
  CONSTRAINT `team_ibfk_1` FOREIGN KEY (`teamType`) REFERENCES `SPORTTYPE` (`type`)
) ENGINE=InnoDB DEFAULT CHARSET=latin1;
/*!40101 SET character_set_client = @saved_cs_client */;

--
-- Dumping data for table `TEAM`
--

LOCK TABLES `TEAM` WRITE;
/*!40000 ALTER TABLE `TEAM` DISABLE KEYS */;
INSERT INTO `TEAM` VALUES (0,'Free Agent','FANTASY','FA'),(1,'Mark Loretta\'s Scars','FANTASY','MLS'),(2,'BSnaxx CrackerJaxx','FANTASY','SNXX'),(3,'Bull Doziers','FANTASY','DOZE'),(4,'Crown Heights Riots','FANTASY','SIDO'),(5,'Brooklyn No Sox','FANTASY','MAD'),(6,'McGlade PlugIns','FANTASY','BMAC'),(7,'Ron Paul Revolution','FANTASY','GRAN'),(8,'Las Vegas Isotopes','FANTASY','LAZ'),(9,'The Baghdad Daddy Bags','FANTASY','DBAG'),(10,'Big Wheelie Style','FANTASY','HIV+'),(11,'Que? Manbearpuig','FANTASY','TACO'),(12,'Kershawshank Redemption','FANTASY','SHAW'),(108,'Los Angeles Angels','MLB','LAA'),(109,'Arizona Diamondbacks','MLB','ARI'),(110,'Baltimore Orioles','MLB','BAL'),(111,'Boston Red Sox','MLB','BOS'),(112,'Chicago Cubs','MLB','CHC'),(113,'Cincinnati Reds','MLB','CIN'),(114,'Cleveland Indians','MLB','CLE'),(115,'Colorado Rockies','MLB','COL'),(116,'Detroit Tigers','MLB','DET'),(117,'Houston Astros','MLB','HOU'),(118,'Kansas City Royals','MLB','KC'),(119,'Los Angeles Dodgers','MLB','LAD'),(120,'Washington Nationals','MLB','WSH'),(121,'New York Mets','MLB','NYM'),(133,'Oakland Athletics','MLB','OAK'),(134,'Pittsburgh Pirates','MLB','PIT'),(135,'San Diego Padres','MLB','SD'),(136,'Seattle Mariners','MLB','SEA'),(137,'San Francisco Giants','MLB','SF'),(138,'St. Louis Cardinals','MLB','STL'),(139,'Tampa Bay Rays','MLB','TB'),(140,'Texas Rangers','MLB','TEX'),(141,'Toronto Blue Jays','MLB','TOR'),(142,'Minnesota Twins','MLB','MIN'),(143,'Philadelphia Phillies','MLB','PHI'),(144,'Atlanta Braves','MLB','ATL'),(145,'Chicago White Sox','MLB','CWS'),(146,'Miami Marlins','MLB','MIA'),(147,'New York Yankees','MLB','NYY'),(158,'Milwaukee Brewers','MLB','MIL');
/*!40000 ALTER TABLE `TEAM` ENABLE KEYS */;
UNLOCK TABLES;

--
-- Table structure for table `TEAMSTANDINGS`
--

DROP TABLE IF EXISTS `TEAMSTANDINGS`;
/*!40101 SET @saved_cs_client     = @@character_set_client */;
/*!40101 SET character_set_client = utf8 */;
CREATE TABLE `TEAMSTANDINGS` (
  `teamStandingsId` bigint(20) NOT NULL AUTO_INCREMENT,
  `teamId` int(11) NOT NULL,
  `date` date NOT NULL,
  `place` int(11) DEFAULT NULL,
  `tied` tinyint(1) DEFAULT '0',
  PRIMARY KEY (`teamStandingsId`),
  UNIQUE KEY `teamId` (`teamId`,`date`),
  CONSTRAINT `teamstandings_ibfk_1` FOREIGN KEY (`teamId`) REFERENCES `TEAM` (`teamId`)
) ENGINE=InnoDB DEFAULT CHARSET=latin1;
/*!40101 SET character_set_client = @saved_cs_client */;

--
-- Dumping data for table `TEAMSTANDINGS`
--

LOCK TABLES `TEAMSTANDINGS` WRITE;
/*!40000 ALTER TABLE `TEAMSTANDINGS` DISABLE KEYS */;
/*!40000 ALTER TABLE `TEAMSTANDINGS` ENABLE KEYS */;
UNLOCK TABLES;

--
-- Table structure for table `TEAMSTANDINGSCATEGORY`
--

DROP TABLE IF EXISTS `TEAMSTANDINGSCATEGORY`;
/*!40101 SET @saved_cs_client     = @@character_set_client */;
/*!40101 SET character_set_client = utf8 */;
CREATE TABLE `TEAMSTANDINGSCATEGORY` (
  `teamStandingsCategoryId` bigint(20) NOT NULL AUTO_INCREMENT,
  `teamStandingsId` bigint(20) DEFAULT NULL,
  `standingsCategoryName` varchar(15) NOT NULL,
  `categoryAmount` double DEFAULT NULL,
  `categoryPoints` double DEFAULT NULL,
  PRIMARY KEY (`teamStandingsCategoryId`),
  UNIQUE KEY `teamStandingsId` (`teamStandingsId`,`standingsCategoryName`),
  KEY `standingsCategoryName` (`standingsCategoryName`),
  CONSTRAINT `teamstandingscategory_ibfk_1` FOREIGN KEY (`standingsCategoryName`) REFERENCES `STANDINGSCATEGORY` (`standingsCategoryName`)
) ENGINE=InnoDB DEFAULT CHARSET=latin1;
/*!40101 SET character_set_client = @saved_cs_client */;

--
-- Dumping data for table `TEAMSTANDINGSCATEGORY`
--

LOCK TABLES `TEAMSTANDINGSCATEGORY` WRITE;
/*!40000 ALTER TABLE `TEAMSTANDINGSCATEGORY` DISABLE KEYS */;
/*!40000 ALTER TABLE `TEAMSTANDINGSCATEGORY` ENABLE KEYS */;
UNLOCK TABLES;

--
-- Table structure for table `TRADE`
--

DROP TABLE IF EXISTS `TRADE`;
/*!40101 SET @saved_cs_client     = @@character_set_client */;
/*!40101 SET character_set_client = utf8 */;
CREATE TABLE `TRADE` (
  `tradeId` int(11) NOT NULL AUTO_INCREMENT,
  `proposingTeamId` int(11) NOT NULL,
  `proposedToTeamId` int(11) NOT NULL,
  `createdDate` timestamp NOT NULL DEFAULT CURRENT_TIMESTAMP,
  `deadline` timestamp NULL DEFAULT NULL,
  `tradeStatus` varchar(20) NOT NULL,
  PRIMARY KEY (`tradeId`),
  KEY `proposingTeamId` (`proposingTeamId`),
  CONSTRAINT `trade_ibfk_1` FOREIGN KEY (`proposingTeamId`) REFERENCES `TEAM` (`teamId`),
  CONSTRAINT `trade_ibfk_2` FOREIGN KEY (`proposingTeamId`) REFERENCES `TEAM` (`teamId`)
) ENGINE=InnoDB DEFAULT CHARSET=latin1;
/*!40101 SET character_set_client = @saved_cs_client */;

--
-- Dumping data for table `TRADE`
--

LOCK TABLES `TRADE` WRITE;
/*!40000 ALTER TABLE `TRADE` DISABLE KEYS */;
/*!40000 ALTER TABLE `TRADE` ENABLE KEYS */;
UNLOCK TABLES;

--
-- Table structure for table `TRADEASSET`
--

DROP TABLE IF EXISTS `TRADEASSET`;
/*!40101 SET @saved_cs_client     = @@character_set_client */;
/*!40101 SET character_set_client = utf8 */;
CREATE TABLE `TRADEASSET` (
  `tradeAssetId` bigint(20) NOT NULL AUTO_INCREMENT,
  `tradeId` int(11) DEFAULT NULL,
  `teamId` int(11) NOT NULL,
  `playerId` bigint(20) DEFAULT NULL,
  `moneyId` bigint(20) DEFAULT NULL,
  `minorLeagueDraftPickId` bigint(20) DEFAULT NULL,
  PRIMARY KEY (`tradeAssetId`),
  KEY `tradeId` (`tradeId`),
  KEY `teamId` (`teamId`),
  KEY `playerId` (`playerId`),
  KEY `moneyId` (`moneyId`),
  KEY `minorLeagueDraftPickId` (`minorLeagueDraftPickId`),
  CONSTRAINT `tradeasset_ibfk_1` FOREIGN KEY (`tradeId`) REFERENCES `TRADE` (`tradeId`),
  CONSTRAINT `tradeasset_ibfk_2` FOREIGN KEY (`teamId`) REFERENCES `TEAM` (`teamId`),
  CONSTRAINT `tradeasset_ibfk_3` FOREIGN KEY (`playerId`) REFERENCES `PLAYER` (`playerId`),
  CONSTRAINT `tradeasset_ibfk_4` FOREIGN KEY (`moneyId`) REFERENCES `MONEY` (`moneyId`),
  CONSTRAINT `tradeasset_ibfk_5` FOREIGN KEY (`minorLeagueDraftPickId`) REFERENCES `MINORLEAGUEDRAFTPICK` (`minorLeagueDraftPickId`)
) ENGINE=InnoDB DEFAULT CHARSET=latin1;
/*!40101 SET character_set_client = @saved_cs_client */;

--
-- Dumping data for table `TRADEASSET`
--

LOCK TABLES `TRADEASSET` WRITE;
/*!40000 ALTER TABLE `TRADEASSET` DISABLE KEYS */;
/*!40000 ALTER TABLE `TRADEASSET` ENABLE KEYS */;
UNLOCK TABLES;

--
-- Table structure for table `VULTURE`
--

DROP TABLE IF EXISTS `VULTURE`;
/*!40101 SET @saved_cs_client     = @@character_set_client */;
/*!40101 SET character_set_client = utf8 */;
CREATE TABLE `VULTURE` (
  `vultureId` int(11) NOT NULL AUTO_INCREMENT,
  `vulturingTeamId` int(11) NOT NULL,
  `offendingTeamId` int(11) NOT NULL,
  `playerId` bigint(20) NOT NULL,
  `droppingPlayerId` bigint(20) DEFAULT NULL,
  `createdDate` timestamp NOT NULL DEFAULT CURRENT_TIMESTAMP,
  `deadline` timestamp NOT NULL DEFAULT '0000-00-00 00:00:00',
  `vultureStatus` varchar(10) NOT NULL,
  PRIMARY KEY (`vultureId`),
  KEY `vulturingTeamId` (`vulturingTeamId`),
  KEY `offendingTeamId` (`offendingTeamId`),
  KEY `playerId` (`playerId`),
  KEY `droppingPlayerId` (`droppingPlayerId`),
  CONSTRAINT `vulture_ibfk_1` FOREIGN KEY (`vulturingTeamId`) REFERENCES `TEAM` (`teamId`),
  CONSTRAINT `vulture_ibfk_2` FOREIGN KEY (`offendingTeamId`) REFERENCES `TEAM` (`teamId`),
  CONSTRAINT `vulture_ibfk_3` FOREIGN KEY (`playerId`) REFERENCES `PLAYER` (`playerId`),
  CONSTRAINT `vulture_ibfk_4` FOREIGN KEY (`droppingPlayerId`) REFERENCES `PLAYER` (`playerId`)
) ENGINE=InnoDB DEFAULT CHARSET=latin1;
/*!40101 SET character_set_client = @saved_cs_client */;

--
-- Dumping data for table `VULTURE`
--

LOCK TABLES `VULTURE` WRITE;
/*!40000 ALTER TABLE `VULTURE` DISABLE KEYS */;
/*!40000 ALTER TABLE `VULTURE` ENABLE KEYS */;
UNLOCK TABLES;
/*!40103 SET TIME_ZONE=@OLD_TIME_ZONE */;

/*!40101 SET SQL_MODE=@OLD_SQL_MODE */;
/*!40014 SET FOREIGN_KEY_CHECKS=@OLD_FOREIGN_KEY_CHECKS */;
/*!40014 SET UNIQUE_CHECKS=@OLD_UNIQUE_CHECKS */;
/*!40101 SET CHARACTER_SET_CLIENT=@OLD_CHARACTER_SET_CLIENT */;
/*!40101 SET CHARACTER_SET_RESULTS=@OLD_CHARACTER_SET_RESULTS */;
/*!40101 SET COLLATION_CONNECTION=@OLD_COLLATION_CONNECTION */;
/*!40111 SET SQL_NOTES=@OLD_SQL_NOTES */;

-- Dump completed on 2015-05-02 16:32:06
