-- MySQL dump 10.13  Distrib 5.6.22, for osx10.8 (x86_64)
--
-- Host: localhost    Database: homeratthebat
-- ------------------------------------------------------
-- Server version	5.6.22

/*!40101 SET @OLD_CHARACTER_SET_CLIENT=@@CHARACTER_SET_CLIENT */;
/*!40101 SET @OLD_CHARACTER_SET_RESULTS=@@CHARACTER_SET_RESULTS */;
/*!40101 SET @OLD_COLLATION_CONNECTION=@@COLLATION_CONNECTION */;
/*!40101 SET NAMES utf8 */;
/*!40103 SET @OLD_TIME_ZONE=@@TIME_ZONE */;
/*!40103 SET TIME_ZONE='+00:00' */;
/*!40014 SET @OLD_UNIQUE_CHECKS=@@UNIQUE_CHECKS, UNIQUE_CHECKS=0 */;
/*!40014 SET @OLD_FOREIGN_KEY_CHECKS=@@FOREIGN_KEY_CHECKS, FOREIGN_KEY_CHECKS=0 */;
/*!40101 SET @OLD_SQL_MODE=@@SQL_MODE, SQL_MODE='NO_AUTO_VALUE_ON_ZERO' */;
/*!40111 SET @OLD_SQL_NOTES=@@SQL_NOTES, SQL_NOTES=0 */;

--
-- Current Database: `homeratthebat`
--

CREATE DATABASE /*!32312 IF NOT EXISTS*/ `homeratthebat` /*!40100 DEFAULT CHARACTER SET latin1 */;

USE `homeratthebat`;

--
-- Table structure for table `FREEAGENTAUCTION`
--

DROP TABLE IF EXISTS `FREEAGENTAUCTION`;
/*!40101 SET @saved_cs_client     = @@character_set_client */;
/*!40101 SET character_set_client = utf8 */;
CREATE TABLE `FREEAGENTAUCTION` (
  `freeAgentAuctionId` int(11) NOT NULL AUTO_INCREMENT,
  `requestingTeamId` int(11) NOT NULL,
  `playerId` bigint(20) NOT NULL,
  `createdDate` timestamp NOT NULL DEFAULT CURRENT_TIMESTAMP,
  `modifiedDate` timestamp NULL DEFAULT NULL ON UPDATE CURRENT_TIMESTAMP,
  `deadline` timestamp NOT NULL DEFAULT '0000-00-00 00:00:00',
  `status` varchar(10) NOT NULL,
  PRIMARY KEY (`freeAgentAuctionId`),
  KEY `requestingTeamId` (`requestingTeamId`),
  KEY `playerId` (`playerId`),
  CONSTRAINT `freeagentauction_ibfk_1` FOREIGN KEY (`requestingTeamId`) REFERENCES `TEAM` (`teamId`),
  CONSTRAINT `freeagentauction_ibfk_2` FOREIGN KEY (`playerId`) REFERENCES `PLAYER` (`playerId`)
) ENGINE=InnoDB DEFAULT CHARSET=latin1;
/*!40101 SET character_set_client = @saved_cs_client */;

--
-- Dumping data for table `FREEAGENTAUCTION`
--

LOCK TABLES `FREEAGENTAUCTION` WRITE;
/*!40000 ALTER TABLE `FREEAGENTAUCTION` DISABLE KEYS */;
/*!40000 ALTER TABLE `FREEAGENTAUCTION` ENABLE KEYS */;
UNLOCK TABLES;

--
-- Table structure for table `MINORLEAGUEDRAFTPICK`
--

DROP TABLE IF EXISTS `MINORLEAGUEDRAFTPICK`;
/*!40101 SET @saved_cs_client     = @@character_set_client */;
/*!40101 SET character_set_client = utf8 */;
CREATE TABLE `MINORLEAGUEDRAFTPICK` (
  `minorLeagueDraftPickId` bigint(20) NOT NULL AUTO_INCREMENT,
  `originalTeamId` int(11) NOT NULL,
  `season` int(11) NOT NULL,
  `round` int(11) NOT NULL,
  `owningTeamId` int(11) DEFAULT NULL,
  `overall` int(11) DEFAULT NULL,
  `playerId` bigint(20) DEFAULT NULL,
  `deadline` timestamp NULL DEFAULT NULL,
  `skipped` tinyint(1) DEFAULT NULL,
  PRIMARY KEY (`minorLeagueDraftPickId`),
  UNIQUE KEY `originalTeamId` (`originalTeamId`,`season`,`round`),
  KEY `owningTeamId` (`owningTeamId`),
  KEY `playerId` (`playerId`),
  CONSTRAINT `minorleaguedraftpick_ibfk_1` FOREIGN KEY (`originalTeamId`) REFERENCES `TEAM` (`teamId`),
  CONSTRAINT `minorleaguedraftpick_ibfk_2` FOREIGN KEY (`owningTeamId`) REFERENCES `TEAM` (`teamId`),
  CONSTRAINT `minorleaguedraftpick_ibfk_3` FOREIGN KEY (`playerId`) REFERENCES `PLAYER` (`playerId`)
) ENGINE=InnoDB DEFAULT CHARSET=latin1;
/*!40101 SET character_set_client = @saved_cs_client */;

--
-- Dumping data for table `MINORLEAGUEDRAFTPICK`
--

LOCK TABLES `MINORLEAGUEDRAFTPICK` WRITE;
/*!40000 ALTER TABLE `MINORLEAGUEDRAFTPICK` DISABLE KEYS */;
/*!40000 ALTER TABLE `MINORLEAGUEDRAFTPICK` ENABLE KEYS */;
UNLOCK TABLES;

--
-- Table structure for table `MONEY`
--

DROP TABLE IF EXISTS `MONEY`;
/*!40101 SET @saved_cs_client     = @@character_set_client */;
/*!40101 SET character_set_client = utf8 */;
CREATE TABLE `MONEY` (
  `moneyId` bigint(20) NOT NULL AUTO_INCREMENT,
  `teamId` int(11) NOT NULL,
  `season` int(11) NOT NULL,
  `moneyType` varchar(20) NOT NULL,
  `amount` int(11) NOT NULL,
  PRIMARY KEY (`moneyId`),
  UNIQUE KEY `teamId` (`teamId`,`season`,`moneyType`),
  CONSTRAINT `money_ibfk_1` FOREIGN KEY (`teamId`) REFERENCES `TEAM` (`teamId`)
) ENGINE=InnoDB DEFAULT CHARSET=latin1;
/*!40101 SET character_set_client = @saved_cs_client */;

--
-- Dumping data for table `MONEY`
--

LOCK TABLES `MONEY` WRITE;
/*!40000 ALTER TABLE `MONEY` DISABLE KEYS */;
/*!40000 ALTER TABLE `MONEY` ENABLE KEYS */;
UNLOCK TABLES;

--
-- Table structure for table `PLAYER`
--

DROP TABLE IF EXISTS `PLAYER`;
/*!40101 SET @saved_cs_client     = @@character_set_client */;
/*!40101 SET character_set_client = utf8 */;
CREATE TABLE `PLAYER` (
  `playerId` bigint(20) NOT NULL AUTO_INCREMENT,
  `playerName` varchar(50) NOT NULL,
  `primaryPositionId` int(11) DEFAULT NULL,
  `mlbPlayerId` bigint(20) DEFAULT NULL,
  `espnPlayerId` bigint(20) DEFAULT NULL,
  PRIMARY KEY (`playerId`),
  KEY `primaryPositionId` (`primaryPositionId`),
  CONSTRAINT `player_ibfk_1` FOREIGN KEY (`primaryPositionId`) REFERENCES `POSITION` (`positionId`)
) ENGINE=InnoDB AUTO_INCREMENT=1199 DEFAULT CHARSET=latin1;
/*!40101 SET character_set_client = @saved_cs_client */;

--
-- Dumping data for table `PLAYER`
--

LOCK TABLES `PLAYER` WRITE;
/*!40000 ALTER TABLE `PLAYER` DISABLE KEYS */;
INSERT INTO `PLAYER` VALUES (1,'Austin Adams',1,542866,4142),(2,'Dustin Ackley',7,554429,2697),(3,'Jose Altuve',4,514888,4144),(4,'Fernando Abad',1,472551,2763),(5,'Jake Buchanan',1,594772,1),(6,'Jesus Aguilar',3,542583,4608),(7,'Willie Bloomquist',6,217100,626),(8,'Raul Alcantara',1,593417,4595),(9,'Cody Allen',1,592102,4665),(10,'Robinson Cano',4,429664,1139),(11,'Chris Carter',10,474892,2186),(12,'R.J. Alvarez',1,571439,NULL),(13,'Jason Castro',2,488771,2472),(14,'Cody Anderson',1,594736,NULL),(15,'Ji-Man Choi',3,596847,4254),(16,'Kevin Chapman',1,502087,4172),(17,'Chris Bassitt',1,605135,1),(18,'Shawn Armstrong',1,542888,NULL),(19,'Nelson Cruz',7,443558,1165),(20,'Billy Burns',8,542993,5359),(21,'Scott Atchison',1,425786,674),(22,'Roenis Elias',1,606273,5657),(23,'Billy Butler',10,456714,1568),(24,'Hank Conger',2,474233,2127),(25,'Mike Aviles',5,449107,1955),(26,'Danny Farquhar',1,543144,3003),(27,'Luis Cruz',1,543071,1),(28,'Mark Canha',3,592192,NULL),(29,'Trevor Bauer',1,545333,4485),(30,'Charlie Furbush',1,518703,4067),(31,'Samuel Deduno',1,465679,2346),(32,'Jesse Chavez',1,445926,2033),(33,'Mayckol Guaipe',1,515052,NULL),(34,'Michael Bourn',8,456422,1432),(35,'Tyler Clippard',1,461325,1636),(36,'Matt Dominguez',5,518625,2270),(37,'J.A. Happ',1,457918,1740),(38,'Michael Brantley',7,488726,2318),(39,'Ryan Cook',1,475857,4018),(40,'Scott Feldman',1,444857,1263),(41,'Charles Brewer',1,502033,3695),(42,'Felix Hernandez',1,433587,1129),(43,'Michael Feliz',1,593140,NULL),(44,'Carlos Carrasco',1,471911,1881),(45,'John Hicks',2,543308,NULL),(46,'Josh Fields',1,451661,2519),(47,'Coco Crisp',8,424825,793),(48,'Lonnie Chisenhall',5,502082,2911),(49,'Ike Davis',3,477195,2920),(50,'Danny Hultzen',1,543343,4487),(51,'Eury De La Rosa',1,545001,5197),(52,'Hisashi Iwakuma',1,547874,4503),(53,'Evan Gattis',2,594828,5444),(54,'Kyle Crockett',1,641490,5918),(55,'Sean Doolittle',1,448281,3421),(56,'Austin Jackson',8,457706,2177),(57,'Marwin Gonzalez',6,503556,3267),(58,'Gavin Floyd',1,425856,985),(59,'Luke Gregerson',1,502381,2653),(60,'Yan Gomes',2,543228,4583),(61,'James Jones',8,571825,3090),(62,'Robbie Grossman',7,543257,3869),(63,'Erik Gonzalez',6,570481,1),(64,'Nate Freiman',3,474384,3135),(65,'Mike Kickham',1,592464,4345),(66,'Will Harris',1,501789,5057),(67,'Sam Fuld',8,453539,1823),(68,'Nick Hagadone',1,444935,3419),(69,'Dominic Leone',1,608678,5659),(70,'Craig Gentry',8,502226,2700),(71,'Tyler Holt',8,534627,1),(72,'L.J. Hoes',7,543321,4565),(73,'Lucas Luetge',1,476595,4504),(74,'Kendall Graveman',1,608665,NULL),(75,'T.J. House',1,543334,5104),(76,'Ketel Marte',6,606466,NULL),(77,'Dallas Keuchel',1,572971,4289),(78,'Sonny Gray',1,543243,4555),(79,'Jed Lowrie',6,476704,1894),(80,'Jason Kipnis',4,543401,3466),(81,'A.J. Griffin',1,456167,5047),(82,'Jake Marisnick',8,545350,3666),(83,'Corey Kluber',1,446372,3440),(84,'Jesse Hahn',1,534910,5613),(85,'C.C. Lee',1,547348,4526),(86,'Collin McHugh',1,543521,5064),(87,'Yoervis Medina',1,500721,3572),(88,'Scott Kazmir',1,431148,980),(89,'Zach McAllister',1,502083,2934),(90,'Brad Miller',6,543543,4683),(91,'Pat Neshek',1,450212,1404),(92,'Jesus Montero',3,524968,2175),(93,'Tyler Ladendorf',4,502285,NULL),(94,'Julio Morban',9,573650,5090),(95,'Ryan Merritt',1,607320,NULL),(96,'Logan Morrison',3,489149,2924),(97,'Brett Oberholtzer',1,519085,3575),(98,'Brett Lawrie',5,543434,3047),(99,'Brad Peacock',1,502748,4072),(100,'Carlos Moncrief',9,519037,1),(101,'Alex Presley',7,502100,3399),(102,'Arnold Leon',1,504186,2185),(103,'Edgar Olmos',1,543607,4305),(104,'Brandon Moss',3,461235,1765),(105,'Chad Qualls',1,430589,1043),(106,'Sean Nolin',1,543594,5205),(107,'David Murphy',9,461815,1463),(108,'Colby Rasmus',8,458675,1885),(109,'Renato Nunez',5,600524,NULL),(110,'James Paxton',1,572020,4453),(111,'Roberto Perez',2,547379,1),(112,'Domingo Santana',7,570267,4404),(113,'Eric O\'Flaherty',1,447714,1439),(114,'Erasmo Ramirez',1,541640,4456),(115,'Fernando Rodney',1,407845,765),(116,'Ryan Raburn',9,430605,1745),(117,'Dan Otero',1,519096,4502),(118,'David Rollins',1,543716,NULL),(119,'Jon Singleton',3,572138,3678),(120,'Jarrod Parker',1,519105,2595),(121,'Jose Ramirez',4,542432,5097),(122,'Stefen Romero',9,552662,4681),(123,'Josh Phegley',2,572033,2992),(124,'Marc Rzepczynski',1,519240,2688),(125,'Justin Ruggiano',9,448605,1837),(126,'Tony Sipp',1,448609,1615),(127,'Drew Pomeranz',1,519141,3469),(128,'Danny Salazar',1,517593,4570),(129,'George Springer',9,543807,4551),(130,'Carlos Santana',3,467793,2659),(131,'Kyle Seager',5,572122,3256),(132,'Max Stassi',2,545358,2775),(133,'Rangel Ravelo',3,592660,NULL),(134,'Bryan Shaw',1,543766,2977),(135,'Dan Straily',1,573185,5053),(136,'Carson Smith',1,605476,NULL),(137,'Nick Swisher',3,430897,995),(138,'Josh Reddick',9,502210,2489),(139,'Ronald Torreyes',4,591720,NULL),(140,'Seth Smith',7,452234,1835),(141,'Josh Tomlin',1,458708,3383),(142,'Luis Valbuena',5,472528,2061),(143,'Evan Scribner',1,519267,3429),(144,'Jesus Sucre',2,491696,4440),(145,'Giovanny Urshela',5,570482,NULL),(146,'Marcus Semien',6,543760,4622),(147,'Chris Taylor',6,621035,5396),(148,'Vincent Velasquez',1,592826,NULL),(149,'Eric Sogard',4,519299,2642),(150,'Taijuan Walker',1,592836,4338),(151,'Jonathan Villar',6,542340,4448),(152,'Zach Walters',4,595025,3670),(153,'Taylor Thompson',1,543853,1),(154,'Tom Wilhelmsen',1,452666,4001),(155,'Alex White',1,502229,2804),(156,'Stephen Vogt',2,519390,3494),(157,'Mike Zunino',2,572287,5152),(158,'Tony Wolters',2,547172,NULL),(159,'Asher Wojciechowski',1,592879,4211),(160,'Ben Zobrist',4,450314,1433),(161,'Abraham Almonte',8,501659,3960),(162,'Brett Anderson',1,474463,2316),(163,'Aaron Barrett',1,502578,5500),(164,'Pedro Baez',1,520980,3102),(165,'Al Alburquerque',1,456379,2870),(166,'Jerry Blevins',1,460283,1832),(167,'Yonder Alonso',3,475174,2298),(168,'Austin Barnes',2,605131,NULL),(169,'Dan Butler',2,576788,3706),(170,'Alex Avila',2,488671,2383),(171,'Darwin Barney',4,446381,2200),(172,'Alexi Amarista',6,506560,2950),(173,'Xavier Cedeno',1,458584,4498),(174,'Wynton Bernard',8,592144,NULL),(175,'Mike Bolsinger',1,502211,5233),(176,'A.J. Cole',1,595918,4076),(177,'Clint Barmes',6,425549,941),(178,'Daniel Coulombe',1,543056,NULL),(179,'Miguel Cabrera',3,408234,897),(180,'Erik Davis',1,458530,4080),(181,'Joaquin Benoit',1,276542,617),(182,'Nick Castellanos',5,592206,3656),(183,'Leonel Campos',1,599998,NULL),(184,'Yoenis Cespedes',7,493316,4553),(185,'Andrew Cashner',1,488768,2402),(186,'Carl Crawford',7,408307,741),(187,'Tyler Collins',7,607385,4612),(188,'Ian Desmond',6,435622,2215),(189,'Odrisamer Despaigne',1,628333,6119),(190,'Rajai Davis',7,434658,1438),(191,'A.J. Ellis',2,454560,2074),(192,'Wilmer Difo',6,594694,NULL),(193,'Andre Ethier',8,444843,1333),(194,'Alex Dickerson',9,543105,NULL),(195,'Yunel Escobar',6,488862,1604),(196,'Buck Farmer',1,571656,1),(197,'Carlos Frias',1,516910,1),(198,'Danny Espinosa',4,457787,3018),(199,'Yimi Garcia',1,554340,1),(200,'Robbie Erlin',1,572362,4266),(201,'Doug Fister',1,450729,2694),(202,'Daniel Fields',8,571665,3653),(203,'Adrian Gonzalez',3,408236,846),(204,'Kevin Frandsen',7,435623,1368),(205,'Tim Federowicz',2,543148,3500),(206,'Tom Gorzelanny',1,452733,1311),(207,'Frank Garces',1,571057,1),(208,'Yasmani Grandal',2,518735,3389),(209,'Anthony Gose',8,543238,3510),(210,'Gio Gonzalez',1,461829,1878),(211,'Tyron Guerrero',1,594027,NULL),(212,'Shane Greene',1,572888,5200),(213,'Brian Goodwin',8,571718,4650),(214,'Jedd Gyorko',4,576397,3887),(215,'Blaine Hardy',1,543278,3252),(216,'Zack Greinke',1,425844,957),(217,'Matt Grace',1,594840,NULL),(218,'Josh Johnson',1,435178,1302),(219,'Bryan Holaday',2,592407,4434),(220,'Shawn Kelley',1,518875,2658),(221,'Bryce Harper',7,547180,3390),(222,'Jose Iglesias',6,578428,2711),(223,'Alex Guerrero',4,648717,5601),(224,'Taylor Hill',1,592398,1),(225,'Chris Hatcher',1,501822,3051),(226,'Casey Kelly',1,543391,2908),(227,'Ian Kinsler',4,435079,1132),(228,'Casey Janssen',1,445163,1367),(229,'Chris Heisey',7,502317,2895),(230,'Matt Kemp',7,461314,1393),(231,'Taylor Jordan',1,518863,4181),(232,'Enrique Hernandez',4,571771,1),(233,'Ian Krol',1,571871,4357),(234,'Ian Kennedy',1,453178,1785),(235,'Jeff Kobernus',7,571862,4183),(236,'J.P. Howell',1,434442,1215),(237,'Kyle Lobstein',1,543456,4232),(238,'Taylor Lindsey',4,592506,NULL),(239,'Dixon Machado',6,553988,3657),(240,'Kenley Jansen',1,445276,2648),(241,'Sandy Leon',2,506702,4576),(242,'Rymer Liriano',7,542642,3751),(243,'J.D. Martinez',7,502110,3527),(244,'Howie Kendrick',4,435062,1365),(245,'Jose Lobaton',2,446653,2230),(246,'Cory Luebke',1,458537,2968),(247,'Victor Martinez',10,400121,725),(248,'Nate McLouth',7,434661,1152),(249,'Clayton Kershaw',1,477132,1879),(250,'James McCann',2,543510,NULL),(251,'Brandon Maurer',1,543506,5089),(252,'Tyler Moore',3,489138,3032),(253,'Brandon League',1,434181,1109),(254,'Cameron Maybin',8,457727,1570),(255,'Wilson Ramos',2,467092,2467),(256,'Zach Lee',1,545346,3739),(257,'Steven Moya',9,570615,4737),(258,'Tommy Medica',3,523265,5379),(259,'Anthony Rendon',5,543685,4573),(260,'Adam Liberatore',1,571893,NULL),(261,'Will Middlebrooks',5,519025,3704),(262,'Felipe Rivero',1,553878,5052),(263,'Brandon McCarthy',1,435221,1126),(264,'Joe Nathan',1,150274,441),(265,'Brandon Morrow',1,453344,1668),(266,'Tanner Roark',1,543699,5061),(267,'Juan Nicasio',1,504379,2887),(268,'Wil Myers',9,571976,3738),(269,'Joc Pederson',8,592626,3876),(270,'Max Scherzer',1,453286,1870),(271,'Angel Nesbitt',1,553970,NULL),(272,'Derek Norris',2,519083,3000),(273,'Joel Peralta',1,407908,1197),(274,'Sammy Solis',1,519301,3503),(275,'Hernan Perez',6,541650,3328),(276,'Aaron Northcraft',1,573062,5096),(277,'Yasiel Puig',9,624577,5068),(278,'David Price',1,456034,1864),(279,'Denard Span',8,452655,1907),(280,'Kevin Quackenbush',1,534812,4882),(281,'Andrew Romine',6,461865,2137),(282,'Chris Reed',1,607068,NULL),(283,'Craig Stammen',1,489334,2677),(284,'Carlos Quentin',7,435041,1127),(285,'Bruce Rondon',1,541652,4416),(286,'Paco Rodriguez',1,572089,5073),(287,'Drew Storen',1,519322,2922),(288,'Tyson Ross',1,475115,2369),(289,'Kyle Ryan',1,594986,1),(290,'Jimmy Rollins',6,276519,539),(291,'Stephen Strasburg',1,544931,2698),(292,'Anibal Sanchez',1,434671,1324),(293,'Yangervis Solarte',5,500208,3351),(294,'Hyun-Jin Ryu',1,547943,5078),(295,'Alfredo Simon',1,430580,1641),(296,'Cory Spangenberg',4,605486,4645),(297,'Michael Taylor',8,572191,1),(298,'Chad Smith',1,605477,1),(299,'Scott Schebler',7,594988,NULL),(300,'Joakim Soria',1,465657,1630),(301,'Dale Thayer',1,445612,2248),(302,'Matt Thornton',1,407819,925),(303,'Justin Turner',5,457759,2209),(304,'Jose Valdez',1,572308,2716),(305,'Alex Torres',1,456776,3587),(306,'Blake Treinen',1,595014,4662),(307,'Juan Uribe',5,346874,653),(308,'Drew VerHagen',1,572403,1),(309,'Justin Upton',7,457708,1762),(310,'Jayson Werth',9,150029,542),(311,'Justin Verlander',1,434378,1233),(312,'Scott Van Slyke',7,475100,3128),(313,'Will Venable',9,461416,2036),(314,'Ryan Zimmerman',5,475582,1267),(315,'Joe Wieland',1,543921,4330),(316,'Jordan Zimmermann',1,519455,2512),(317,'Nick Vincent',1,543883,4021),(318,'Chris Withrow',1,519437,3154),(319,'Alex Wilson',1,543935,4034),(320,'Matt Adams',3,571431,3841),(321,'Matt Barnes',1,598264,4623),(322,'Ehire Adrianza',4,501303,2840),(323,'Dean Anna',6,542883,3299),(324,'Josh Zeid',1,473646,4243),(325,'Mookie Betts',4,605141,5534),(326,'Jeremy Affeldt',1,346793,744),(327,'Matt Belisle',1,279571,945),(328,'Xander Bogaerts',6,593428,4087),(329,'Nori Aoki',7,493114,4527),(330,'Peter Bourjos',8,488721,2128),(331,'Dylan Axelrod',1,518420,4491),(332,'Jackie Bradley Jr.',8,598265,4847),(333,'Joaquin Arias',5,435078,1476),(334,'Homer Bailey',1,456701,1610),(335,'Matt Carpenter',5,572761,3474),(336,'Bryce Brentz',9,518490,3939),(337,'Tucker Barnhart',2,571466,3642),(338,'Brandon Belt',3,474832,3354),(339,'Randy Choate',1,329092,571),(340,'Craig Breslow',1,444520,1252),(341,'Jason Bourgeois',8,430652,NULL),(342,'Ray Black',1,605143,NULL),(343,'Tony Cruz',2,488810,4069),(344,'Clay Buchholz',1,453329,1774),(345,'Jay Bruce',9,457803,1872),(346,'Gregor Blanco',8,453923,1603),(347,'Aledmys Diaz',6,649557,5895),(348,'Marlon Byrd',7,407781,739),(349,'Rusney Castillo',8,628329,6128),(350,'Gary Brown',8,518502,3473),(351,'Ed Easley',2,446225,NULL),(352,'Aroldis Chapman',1,547973,2798),(353,'Garin Cecchini',5,594555,4600),(354,'Madison Bumgarner',1,518516,2584),(355,'Tony Cingrani',1,571561,4611),(356,'Sam Freeman',1,518693,4548),(357,'Sean Coyle',4,592231,NULL),(358,'Matt Cain',1,430912,1137),(359,'Carlos Contreras',1,542266,5093),(360,'Greg Garcia',4,594824,4688),(361,'Allen Craig',9,501800,2745),(362,'Daniel Carbonell',8,658135,1),(363,'Daniel Corcino',1,542289,4159),(364,'Jaime Garcia',1,448802,1997),(365,'Edwin Escobar',1,546276,5154),(366,'Santiago Casilla',1,433586,1060),(367,'Zack Cozart',6,446359,2830),(368,'Marco Gonzales',1,594835,5661),(369,'Ryan Hanigan',2,452672,1816),(370,'Erik Cordier',1,449170,2939),(371,'Johnny Cueto',1,456501,1873),(372,'Nick Greenwood',1,572889,4531),(373,'Heath Hembree',1,592390,4314),(374,'Brandon Crawford',6,543063,2838),(375,'Ryan Dennick',1,572810,NULL),(376,'Randal Grichuk',8,545341,3884),(377,'Brock Holt',5,571788,3285),(378,'Matt Duffy',6,622110,1),(379,'Anthony DeSclafani',1,543101,5683),(380,'Jason Heyward',9,518792,2194),(381,'Joe Kelly',1,523260,4465),(382,'Adam Duvall',3,594807,5161),(383,'Jumbo Diaz',1,471822,1),(384,'Matt Holliday',7,407812,997),(385,'Tommy Layne',1,518927,2976),(386,'Joan Gregorio',1,593340,NULL),(387,'Juan Duran',9,544269,3650),(388,'Jon Jay',8,445055,2222),(389,'Justin Masterson',1,475416,1888),(390,'Cody Hall',1,595235,NULL),(391,'Todd Frazier',5,453943,2289),(392,'Ty Kelly',4,571841,NULL),(393,'Wade Miley',1,489119,3556),(394,'Chris Heston',1,518790,5105),(395,'Amir Garrett',1,607237,NULL),(396,'Pete Kozma',6,518902,2834),(397,'Edward Mujica',1,465629,1411),(398,'Tim Hudson',1,218596,455),(399,'Ismael Guillon',1,570145,4306),(400,'John Lackey',1,407793,781),(401,'Mike Napoli',3,435063,1373),(402,'Travis Ishikawa',7,448170,1354),(403,'Billy Hamilton',8,571740,3504),(404,'Daniel Nava',9,537953,3362),(405,'Lance Lynn',1,458681,3257),(406,'David Holmberg',1,571787,4075),(407,'Alexi Ogando',1,468396,2937),(408,'George Kontos',1,502004,3450),(409,'J.J. Hoover',1,543331,5045),(410,'Tyler Lyons',1,544928,5136),(411,'David Ortiz',10,120074,343),(412,'Raisel Iglesias',1,628452,1),(413,'Derek Law',1,571882,NULL),(414,'Dustin Pedroia',4,456030,1271),(415,'Seth Maness',1,595307,5134),(416,'Mike Leake',1,502190,2829),(417,'Tim Lincecum',1,453311,1647),(418,'Rick Porcello',1,519144,2271),(419,'Sam LeCure',1,459967,2465),(420,'Carlos Martinez',1,593372,3819),(421,'Javier Lopez',1,425657,832),(422,'Yadier Molina',2,425877,1019),(423,'Hanley Ramirez',7,434670,1130),(424,'Jean Machi',1,466948,2900),(425,'Donald Lutz',3,544371,4559),(426,'Mike Ohlman',2,572000,1),(427,'Eduardo Rodriguez',1,593958,NULL),(428,'Casey McGehee',5,431171,2060),(429,'Jhonny Peralta',6,425509,895),(430,'Matt Magill',1,543483,4371),(431,'Robbie Ross Jr.',1,543726,4525),(432,'Angel Pagan',8,434636,1339),(433,'Tommy Pham',7,502054,NULL),(434,'Pablo Sandoval',5,467055,2025),(435,'Joe Panik',4,605412,1),(436,'Sean Marshall',1,445156,1340),(437,'Mark Reynolds',3,448602,1704),(438,'Travis Shaw',3,543768,NULL),(439,'Jarrett Parker',9,592620,1),(440,'Trevor Rosenthal',1,572096,4418),(441,'Zeke Spruill',1,543809,4114),(442,'Devin Mesoraco',2,519023,2263),(443,'Kristopher Negron',4,502117,2523),(444,'Jake Peavy',1,408241,731),(445,'Xavier Scruggs',3,489305,NULL),(446,'Blake Swihart',2,596119,1),(447,'Manny Parra',1,448159,1750),(448,'Hunter Pence',9,452254,1629),(449,'Junichi Tazawa',1,547749,2365),(450,'Brayan Pena',2,430910,1195),(451,'Kevin Siegrist',1,543779,4533),(452,'Juan Perez',9,543633,4483),(453,'Brandon Phillips',4,408252,737),(454,'Koji Uehara',1,493157,2398),(455,'Cody Stanley',2,592774,NULL),(456,'Yusmeiro Petit',1,433589,1322),(457,'Yorman Rodriguez',8,550298,4127),(458,'Anthony Varvaro',1,460008,2732),(459,'Sam Tuivailala',1,592815,NULL),(460,'Buster Posey',2,457763,2380),(461,'Keyvius Sampson',1,572102,4405),(462,'Christian Vazquez',2,543877,3873),(463,'Michael Wacha',1,608379,5135),(464,'Sergio Romo',1,489265,1979),(465,'Skip Schumaker',7,435401,1210),(466,'Shane Victorino',9,425664,848),(467,'Adam Wainwright',1,425794,844),(468,'Hector Sanchez',2,516949,2955),(469,'Brandon Workman',1,519443,5470),(470,'Jordan Walden',1,477229,2133),(471,'Eugenio Suarez',6,553993,4852),(472,'Hunter Strickland',1,519326,5083),(473,'Steven Wright',1,453214,5081),(474,'Kolten Wong',4,543939,4535),(475,'Pedro Villarreal',1,543881,1),(476,'Andrew Susac',2,572180,4536),(477,'Tim Berry',1,572718,4086),(478,'Lane Adams',8,572669,1),(479,'Ryan Vogelsong',1,285064,592),(480,'Joey Votto',3,458015,1612),(481,'Jorge Bonifacio',9,593528,NULL),(482,'Brad Brach',1,542960,3459),(483,'Arismendy Alcantara',4,570489,5322),(484,'Kyle Waldrop',9,592835,NULL),(485,'Jake Arrieta',1,453562,2412),(486,'Aaron Brooks',1,605156,1),(487,'Nick Ahmed',6,605113,1),(488,'Zach Britton',1,502154,3516),(489,'Javier Baez',6,595879,4603),(490,'Chase Anderson',1,502624,5186),(491,'Dylan Bundy',1,605164,4569),(492,'Dallas Beeler',1,542923,1),(493,'Lorenzo Cain',8,456715,2536),(494,'Bronson Arroyo',1,276520,566),(495,'Drake Britton',1,518493,3730),(496,'Wei-Yin Chen',1,612672,4522),(497,'Orlando Calixte',6,593525,NULL),(498,'Socrates Brito',8,593647,NULL),(499,'Steve Clevenger',2,502182,2403),(500,'Louis Coleman',1,488786,3577),(501,'Enrique Burgos',1,542609,NULL),(502,'Welington Castillo',2,456078,2198),(503,'Alejandro De Aza',7,457477,1663),(504,'Tim Collins',1,525768,3454),(505,'Trevor Cahill',1,502239,2324),(506,'Christian Colon',6,518568,3578),(507,'Oliver Drake',1,543118,NULL),(508,'Andrew Chafin',1,605177,1),(509,'Starlin Castro',6,516770,2808),(510,'Cheslor Cuthbert',5,596144,4163),(511,'Ryan Flaherty',5,475247,3145),(512,'Josh Collmenter',1,518567,3552),(513,'Wade Davis',1,451584,1875),(514,'Chris Coghlan',7,458085,2242),(515,'Eddie Gamboa',1,543195,NULL),(516,'Patrick Corbin',1,571578,3787),(517,'Danny Duffy',1,518633,3576),(518,'Chris Denorfia',9,456121,1298),(519,'Jason Garcia',1,592329,NULL),(520,'Rubby De La Rosa',1,523989,3513),(521,'Jarrod Dyson',8,502481,2822),(522,'Felix Doubront',1,467094,2336),(523,'Kevin Gausman',1,592332,5164),(524,'Alcides Escobar',6,444876,2042),(525,'C.J. Edwards',1,605218,NULL),(526,'Miguel Gonzalez',1,456068,2124),(527,'Randall Delgado',1,517414,3555),(528,'Brandon Finnegan',1,605232,NULL),(529,'Dexter Fowler',8,451594,2068),(530,'J.J. Hardy',6,429666,973),(531,'Brian Flynn',1,543169,5168),(532,'Justin Grimm',1,518748,4229),(533,'Brandon Drury',5,592273,NULL),(534,'Alex Hassan',9,572910,3196),(535,'Paul Goldschmidt',3,502671,3486),(536,'Jason Frasor',1,430630,996),(537,'Jason Hammel',1,434628,1332),(538,'Tommy Hunter',1,488984,2011),(539,'Tuffy Gosewisch',2,488912,2219),(540,'Reymond Fuentes',7,571681,3753),(541,'Ubaldo Jimenez',1,434622,1494),(542,'Kyle Hendricks',1,543294,5676),(543,'Jeremy Hellickson',1,476451,2882),(544,'Adam Jones',8,430945,1418),(545,'David Hernandez',1,456696,2328),(546,'Alex Gordon',7,460086,1578),(547,'Edwin Jackson',1,429719,946),(548,'Caleb Joseph',2,543376,2826),(549,'Oscar Hernandez',2,591712,NULL),(550,'Terrance Gore',7,605253,NULL),(551,'David Lough',7,518953,2916),(552,'Aaron Hill',4,431094,1125),(553,'Eric Jokisch',1,518852,NULL),(554,'Manny Machado',5,592518,3559),(555,'Jandel Gustave',1,594311,NULL),(556,'Daniel Hudson',1,543339,2704),(557,'Tommy La Stella',4,600303,4695),(558,'Jeremy Guthrie',1,425386,818),(559,'Junior Lake',7,516809,3132),(560,'Brian Matusz',1,451085,2257),(561,'Ender Inciarte',8,542255,3806),(562,'Kelvin Herrera',1,516969,4499),(563,'Jon Lester',1,452657,1403),(564,'T.J. McFarland',1,519008,5177),(565,'Luke Hochevar',1,460024,1585),(566,'Jake Lamb',5,571875,5239),(567,'Rafael Lopez',2,607257,NULL),(568,'Rey Navarro',6,519071,NULL),(569,'Greg Holland',1,518813,3384),(570,'Miguel Montero',2,471083,1466),(571,'Will Locante',1,605342,NULL),(572,'Eric Hosmer',3,543333,3452),(573,'Jason Motte',1,435400,2072),(574,'Bud Norris',1,502032,2692),(575,'Evan Marshall',1,605359,4575),(576,'Darren O\'Day',1,503285,1901),(577,'Mike Olt',5,592609,3690),(578,'Omar Infante',4,408299,806),(579,'Kevin Munson',1,576409,NULL),(580,'Jimmy Paredes',5,517370,3086),(581,'Vidal Nuno',1,573064,5202),(582,'Joseph Ortiz',1,517451,3927),(583,'Erik Kratz',2,456124,2495),(584,'Steve Pearce',7,456665,1803),(585,'Chris Owings',6,572008,3310),(586,'Blake Parker',1,453284,2893),(587,'Jonathan Schoop',4,570731,4461),(588,'Cliff Pennington',6,460060,2023),(589,'John Lamb',1,543424,3453),(590,'Travis Snider',9,501983,2001),(591,'Neil Ramirez',1,519166,3614),(592,'David Peralta',8,444482,5890),(593,'Michael Mariot',1,592527,4895),(594,'Chris Tillman',1,501957,2691),(595,'Anthony Rizzo',3,519203,3215),(596,'Kris Medlen',1,450665,2676),(597,'Henry Urrutia',10,625329,5594),(598,'Oliver Perez',1,424144,775),(599,'Hector Rondon',1,444468,2359),(600,'Kendrys Morales',3,434778,1123),(601,'Logan Verrett',1,548337,NULL),(602,'David Ross',2,424325,783),(603,'Mike Moustakas',5,519058,2820),(604,'A.J. Pollock',8,572041,3107),(605,'Zac Rosscup',1,573127,4082),(606,'Christian Walker',3,572233,NULL),(607,'Paulo Orlando',9,449181,NULL),(608,'Brian Schlitter',1,489295,3121),(609,'Robbie Ray',1,592662,4651),(610,'Ryan Webb',1,444436,2308),(611,'Francisco Pena',2,506747,2919),(612,'Jorge Soler',9,624585,5048),(613,'Salvador Perez',2,521692,3590),(614,'Matt Wieters',2,446308,2122),(615,'Addison Reed',1,592665,3979),(616,'Pedro Strop',1,467008,2604),(617,'Yohan Pino',1,464416,1),(618,'Matt Reynolds',1,519186,2996),(619,'Tyler Wilson',1,592869,NULL),(620,'Ryan Sweeney',8,435220,1459),(621,'Alex Rios',9,425567,954),(622,'Cody Ross',7,425496,845),(623,'Matt Szczur',8,519333,3816),(624,'Mike Wright',1,605541,NULL),(625,'Jason Vargas',1,450306,1242),(626,'A.J. Schugel',1,519263,NULL),(627,'Jacob Turner',1,545363,2914),(628,'Yordano Ventura',1,570649,4350),(629,'Matt Stites',1,592781,1),(630,'Wesley Wright',1,449079,1851),(631,'Christian Villanueva',5,570799,4347),(632,'Edinson Volquez',1,450172,1277),(633,'Yasmany Tomas',5,630111,NULL),(634,'Tsuyoshi Wada',1,493159,4516),(635,'Mark Trumbo',7,444432,2132),(636,'Delmon Young',7,430321,1112),(637,'Cristhian Adames',6,542436,4141),(638,'Allen Webster',1,543903,3581),(639,'Jose Alvarez',1,501625,4574),(640,'Travis Wood',1,475243,2891),(641,'Tyler Anderson',1,542881,NULL),(642,'Brad Ziegler',1,446899,1957),(643,'Erick Aybar',6,430947,1363),(644,'Dario Alvarez',1,516714,NULL),(645,'Pedro Alvarez',5,476883,2269),(646,'Jett Bandy',2,542908,NULL),(647,'Nolan Arenado',5,571448,3734),(648,'Vic Black',1,502195,4240),(649,'Antonio Bastardo',1,455374,2374),(650,'Cam Bedrosian',1,592135,4195),(651,'Brandon Barnes',9,488681,3149),(652,'A.J. Burnett',1,150359,491),(653,'Drew Butera',2,460077,2167),(654,'Eric Campbell',3,493472,3640),(655,'Christian Bergman',1,548357,5773),(656,'Arquimedes Caminero',1,491708,3438),(657,'Kole Calhoun',9,594777,3898),(658,'Bartolo Colon',1,112526,293),(659,'Chad Bettis',1,518452,4197),(660,'Collin Cowgill',9,518577,2857),(661,'Francisco Cervelli',2,465041,2089),(662,'Michael Cuddyer',9,150212,627),(663,'Charlie Blackmon',9,453568,3546),(664,'C.J. Cron',3,543068,4631),(665,'Travis d\'Arnaud',2,518595,2984),(666,'Rex Brothers',1,571521,3545),(667,'Gerrit Cole',1,543037,4554),(668,'Taylor Featherston',4,605227,NULL),(669,'Brooks Brown',1,453156,1),(670,'Jacob deGrom',1,594798,5295),(671,'Eddie Butler',1,572750,5330),(672,'David Freese',5,501896,2224),(673,'Matt den Dekker',8,544925,3662),(674,'Jhoulys Chacin',1,468504,2422),(675,'Brandon Cumpton',1,592238,5588),(676,'Johnny Giavotella',4,543213,3591),(677,'Lucas Duda',3,446263,3392),(678,'Tyler Chatwood',1,543022,2952),(679,'Jaff Decker',7,543094,3732),(680,'Grant Green',7,502205,2776),(681,'Josh Edgin',1,572831,4675),(682,'Elias Diaz',2,553869,NULL),(683,'Charlie Culberson',5,518586,2585),(684,'Josh Hamilton',7,285078,650),(685,'Jeurys Familia',1,544727,4168),(686,'Pedro Florimon',6,465753,2730),(687,'Andrew Heaney',1,571760,5169),(688,'Jorge De La Rosa',1,407822,971),(689,'Wilmer Flores',6,527038,3024),(690,'Willy Garcia',9,591994,NULL),(691,'Chris Iannetta',2,455104,1447),(692,'Daniel Descalso',4,518614,2844),(693,'Dillon Gee',1,518716,2407),(694,'Alen Hanson',6,593700,5050),(695,'Matt Joyce',7,459964,1933),(696,'Jairo Diaz',1,545064,NULL),(697,'Sean Gilmartin',1,543219,NULL),(698,'Josh Harrison',5,543281,4070),(699,'Kyle Kubitza',5,605323,NULL),(700,'Corey Dickerson',7,572816,4165),(701,'Erik Goeddel',1,592340,4221),(702,'Corey Hart',9,430611,1013),(703,'Jeremy McBryde',1,489096,NULL),(704,'Christian Friedrich',1,543184,2995),(705,'Curtis Granderson',9,434158,1103),(706,'John Holdzkom',1,458720,NULL),(707,'Mike Morin',1,573046,5446),(708,'Carlos Gonzalez',7,471865,1600),(709,'Matt Harvey',1,518774,3686),(710,'Jared Hughes',1,453172,4033),(711,'Efren Navarro',3,519068,2862),(712,'David Hale',1,571735,5095),(713,'Dilson Herrera',4,599096,1),(714,'Jung Ho Kang',6,628356,NULL),(715,'Carlos Perez',2,542208,NULL),(716,'LaTroy Hawkins',1,115629,177),(717,'Juan Lagares',8,501571,3895),(718,'Nick Kingham',1,592468,NULL),(719,'Vinnie Pestano',1,502260,3407),(720,'Rosell Herrera',6,594011,1),(721,'Jack Leathersich',1,605333,NULL),(722,'Bobby LaFromboise',1,489039,5565),(723,'Albert Pujols',3,405395,613),(724,'Nick Hundley',2,460026,1991),(725,'Steven Matz',1,571927,1),(726,'Cesar Ramos',1,459987,2232),(727,'Andrew Lambo',7,518911,3104),(728,'Tommy Kahnle',1,592454,4341),(729,'John Mayberry Jr.',7,460055,2317),(730,'Cory Rasmus',1,474284,4457),(731,'Francisco Liriano',1,434538,1145),(732,'Kyle Kendrick',1,452718,1729),(733,'Cory Mazzoni',1,543508,NULL),(734,'Danny Reynolds',1,572066,NULL),(735,'Radhames Liz',1,467785,NULL),(736,'DJ LeMahieu',4,518934,3188),(737,'Jenrry Mejia',1,516769,2929),(738,'Garrett Richards',1,572070,3344),(739,'Jeff Locke',1,502046,3530),(740,'Boone Logan',1,457429,1337),(741,'Rafael Montero',1,606160,5125),(742,'Daniel Robertson',7,543706,1),(743,'Starling Marte',7,516782,3274),(744,'Jordan Lyles',1,543475,3523),(745,'Akeel Morris',1,592570,NULL),(746,'Drew Rucinski',1,607968,1),(747,'Andrew McCutchen',8,457705,1643),(748,'Tyler Matzek',1,554431,3737),(749,'Daniel Murphy',4,502517,2013),(750,'Josh Rutledge',4,592710,4620),(751,'Mark Melancon',1,453343,2174),(752,'Michael McKenry',2,502374,2917),(753,'Jon Niese',1,477003,2057),(754,'Fernando Salas',1,477569,3053),(755,'Jordy Mercer',6,474568,3093),(756,'Justin Morneau',3,408047,825),(757,'Kirk Nieuwenhuis',8,543590,2901),(758,'Hector Santiago',1,502327,3167),(759,'Charlie Morton',1,450203,1970),(760,'Bobby Parnell',1,458730,2058),(761,'Adam Ottavino',1,493603,2228),(762,'Matt Shoemaker',1,533167,4532),(763,'Stolmy Pimentel',1,516935,3573),(764,'Cesar Puello',9,527049,3761),(765,'Kyle Parker',9,592621,4426),(766,'Tyler Skaggs',1,572140,3693),(767,'Gregory Polanco',9,570256,5447),(768,'Anthony Recker',2,489232,2609),(769,'Ben Paulsen',3,572019,1),(770,'Joe Smith',1,501925,1664),(771,'Sean Rodriguez',4,446481,1918),(772,'Hansel Robles',1,570663,5163),(773,'Jorge Rondon',1,504083,5149),(774,'Huston Street',1,434718,1113),(775,'Casey Sadler',1,594987,5610),(776,'Noah Syndergaard',1,592789,4209),(777,'Nick Tropeano',1,607374,5673),(778,'Wilin Rosario',2,501647,2491),(779,'Tony Sanchez',2,506997,2972),(780,'Ruben Tejada',6,514913,2568),(781,'Chris Rusin',1,543734,4460),(782,'Mike Trout',8,545361,3280),(783,'Rob Scahill',1,543746,4398),(784,'Carlos Torres',1,448614,2602),(785,'Drew Stubbs',8,453211,2210),(786,'Jered Weaver',1,450308,1331),(787,'Justin Sellers',6,451088,2544),(788,'Wilfredo Tovar',4,541600,4667),(789,'Troy Tulowitzki',6,453064,1452),(790,'C.J. Wilson',1,450351,1214),(791,'Chris Stewart',2,455755,1458),(792,'Rafael Ynoa',5,501255,NULL),(793,'Zack Wheeler',1,554430,3740),(794,'Jayson Aquino',1,593969,1),(795,'Jameson Taillon',1,592791,3731),(796,'David Wright',5,431151,1044),(797,'Hanser Alberto',6,593643,NULL),(798,'Scott Barnes',1,488683,3223),(799,'Neil Walker',4,435522,2202),(800,'Gabriel Ynoa',1,593679,NULL),(801,'Jorge Alfaro',2,595751,4214),(802,'Jose Bautista',9,430832,961),(803,'Tony Watson',1,453265,3997),(804,'A.J. Achter',1,592091,NULL),(805,'Elvis Andrus',6,462101,2416),(806,'Mark Buehrle',1,279824,574),(807,'Vance Worley',1,474699,3382),(808,'Adrian Beltre',5,134181,386),(809,'Oswaldo Arcia',9,542455,3735),(810,'Brett Cecil',1,446399,2669),(811,'Matt Andriese',1,542882,NULL),(812,'Lisalverto Bonilla',1,570810,4860),(813,'Logan Darnell',1,592244,4164),(814,'Steve Delabar',1,447755,4493),(815,'Chris Archer',1,502042,3462),(816,'Robinson Chirinos',2,455139,2803),(817,'Brian Dozier',4,572821,3468),(818,'R.A. Dickey',1,285079,658),(819,'Grant Balfour',1,346797,688),(820,'Michael Choice',7,574831,4432),(821,'Brian Duensing',1,488846,1877),(822,'Josh Donaldson',5,518626,2197),(823,'Tim Beckham',4,542921,2515),(824,'Shin-Soo Choo',7,425783,1140),(825,'Eduardo Escobar',6,500871,3044),(826,'Kyle Drabek',1,475138,2985),(827,'Jeff Beliveau',1,542924,4511),(828,'Alex Claudio',1,592222,1),(829,'Casey Fien',1,502272,2148),(830,'Edwin Encarnacion',3,429665,969),(831,'Brad Boxberger',1,502202,3981),(832,'Carlos Corporan',2,449786,2161),(833,'Kyle Gibson',1,502043,3515),(834,'Marco Estrada',1,462136,2028),(835,'Yu Darvish',1,506433,4529),(836,'Ryan Brett',4,592166,NULL),(837,'J.R. Graham',1,543242,NULL),(838,'Ryan Goins',4,572365,3033),(839,'Asdrubal Cabrera',6,452678,1613),(840,'Chris Herrmann',9,543302,4471),(841,'Delino DeShields',8,592261,3842),(842,'Preston Guilmet',1,543258,4273),(843,'Curt Casali',2,592200,1),(844,'Aaron Hicks',8,543305,3726),(845,'Ross Detwiler',1,446321,1812),(846,'Matt Hague',3,518755,1),(847,'Phil Hughes',1,461833,1580),(848,'Alex Cobb',1,502171,3548),(849,'Jon Edwards',1,457754,1),(850,'Liam Hendriks',1,521230,4231),(851,'Alex Colome',1,517008,3728),(852,'Torii Hunter',9,116338,331),(853,'Jerad Eickhoff',1,595191,NULL),(854,'Drew Hutchison',1,571800,3950),(855,'David DeJesus',7,430203,942),(856,'Max Kepler',8,596146,4344),(857,'Neftali Feliz',1,491703,2424),(858,'Colt Hynes',1,518833,4042),(859,'Jose Dominguez',1,523848,5592),(860,'Joe Mauer',3,408045,824),(861,'Prince Fielder',3,425902,978),(862,'Maicer Izturis',4,430895,1077),(863,'Logan Forsythe',4,523253,2967),(864,'Kyuji Fujikawa',1,493117,5079),(865,'Trevor May',1,543507,3736),(866,'Chad Jenkins',1,554432,3004),(867,'Nick Franklin',6,545338,3064),(868,'Yovani Gallardo',1,451596,1592),(869,'Alex Meyer',1,543542,4649),(870,'A.J. Jimenez',2,543362,3512),(871,'Matt Harrison',1,457448,1867),(872,'Ernesto Frieri',1,457117,2281),(873,'Tommy Milone',1,543548,4186),(874,'Aaron Loup',1,571901,4883),(875,'Derek Holland',1,502706,2423),(876,'Ricky Nolasco',1,445060,1342),(877,'Grayson Garvin',1,543204,NULL),(878,'Russell Martin',2,431145,1268),(879,'Luke Jackson',1,592426,NULL),(880,'Eduardo Nunez',7,456488,2727),(881,'Steve Geltz',1,544993,NULL),(882,'Dioner Navarro',2,425900,967),(883,'Phil Klein',1,607309,1),(884,'Lester Oliveros',1,500902,NULL),(885,'Brandon Guyer',7,446386,3122),(886,'Colby Lewis',1,407890,1528),(887,'Daniel Norris',1,596057,1),(888,'Mike Pelfrey',1,460059,1415),(889,'Leonys Martin',8,547982,4066),(890,'John Jaso',2,444379,2071),(891,'Juan Pablo Oramas',1,517062,1),(892,'Glen Perkins',1,450282,1334),(893,'Nick Martinez',1,607259,5878),(894,'Desmond Jennings',8,457775,2869),(895,'Kevin Pillar',7,607680,5358),(896,'Josmil Pinto',2,500887,4325),(897,'Roman Mendez',1,542669,4223),(898,'Kevin Jepsen',1,448178,2081),(899,'Dalton Pompey',8,592647,NULL),(900,'Trevor Plouffe',5,461858,2171),(901,'Mitch Moreland',3,519048,2812),(902,'Nate Karns',1,501992,5101),(903,'Rob Rasmussen',1,519169,3476),(904,'Jorge Polanco',6,593871,5013),(905,'Rougned Odor',4,596059,4646),(906,'Kevin Kiermaier',9,595281,3933),(907,'Todd Redmond',1,445170,2352),(908,'Ryan Pressly',1,519151,5564),(909,'Spencer Patton',1,607359,NULL),(910,'Hak-Ju Lee',6,573349,3151),(911,'Jose Reyes',6,408314,850),(912,'Stephen Pryor',1,543668,4395),(913,'James Loney',3,425766,1346),(914,'Martin Perez',1,527048,3560),(915,'Aaron Sanchez',1,592717,3727),(916,'Evan Longoria',5,446334,1581),(917,'Eddie Rosario',8,592696,4417),(918,'Jurickson Profar',4,595777,3579),(919,'Michael Saunders',9,459431,2689),(920,'Mikie Mahtook',8,543484,NULL),(921,'Miguel Sano',5,593934,3733),(922,'Anthony Ranaudo',1,519168,3687),(923,'Bo Schultz',1,544759,4943),(924,'Jake McGee',1,459429,1876),(925,'Danny Santana',6,542454,3871),(926,'Justin Smoak',3,475253,2469),(927,'Adam Rosales',3,489267,2019),(928,'Mike Montgomery',1,543557,3554),(929,'Ervin Santana',1,429722,1191),(930,'Marcus Stroman',1,573186,5314),(931,'Ryan Rua',8,607387,1),(932,'Matt Moore',1,519043,3561),(933,'Jordan Schafer',7,457788,1884),(934,'Ryan Tepera',1,572193,NULL),(935,'Justin O\'Conner',2,592604,NULL),(936,'Tanner Scheppers',1,489294,2814),(937,'Tim Stauffer',1,431162,1141),(938,'Josh Thole',2,489365,2482),(939,'Jake Odorizzi',1,543606,4136),(940,'Jake Smolinski',7,519295,1),(941,'Kurt Suzuki',2,435559,1728),(942,'Steve Tolleson',4,476270,2168),(943,'C.J. Riefenhauser',1,592677,5014),(944,'Caleb Thielbar',1,573204,4928),(945,'Tomas Telis',2,542513,1),(946,'Danny Valencia',5,502143,2169),(947,'Rene Rivera',2,425784,1105),(948,'Aaron Thompson',1,457744,1),(949,'Nick Tepesch',1,519344,5196),(950,'Matt West',1,519411,4508),(951,'Enny Romero',1,544836,4415),(952,'Shawn Tolleson',1,474521,4360),(953,'Michael Tonkin',1,543859,5088),(954,'Burch Smith',1,572143,5583),(955,'Kennys Vargas',3,573627,5507),(956,'Jose Abreu',3,547989,5600),(957,'Aaron Altherr',8,571437,4215),(958,'Drew Smyly',1,592767,4290),(959,'Jason Wheeler',1,605528,NULL),(960,'Gordon Beckham',4,493596,2385),(961,'Elvis Araujo',1,542587,NULL),(962,'Steven Souza Jr.',9,519306,3029),(963,'Emilio Bonifacio',4,466988,1798),(964,'Zoilo Almonte',7,501660,3957),(965,'Cody Asche',5,605125,5131),(966,'Kirby Yates',1,489446,5117),(967,'Rob Brantly',2,542963,3597),(968,'Luis Avilan',1,501593,3953),(969,'Phillippe Aumont',1,518418,2599),(970,'Henderson Alvarez',1,506693,3509),(971,'Melky Cabrera',7,466320,1238),(972,'Manny Banuelos',1,544365,3585),(973,'Jesse Biddle',1,592145,4238),(974,'Jeff Baker',4,425557,819),(975,'Maikel Cleto',1,521055,3426),(976,'Christian Bethancourt',2,542194,4234),(977,'Chad Billingsley',1,451532,1328),(978,'Justin Bour',3,571506,3941),(979,'John Danks',1,433579,1574),(980,'Mauricio Cabrera',1,606291,NULL),(981,'Domonic Brown',7,502126,2783),(982,'Carter Capps',1,605169,4957),(983,'Matt Davidson',5,571602,3610),(984,'Alberto Callaspo',4,430948,1435),(985,'David Buchanan',1,571527,5785),(986,'Zach Duke',1,435043,1151),(987,'Steve Cishek',1,518553,3404),(988,'Brandon Cunniff',1,594792,NULL),(989,'Jordan Danks',8,458668,2807),(990,'Adam Eaton',8,594809,4557),(991,'Preston Claiborne',1,502011,4791),(992,'Todd Cunningham',8,592239,3699),(993,'Justin De Fratus',1,518603,3435),(994,'Raul Fernandez',1,542439,1),(995,'Mike Foltynewicz',1,592314,4293),(996,'Adam Conley',1,543045,NULL),(997,'Jake Diekman',1,518617,4654),(998,'Tyler Flowers',2,452095,2432),(999,'Freddie Freeman',3,518692,2487),(1000,'Jarred Cosart',1,543054,3558),(1001,'Kelly Dugan',9,571633,4262),(1002,'Avisail Garcia',9,541645,3146),(1003,'Yean Carlos Gil',1,593479,NULL),(1004,'Aaron Crow',1,543070,2871),(1005,'Maikel Franco',5,596748,4639),(1006,'Leury Garcia',4,544725,3067),(1007,'Jonny Gomes',7,430404,947),(1008,'Grant Dayton',1,594795,5167),(1009,'Freddy Galvis',4,520471,2782),(1010,'Onelki Garcia',1,607162,5273),(1011,'Phil Gosselin',4,594838,3694),(1012,'Derek Dietrich',4,518618,4259),(1013,'Luis Garcia',1,472610,5593),(1014,'Conor Gillaspie',5,543216,2079),(1015,'Jason Grilli',1,276351,555),(1016,'Mike Dunn',1,445197,2351),(1017,'Ken Giles',1,571704,5261),(1018,'Javy Guerra',1,457915,2881),(1019,'Sam Dyson',1,473879,5049),(1020,'Miguel Alfredo Gonzalez',1,646057,5596),(1021,'Juan Jaime',1,462089,2769),(1022,'Dan Jennings',1,543359,2943),(1023,'Jose Fernandez',1,605228,5058),(1024,'Cole Hamels',1,430935,1148),(1025,'Tyrell Jenkins',1,592433,NULL),(1026,'Erik Johnson',1,605304,4652),(1027,'Aaron Harang',1,421685,771),(1028,'Kendry Flores',1,572309,4268),(1029,'Chris Johnson',5,453400,2212),(1030,'Nate Jones',1,518858,3600),(1031,'Cesar Hernandez',5,514917,3593),(1032,'Dee Gordon',4,543829,3143),(1033,'Adam LaRoche',3,425560,953),(1034,'Odubel Herrera',4,546318,NULL),(1035,'Jim Johnson',1,462382,1429),(1036,'Brad Hand',1,543272,3539),(1037,'Francelis Montas',1,593423,NULL),(1038,'Mario Hollands',1,571786,4324),(1039,'Dan Haren',1,429717,902),(1040,'Craig Kimbrel',1,518886,3056),(1041,'Adrian Nieto',2,543589,5502),(1042,'Ryan Howard',3,429667,1083),(1043,'Adeiny Hechavarria',6,588751,3511),(1044,'Nick Markakis',9,455976,1330),(1045,'Hector Noesi',1,456051,2878),(1046,'Tommy Joseph',2,571830,4468),(1047,'Tom Koehler',1,543408,3541),(1048,'Shelby Miller',1,571946,3161),(1049,'Jake Petricka',1,502593,4316),(1050,'Cliff Lee',1,424324,811),(1051,'Mat Latos',1,502009,2490),(1052,'Mike Minor',1,501985,3021),(1053,'Zach Putnam',1,474029,2855),(1054,'Ethan Martin',1,543495,3197),(1055,'Josh Outman',1,489189,2067),(1056,'Jeff Mathis',2,425772,984),(1057,'Jose Quintana',1,500779,4581),(1058,'Adam Morgan',1,605388,NULL),(1059,'Jose Peraza',4,606299,NULL),(1060,'Andrew McKirahan',1,605374,NULL),(1061,'Alexei Ramirez',6,493351,1863),(1062,'Hector Neris',1,593576,1),(1063,'Eury Perez',8,516811,3759),(1064,'Bryan Morris',1,457768,2873),(1065,'David Robertson',1,502085,1983),(1066,'Nefi Ogando',1,596331,NULL),(1067,'Williams Perez',1,554234,NULL),(1068,'Michael Morse',3,434604,1206),(1069,'Tyler Saladino',6,573135,NULL),(1070,'Andy Oliver',1,501989,3187),(1071,'Jace Peterson',4,607054,4805),(1072,'Justin Nicolino',1,592593,4187),(1073,'Chris Sale',1,519242,3387),(1074,'Jonathan Papelbon',1,449097,1255),(1075,'A.J. Pierzynski',2,150229,404),(1076,'Marcell Ozuna',8,542303,4149),(1077,'Jeff Samardzija',1,502188,2009),(1078,'Jonathan Pettibone',1,543643,4323),(1079,'Elmer Reyes',6,554239,4458),(1080,'David Phelps',1,475479,3586),(1081,'Ben Revere',8,519184,2789),(1082,'Carlos Sanchez',6,570560,4744),(1083,'Martin Prado',5,445988,1357),(1084,'James Russell',1,460701,2980),(1085,'J.B. Shuck',7,543776,3164),(1086,'Joely Rodriguez',1,570257,1),(1087,'A.J. Ramos',1,573109,4579),(1088,'Andrelton Simmons',6,592743,4207),(1089,'Matt Ramsey',1,543677,NULL),(1090,'Kevan Smith',2,607345,NULL),(1091,'Darin Ruf',7,573131,3958),(1092,'Shae Simmons',1,623406,5641),(1093,'J.T. Realmuto',2,592663,4653),(1094,'Carlos Ruiz',2,434563,1376),(1095,'Julio Teheran',1,527054,3553),(1096,'Eric Surkamp',1,474668,4274),(1097,'Andre Rienzo',1,516589,4408),(1098,'Cameron Rupp',2,519237,4285),(1099,'Joey Terdoslavich',9,519345,3696),(1100,'Trayce Thompson',8,572204,3166),(1101,'Miguel Rojas',6,500743,3225),(1102,'Grady Sizemore',7,429713,956),(1103,'Ian Thomas',1,621962,5642),(1104,'Jarrod Saltalamacchia',2,457454,1605),(1105,'Chase Utley',4,400284,828),(1106,'Daniel Webb',1,543900,4210),(1107,'Dian Toscano',7,661281,NULL),(1108,'Donovan Solano',4,456781,2574),(1109,'Jerome Williams',1,425532,734),(1110,'B.J. Upton',8,425834,1011),(1111,'Andy Wilkins',3,519421,NULL),(1112,'Giancarlo Stanton',9,519317,2971),(1113,'Michael Blazek',1,518468,5091),(1114,'Arodys Vizcaino',1,527055,3549),(1115,'Michael Ynoa',1,573589,4246),(1116,'Ichiro Suzuki',9,400085,609),(1117,'Ryan Braun',9,460075,1659),(1118,'Daniel Winkler',1,595465,NULL),(1119,'Jose Urena',1,570632,1),(1120,'Jonathan Broxton',1,455009,1254),(1121,'Alex Wood',1,622072,5114),(1122,'Tyler Austin',9,592122,4637),(1123,'Christian Yelich',7,592885,3756),(1124,'Juan Centeno',2,518542,3930),(1125,'Carlos Beltran',9,136860,413),(1126,'Matt Clark',3,518558,NULL),(1127,'Dellin Betances',1,476454,3584),(1128,'Neal Cotts',1,425840,923),(1129,'Danny Burawa',1,592181,NULL),(1130,'Khris Davis',7,501981,3964),(1131,'Chris Capuano',1,425626,881),(1132,'Mike Fiers',1,571666,3199),(1133,'David Carpenter',1,502304,3415),(1134,'Matt Garza',1,490063,1427),(1135,'Jose De Paula',1,517059,4258),(1136,'Scooter Gennett',4,571697,3644),(1137,'Stephen Drew',4,452220,1204),(1138,'David Goforth',1,592341,NULL),(1139,'Jacoby Ellsbury',8,453056,1579),(1140,'Carlos Gomez',8,460576,1697),(1141,'Nathan Eovaldi',1,543135,3643),(1142,'Hector Gomez',6,467143,NULL),(1143,'Ramon Flores',9,570717,4098),(1144,'Brooks Hall',1,571736,1),(1145,'Brett Gardner',7,458731,1985),(1146,'Johnny Hellweg',1,518782,4313),(1147,'Domingo German',1,593334,NULL),(1148,'Jim Henderson',1,449104,3638),(1149,'Didi Gregorius',6,544369,3859),(1150,'Jeremy Jeffress',1,502026,3393),(1151,'Chase Headley',5,452104,1735),(1152,'Luis Jimenez',5,499864,4446),(1153,'Garrett Jones',3,434540,1698),(1154,'Taylor Jungmann',1,543380,NULL),(1155,'Chris Martin',1,455119,5401),(1156,'Brandon Kintzler',1,445213,3400),(1157,'Brian McCann',2,435263,1212),(1158,'Corey Knebel',1,608349,5709),(1159,'Andrew Miller',1,453192,1449),(1160,'Adam Lind',3,452252,1460),(1161,'Bryan Mitchell',1,571951,4383),(1162,'Kyle Lohse',1,346798,682),(1163,'John Ryan Murphy',2,571974,3963),(1164,'Jonathan Lucroy',2,518960,2816),(1165,'Ivan Nova',1,467100,2746),(1166,'Martin Maldonado',2,455117,2811),(1167,'Branden Pinder',1,572038,NULL),(1168,'Jimmy Nelson',1,519076,5234),(1169,'Michael Pineda',1,501381,3381),(1170,'Gerardo Parra',9,467827,2420),(1171,'Jose Pirela',4,517369,NULL),(1172,'Wily Peralta',1,503449,3604),(1173,'Shane Peterson',7,451089,3865),(1174,'Alex Rodriguez',5,121347,161),(1175,'Aramis Ramirez',5,133380,375),(1176,'Esmil Rogers',1,469134,2292),(1177,'Yadiel Rivera',6,592680,NULL),(1178,'Austin Romine',2,519222,2182),(1179,'Jason Rogers',5,595386,1),(1180,'Brendan Ryan',6,453895,1718),(1181,'Luis Sardinas',6,596143,4400),(1182,'CC Sabathia',1,282332,601),(1183,'Logan Schafer',9,502582,2810),(1184,'Gary Sanchez',2,596142,3557),(1185,'Chasen Shreve',1,592741,1),(1186,'Jean Segura',6,516416,3499),(1187,'Will Smith',1,519293,4026),(1188,'Masahiro Tanaka',1,547888,5655),(1189,'Michael Strong',1,572175,NULL),(1190,'Mark Teixeira',3,407893,703),(1191,'Tyler Thornburg',1,592804,4361),(1192,'Adam Warren',1,476589,3563),(1193,'Wei-Chung Wang',1,623913,5622),(1194,'Chase Whitley',1,595032,4332),(1195,'Rob Wooten',1,543942,4910),(1196,'Mason Williams',8,592863,4322),(1197,'Justin Wilson',1,458677,3485),(1198,'Chris Young',7,455759,1358);
/*!40000 ALTER TABLE `PLAYER` ENABLE KEYS */;
UNLOCK TABLES;

--
-- Table structure for table `PLAYERHISTORY`
--

DROP TABLE IF EXISTS `PLAYERHISTORY`;
/*!40101 SET @saved_cs_client     = @@character_set_client */;
/*!40101 SET character_set_client = utf8 */;
CREATE TABLE `PLAYERHISTORY` (
  `playerId` bigint(20) NOT NULL,
  `season` int(11) NOT NULL,
  `salary` int(11) NOT NULL,
  `keeperSeason` int(11) DEFAULT '0',
  `minorLeaguer` tinyint(1) DEFAULT NULL,
  `draftTeamId` int(11) DEFAULT NULL,
  `keeperTeamId` int(11) DEFAULT NULL,
  PRIMARY KEY (`playerId`,`season`),
  KEY `draftTeamId` (`draftTeamId`),
  KEY `keeperTeamId` (`keeperTeamId`),
  CONSTRAINT `playerhistory_ibfk_1` FOREIGN KEY (`playerId`) REFERENCES `PLAYER` (`playerId`),
  CONSTRAINT `playerhistory_ibfk_2` FOREIGN KEY (`draftTeamId`) REFERENCES `TEAM` (`teamId`),
  CONSTRAINT `playerhistory_ibfk_3` FOREIGN KEY (`keeperTeamId`) REFERENCES `TEAM` (`teamId`)
) ENGINE=InnoDB DEFAULT CHARSET=latin1;
/*!40101 SET character_set_client = @saved_cs_client */;

--
-- Dumping data for table `PLAYERHISTORY`
--

LOCK TABLES `PLAYERHISTORY` WRITE;
/*!40000 ALTER TABLE `PLAYERHISTORY` DISABLE KEYS */;
/*!40000 ALTER TABLE `PLAYERHISTORY` ENABLE KEYS */;
UNLOCK TABLES;

--
-- Table structure for table `PLAYERSTATUS`
--

DROP TABLE IF EXISTS `PLAYERSTATUS`;
/*!40101 SET @saved_cs_client     = @@character_set_client */;
/*!40101 SET character_set_client = utf8 */;
CREATE TABLE `PLAYERSTATUS` (
  `playerStatusCode` varchar(10) NOT NULL,
  `playerStatusName` varchar(20) NOT NULL,
  PRIMARY KEY (`playerStatusCode`)
) ENGINE=InnoDB DEFAULT CHARSET=latin1;
/*!40101 SET character_set_client = @saved_cs_client */;

--
-- Dumping data for table `PLAYERSTATUS`
--

LOCK TABLES `PLAYERSTATUS` WRITE;
/*!40000 ALTER TABLE `PLAYERSTATUS` DISABLE KEYS */;
INSERT INTO `PLAYERSTATUS` VALUES ('A','ACTIVE'),('B','BENCH'),('DL','DISABLED LIST'),('ML','MINOR LEAGUES'),('SUSP','SUSPENDED');
/*!40000 ALTER TABLE `PLAYERSTATUS` ENABLE KEYS */;
UNLOCK TABLES;

--
-- Table structure for table `PLAYERTOTEAM`
--

DROP TABLE IF EXISTS `PLAYERTOTEAM`;
/*!40101 SET @saved_cs_client     = @@character_set_client */;
/*!40101 SET character_set_client = utf8 */;
CREATE TABLE `PLAYERTOTEAM` (
  `playerId` bigint(20) NOT NULL DEFAULT '0',
  `gameDate` date NOT NULL,
  `fantasyTeamId` int(11) DEFAULT NULL,
  `mlbTeamId` int(11) DEFAULT NULL,
  `fantasyPlayerStatusCode` varchar(10) DEFAULT NULL,
  `mlbPlayerStatusCode` varchar(10) DEFAULT NULL,
  `fantasyPositionId` int(11) DEFAULT NULL,
  PRIMARY KEY (`playerId`,`gameDate`),
  KEY `fantasyTeamId` (`fantasyTeamId`),
  KEY `mlbTeamId` (`mlbTeamId`),
  KEY `fantasyPlayerStatusCode` (`fantasyPlayerStatusCode`),
  KEY `mlbPlayerStatusCode` (`mlbPlayerStatusCode`),
  KEY `fantasyPositionId` (`fantasyPositionId`),
  CONSTRAINT `playertoteam_ibfk_1` FOREIGN KEY (`playerId`) REFERENCES `PLAYER` (`playerId`),
  CONSTRAINT `playertoteam_ibfk_2` FOREIGN KEY (`fantasyTeamId`) REFERENCES `TEAM` (`teamId`),
  CONSTRAINT `playertoteam_ibfk_3` FOREIGN KEY (`mlbTeamId`) REFERENCES `TEAM` (`teamId`),
  CONSTRAINT `playertoteam_ibfk_4` FOREIGN KEY (`fantasyPlayerStatusCode`) REFERENCES `PLAYERSTATUS` (`playerStatusCode`),
  CONSTRAINT `playertoteam_ibfk_5` FOREIGN KEY (`mlbPlayerStatusCode`) REFERENCES `PLAYERSTATUS` (`playerStatusCode`),
  CONSTRAINT `playertoteam_ibfk_6` FOREIGN KEY (`fantasyPositionId`) REFERENCES `POSITION` (`positionId`)
) ENGINE=InnoDB DEFAULT CHARSET=latin1;
/*!40101 SET character_set_client = @saved_cs_client */;

--
-- Dumping data for table `PLAYERTOTEAM`
--

LOCK TABLES `PLAYERTOTEAM` WRITE;
/*!40000 ALTER TABLE `PLAYERTOTEAM` DISABLE KEYS */;
INSERT INTO `PLAYERTOTEAM` VALUES (1,'2015-02-06',NULL,114,NULL,'A',NULL),(2,'2015-02-06',NULL,136,NULL,'A',NULL),(3,'2015-02-06',NULL,117,NULL,'A',NULL),(4,'2015-02-06',NULL,133,NULL,'A',NULL),(5,'2015-02-06',NULL,117,NULL,'A',NULL),(6,'2015-02-06',NULL,114,NULL,'A',NULL),(7,'2015-02-06',NULL,136,NULL,'A',NULL),(8,'2015-02-06',NULL,133,NULL,'A',NULL),(9,'2015-02-06',NULL,114,NULL,'A',NULL),(10,'2015-02-06',NULL,136,NULL,'A',NULL),(11,'2015-02-06',NULL,117,NULL,'A',NULL),(12,'2015-02-06',NULL,133,NULL,'A',NULL),(13,'2015-02-06',NULL,117,NULL,'A',NULL),(14,'2015-02-06',NULL,114,NULL,'A',NULL),(15,'2015-02-06',NULL,136,NULL,'A',NULL),(16,'2015-02-06',NULL,117,NULL,'A',NULL),(17,'2015-02-06',NULL,133,NULL,'A',NULL),(18,'2015-02-06',NULL,114,NULL,'A',NULL),(19,'2015-02-06',NULL,136,NULL,'A',NULL),(20,'2015-02-06',NULL,133,NULL,'A',NULL),(21,'2015-02-06',NULL,114,NULL,'A',NULL),(22,'2015-02-06',NULL,136,NULL,'A',NULL),(23,'2015-02-06',NULL,133,NULL,'A',NULL),(24,'2015-02-06',NULL,117,NULL,'A',NULL),(25,'2015-02-06',NULL,114,NULL,'A',NULL),(26,'2015-02-06',NULL,136,NULL,'A',NULL),(27,'2015-02-06',NULL,117,NULL,'A',NULL),(28,'2015-02-06',NULL,133,NULL,'A',NULL),(29,'2015-02-06',NULL,114,NULL,'A',NULL),(30,'2015-02-06',NULL,136,NULL,'A',NULL),(31,'2015-02-06',NULL,117,NULL,'A',NULL),(32,'2015-02-06',NULL,133,NULL,'A',NULL),(33,'2015-02-06',NULL,136,NULL,'A',NULL),(34,'2015-02-06',NULL,114,NULL,'A',NULL),(35,'2015-02-06',NULL,133,NULL,'A',NULL),(36,'2015-02-06',NULL,117,NULL,'A',NULL),(37,'2015-02-06',NULL,136,NULL,'A',NULL),(38,'2015-02-06',NULL,114,NULL,'A',NULL),(39,'2015-02-06',NULL,133,NULL,'A',NULL),(40,'2015-02-06',NULL,117,NULL,'A',NULL),(41,'2015-02-06',NULL,114,NULL,'A',NULL),(42,'2015-02-06',NULL,136,NULL,'A',NULL),(43,'2015-02-06',NULL,117,NULL,'A',NULL),(44,'2015-02-06',NULL,114,NULL,'A',NULL),(45,'2015-02-06',NULL,136,NULL,'A',NULL),(46,'2015-02-06',NULL,117,NULL,'A',NULL),(47,'2015-02-06',NULL,133,NULL,'A',NULL),(48,'2015-02-06',NULL,114,NULL,'A',NULL),(49,'2015-02-06',NULL,133,NULL,'A',NULL),(50,'2015-02-06',NULL,136,NULL,'A',NULL),(51,'2015-02-06',NULL,133,NULL,'A',NULL),(52,'2015-02-06',NULL,136,NULL,'A',NULL),(53,'2015-02-06',NULL,117,NULL,'A',NULL),(54,'2015-02-06',NULL,114,NULL,'A',NULL),(55,'2015-02-06',NULL,133,NULL,'A',NULL),(56,'2015-02-06',NULL,136,NULL,'A',NULL),(57,'2015-02-06',NULL,117,NULL,'A',NULL),(58,'2015-02-06',NULL,114,NULL,'A',NULL),(59,'2015-02-06',NULL,117,NULL,'A',NULL),(60,'2015-02-06',NULL,114,NULL,'A',NULL),(61,'2015-02-06',NULL,136,NULL,'A',NULL),(62,'2015-02-06',NULL,117,NULL,'A',NULL),(63,'2015-02-06',NULL,114,NULL,'A',NULL),(64,'2015-02-06',NULL,133,NULL,'A',NULL),(65,'2015-02-06',NULL,136,NULL,'A',NULL),(66,'2015-02-06',NULL,117,NULL,'A',NULL),(67,'2015-02-06',NULL,133,NULL,'A',NULL),(68,'2015-02-06',NULL,114,NULL,'A',NULL),(69,'2015-02-06',NULL,136,NULL,'A',NULL),(70,'2015-02-06',NULL,133,NULL,'A',NULL),(71,'2015-02-06',NULL,114,NULL,'A',NULL),(72,'2015-02-06',NULL,117,NULL,'A',NULL),(73,'2015-02-06',NULL,136,NULL,'A',NULL),(74,'2015-02-06',NULL,133,NULL,'A',NULL),(75,'2015-02-06',NULL,114,NULL,'A',NULL),(76,'2015-02-06',NULL,136,NULL,'A',NULL),(77,'2015-02-06',NULL,117,NULL,'A',NULL),(78,'2015-02-06',NULL,133,NULL,'A',NULL),(79,'2015-02-06',NULL,117,NULL,'A',NULL),(80,'2015-02-06',NULL,114,NULL,'A',NULL),(81,'2015-02-06',NULL,133,NULL,'A',NULL),(82,'2015-02-06',NULL,117,NULL,'A',NULL),(83,'2015-02-06',NULL,114,NULL,'A',NULL),(84,'2015-02-06',NULL,133,NULL,'A',NULL),(85,'2015-02-06',NULL,114,NULL,'A',NULL),(86,'2015-02-06',NULL,117,NULL,'A',NULL),(87,'2015-02-06',NULL,136,NULL,'A',NULL),(88,'2015-02-06',NULL,133,NULL,'A',NULL),(89,'2015-02-06',NULL,114,NULL,'A',NULL),(90,'2015-02-06',NULL,136,NULL,'A',NULL),(91,'2015-02-06',NULL,117,NULL,'A',NULL),(92,'2015-02-06',NULL,136,NULL,'A',NULL),(93,'2015-02-06',NULL,133,NULL,'A',NULL),(94,'2015-02-06',NULL,136,NULL,'A',NULL),(95,'2015-02-06',NULL,114,NULL,'A',NULL),(96,'2015-02-06',NULL,136,NULL,'A',NULL),(97,'2015-02-06',NULL,117,NULL,'A',NULL),(98,'2015-02-06',NULL,133,NULL,'A',NULL),(99,'2015-02-06',NULL,117,NULL,'A',NULL),(100,'2015-02-06',NULL,114,NULL,'A',NULL),(101,'2015-02-06',NULL,117,NULL,'A',NULL),(102,'2015-02-06',NULL,133,NULL,'A',NULL),(103,'2015-02-06',NULL,136,NULL,'A',NULL),(104,'2015-02-06',NULL,114,NULL,'A',NULL),(105,'2015-02-06',NULL,117,NULL,'A',NULL),(106,'2015-02-06',NULL,133,NULL,'A',NULL),(107,'2015-02-06',NULL,114,NULL,'A',NULL),(108,'2015-02-06',NULL,117,NULL,'A',NULL),(109,'2015-02-06',NULL,133,NULL,'A',NULL),(110,'2015-02-06',NULL,136,NULL,'A',NULL),(111,'2015-02-06',NULL,114,NULL,'A',NULL),(112,'2015-02-06',NULL,117,NULL,'A',NULL),(113,'2015-02-06',NULL,133,NULL,'A',NULL),(114,'2015-02-06',NULL,136,NULL,'A',NULL),(115,'2015-02-06',NULL,136,NULL,'A',NULL),(116,'2015-02-06',NULL,114,NULL,'A',NULL),(117,'2015-02-06',NULL,133,NULL,'A',NULL),(118,'2015-02-06',NULL,136,NULL,'A',NULL),(119,'2015-02-06',NULL,117,NULL,'A',NULL),(120,'2015-02-06',NULL,133,NULL,'A',NULL),(121,'2015-02-06',NULL,114,NULL,'A',NULL),(122,'2015-02-06',NULL,136,NULL,'A',NULL),(123,'2015-02-06',NULL,133,NULL,'A',NULL),(124,'2015-02-06',NULL,114,NULL,'A',NULL),(125,'2015-02-06',NULL,136,NULL,'A',NULL),(126,'2015-02-06',NULL,117,NULL,'A',NULL),(127,'2015-02-06',NULL,133,NULL,'A',NULL),(128,'2015-02-06',NULL,114,NULL,'A',NULL),(129,'2015-02-06',NULL,117,NULL,'A',NULL),(130,'2015-02-06',NULL,114,NULL,'A',NULL),(131,'2015-02-06',NULL,136,NULL,'A',NULL),(132,'2015-02-06',NULL,117,NULL,'A',NULL),(133,'2015-02-06',NULL,133,NULL,'A',NULL),(134,'2015-02-06',NULL,114,NULL,'A',NULL),(135,'2015-02-06',NULL,117,NULL,'A',NULL),(136,'2015-02-06',NULL,136,NULL,'A',NULL),(137,'2015-02-06',NULL,114,NULL,'A',NULL),(138,'2015-02-06',NULL,133,NULL,'A',NULL),(139,'2015-02-06',NULL,117,NULL,'A',NULL),(140,'2015-02-06',NULL,136,NULL,'A',NULL),(141,'2015-02-06',NULL,114,NULL,'A',NULL),(142,'2015-02-06',NULL,117,NULL,'A',NULL),(143,'2015-02-06',NULL,133,NULL,'A',NULL),(144,'2015-02-06',NULL,136,NULL,'A',NULL),(145,'2015-02-06',NULL,114,NULL,'A',NULL),(146,'2015-02-06',NULL,133,NULL,'A',NULL),(147,'2015-02-06',NULL,136,NULL,'A',NULL),(148,'2015-02-06',NULL,117,NULL,'A',NULL),(149,'2015-02-06',NULL,133,NULL,'A',NULL),(150,'2015-02-06',NULL,136,NULL,'A',NULL),(151,'2015-02-06',NULL,117,NULL,'A',NULL),(152,'2015-02-06',NULL,114,NULL,'A',NULL),(153,'2015-02-06',NULL,133,NULL,'A',NULL),(154,'2015-02-06',NULL,136,NULL,'A',NULL),(155,'2015-02-06',NULL,117,NULL,'A',NULL),(156,'2015-02-06',NULL,133,NULL,'A',NULL),(157,'2015-02-06',NULL,136,NULL,'A',NULL),(158,'2015-02-06',NULL,114,NULL,'A',NULL),(159,'2015-02-06',NULL,117,NULL,'A',NULL),(160,'2015-02-06',NULL,133,NULL,'A',NULL),(161,'2015-02-06',NULL,135,NULL,'A',NULL),(162,'2015-02-06',NULL,119,NULL,'A',NULL),(163,'2015-02-06',NULL,120,NULL,'A',NULL),(164,'2015-02-06',NULL,119,NULL,'A',NULL),(165,'2015-02-06',NULL,116,NULL,'A',NULL),(166,'2015-02-06',NULL,120,NULL,'A',NULL),(167,'2015-02-06',NULL,135,NULL,'A',NULL),(168,'2015-02-06',NULL,119,NULL,'A',NULL),(169,'2015-02-06',NULL,120,NULL,'A',NULL),(170,'2015-02-06',NULL,116,NULL,'A',NULL),(171,'2015-02-06',NULL,119,NULL,'A',NULL),(172,'2015-02-06',NULL,135,NULL,'A',NULL),(173,'2015-02-06',NULL,120,NULL,'A',NULL),(174,'2015-02-06',NULL,116,NULL,'A',NULL),(175,'2015-02-06',NULL,119,NULL,'A',NULL),(176,'2015-02-06',NULL,120,NULL,'A',NULL),(177,'2015-02-06',NULL,135,NULL,'A',NULL),(178,'2015-02-06',NULL,119,NULL,'A',NULL),(179,'2015-02-06',NULL,116,NULL,'A',NULL),(180,'2015-02-06',NULL,120,NULL,'A',NULL),(181,'2015-02-06',NULL,135,NULL,'A',NULL),(182,'2015-02-06',NULL,116,NULL,'A',NULL),(183,'2015-02-06',NULL,135,NULL,'A',NULL),(184,'2015-02-06',NULL,116,NULL,'A',NULL),(185,'2015-02-06',NULL,135,NULL,'A',NULL),(186,'2015-02-06',NULL,119,NULL,'A',NULL),(187,'2015-02-06',NULL,116,NULL,'A',NULL),(188,'2015-02-06',NULL,120,NULL,'A',NULL),(189,'2015-02-06',NULL,135,NULL,'A',NULL),(190,'2015-02-06',NULL,116,NULL,'A',NULL),(191,'2015-02-06',NULL,119,NULL,'A',NULL),(192,'2015-02-06',NULL,120,NULL,'A',NULL),(193,'2015-02-06',NULL,119,NULL,'A',NULL),(194,'2015-02-06',NULL,135,NULL,'A',NULL),(195,'2015-02-06',NULL,120,NULL,'A',NULL),(196,'2015-02-06',NULL,116,NULL,'A',NULL),(197,'2015-02-06',NULL,119,NULL,'A',NULL),(198,'2015-02-06',NULL,120,NULL,'A',NULL),(199,'2015-02-06',NULL,119,NULL,'A',NULL),(200,'2015-02-06',NULL,135,NULL,'A',NULL),(201,'2015-02-06',NULL,120,NULL,'A',NULL),(202,'2015-02-06',NULL,116,NULL,'A',NULL),(203,'2015-02-06',NULL,119,NULL,'A',NULL),(204,'2015-02-06',NULL,120,NULL,'A',NULL),(205,'2015-02-06',NULL,135,NULL,'A',NULL),(206,'2015-02-06',NULL,116,NULL,'A',NULL),(207,'2015-02-06',NULL,135,NULL,'A',NULL),(208,'2015-02-06',NULL,119,NULL,'A',NULL),(209,'2015-02-06',NULL,116,NULL,'A',NULL),(210,'2015-02-06',NULL,120,NULL,'A',NULL),(211,'2015-02-06',NULL,135,NULL,'A',NULL),(212,'2015-02-06',NULL,116,NULL,'A',NULL),(213,'2015-02-06',NULL,120,NULL,'A',NULL),(214,'2015-02-06',NULL,135,NULL,'A',NULL),(215,'2015-02-06',NULL,116,NULL,'A',NULL),(216,'2015-02-06',NULL,119,NULL,'A',NULL),(217,'2015-02-06',NULL,120,NULL,'A',NULL),(218,'2015-02-06',NULL,135,NULL,'A',NULL),(219,'2015-02-06',NULL,116,NULL,'A',NULL),(220,'2015-02-06',NULL,135,NULL,'A',NULL),(221,'2015-02-06',NULL,120,NULL,'A',NULL),(222,'2015-02-06',NULL,116,NULL,'A',NULL),(223,'2015-02-06',NULL,119,NULL,'A',NULL),(224,'2015-02-06',NULL,120,NULL,'A',NULL),(225,'2015-02-06',NULL,119,NULL,'A',NULL),(226,'2015-02-06',NULL,135,NULL,'A',NULL),(227,'2015-02-06',NULL,116,NULL,'A',NULL),(228,'2015-02-06',NULL,120,NULL,'A',NULL),(229,'2015-02-06',NULL,119,NULL,'A',NULL),(230,'2015-02-06',NULL,135,NULL,'A',NULL),(231,'2015-02-06',NULL,120,NULL,'A',NULL),(232,'2015-02-06',NULL,119,NULL,'A',NULL),(233,'2015-02-06',NULL,116,NULL,'A',NULL),(234,'2015-02-06',NULL,135,NULL,'A',NULL),(235,'2015-02-06',NULL,120,NULL,'A',NULL),(236,'2015-02-06',NULL,119,NULL,'A',NULL),(237,'2015-02-06',NULL,116,NULL,'A',NULL),(238,'2015-02-06',NULL,135,NULL,'A',NULL),(239,'2015-02-06',NULL,116,NULL,'A',NULL),(240,'2015-02-06',NULL,119,NULL,'A',NULL),(241,'2015-02-06',NULL,120,NULL,'A',NULL),(242,'2015-02-06',NULL,135,NULL,'A',NULL),(243,'2015-02-06',NULL,116,NULL,'A',NULL),(244,'2015-02-06',NULL,119,NULL,'A',NULL),(245,'2015-02-06',NULL,120,NULL,'A',NULL),(246,'2015-02-06',NULL,135,NULL,'A',NULL),(247,'2015-02-06',NULL,116,NULL,'A',NULL),(248,'2015-02-06',NULL,120,NULL,'A',NULL),(249,'2015-02-06',NULL,119,NULL,'A',NULL),(250,'2015-02-06',NULL,116,NULL,'A',NULL),(251,'2015-02-06',NULL,135,NULL,'A',NULL),(252,'2015-02-06',NULL,120,NULL,'A',NULL),(253,'2015-02-06',NULL,119,NULL,'A',NULL),(254,'2015-02-06',NULL,135,NULL,'A',NULL),(255,'2015-02-06',NULL,120,NULL,'A',NULL),(256,'2015-02-06',NULL,119,NULL,'A',NULL),(257,'2015-02-06',NULL,116,NULL,'A',NULL),(258,'2015-02-06',NULL,135,NULL,'A',NULL),(259,'2015-02-06',NULL,120,NULL,'A',NULL),(260,'2015-02-06',NULL,119,NULL,'A',NULL),(261,'2015-02-06',NULL,135,NULL,'A',NULL),(262,'2015-02-06',NULL,120,NULL,'A',NULL),(263,'2015-02-06',NULL,119,NULL,'A',NULL),(264,'2015-02-06',NULL,116,NULL,'A',NULL),(265,'2015-02-06',NULL,135,NULL,'A',NULL),(266,'2015-02-06',NULL,120,NULL,'A',NULL),(267,'2015-02-06',NULL,119,NULL,'A',NULL),(268,'2015-02-06',NULL,135,NULL,'A',NULL),(269,'2015-02-06',NULL,119,NULL,'A',NULL),(270,'2015-02-06',NULL,120,NULL,'A',NULL),(271,'2015-02-06',NULL,116,NULL,'A',NULL),(272,'2015-02-06',NULL,135,NULL,'A',NULL),(273,'2015-02-06',NULL,119,NULL,'A',NULL),(274,'2015-02-06',NULL,120,NULL,'A',NULL),(275,'2015-02-06',NULL,116,NULL,'A',NULL),(276,'2015-02-06',NULL,135,NULL,'A',NULL),(277,'2015-02-06',NULL,119,NULL,'A',NULL),(278,'2015-02-06',NULL,116,NULL,'A',NULL),(279,'2015-02-06',NULL,120,NULL,'A',NULL),(280,'2015-02-06',NULL,135,NULL,'A',NULL),(281,'2015-02-06',NULL,116,NULL,'A',NULL),(282,'2015-02-06',NULL,119,NULL,'A',NULL),(283,'2015-02-06',NULL,120,NULL,'A',NULL),(284,'2015-02-06',NULL,135,NULL,'A',NULL),(285,'2015-02-06',NULL,116,NULL,'A',NULL),(286,'2015-02-06',NULL,119,NULL,'A',NULL),(287,'2015-02-06',NULL,120,NULL,'A',NULL),(288,'2015-02-06',NULL,135,NULL,'A',NULL),(289,'2015-02-06',NULL,116,NULL,'A',NULL),(290,'2015-02-06',NULL,119,NULL,'A',NULL),(291,'2015-02-06',NULL,120,NULL,'A',NULL),(292,'2015-02-06',NULL,116,NULL,'A',NULL),(293,'2015-02-06',NULL,135,NULL,'A',NULL),(294,'2015-02-06',NULL,119,NULL,'A',NULL),(295,'2015-02-06',NULL,116,NULL,'A',NULL),(296,'2015-02-06',NULL,135,NULL,'A',NULL),(297,'2015-02-06',NULL,120,NULL,'A',NULL),(298,'2015-02-06',NULL,116,NULL,'A',NULL),(299,'2015-02-06',NULL,119,NULL,'A',NULL),(300,'2015-02-06',NULL,116,NULL,'A',NULL),(301,'2015-02-06',NULL,135,NULL,'A',NULL),(302,'2015-02-06',NULL,120,NULL,'A',NULL),(303,'2015-02-06',NULL,119,NULL,'A',NULL),(304,'2015-02-06',NULL,116,NULL,'A',NULL),(305,'2015-02-06',NULL,135,NULL,'A',NULL),(306,'2015-02-06',NULL,120,NULL,'A',NULL),(307,'2015-02-06',NULL,119,NULL,'A',NULL),(308,'2015-02-06',NULL,116,NULL,'A',NULL),(309,'2015-02-06',NULL,135,NULL,'A',NULL),(310,'2015-02-06',NULL,120,NULL,'A',NULL),(311,'2015-02-06',NULL,116,NULL,'A',NULL),(312,'2015-02-06',NULL,119,NULL,'A',NULL),(313,'2015-02-06',NULL,135,NULL,'A',NULL),(314,'2015-02-06',NULL,120,NULL,'A',NULL),(315,'2015-02-06',NULL,119,NULL,'A',NULL),(316,'2015-02-06',NULL,120,NULL,'A',NULL),(317,'2015-02-06',NULL,135,NULL,'A',NULL),(318,'2015-02-06',NULL,119,NULL,'A',NULL),(319,'2015-02-06',NULL,116,NULL,'A',NULL),(320,'2015-02-06',NULL,138,NULL,'A',NULL),(321,'2015-02-06',NULL,111,NULL,'A',NULL),(322,'2015-02-06',NULL,137,NULL,'A',NULL),(323,'2015-02-06',NULL,138,NULL,'A',NULL),(324,'2015-02-06',NULL,116,NULL,'A',NULL),(325,'2015-02-06',NULL,111,NULL,'A',NULL),(326,'2015-02-06',NULL,137,NULL,'A',NULL),(327,'2015-02-06',NULL,138,NULL,'A',NULL),(328,'2015-02-06',NULL,111,NULL,'A',NULL),(329,'2015-02-06',NULL,137,NULL,'A',NULL),(330,'2015-02-06',NULL,138,NULL,'A',NULL),(331,'2015-02-06',NULL,113,NULL,'A',NULL),(332,'2015-02-06',NULL,111,NULL,'A',NULL),(333,'2015-02-06',NULL,137,NULL,'A',NULL),(334,'2015-02-06',NULL,113,NULL,'A',NULL),(335,'2015-02-06',NULL,138,NULL,'A',NULL),(336,'2015-02-06',NULL,111,NULL,'A',NULL),(337,'2015-02-06',NULL,113,NULL,'A',NULL),(338,'2015-02-06',NULL,137,NULL,'A',NULL),(339,'2015-02-06',NULL,138,NULL,'A',NULL),(340,'2015-02-06',NULL,111,NULL,'A',NULL),(341,'2015-02-06',NULL,113,NULL,'A',NULL),(342,'2015-02-06',NULL,137,NULL,'A',NULL),(343,'2015-02-06',NULL,138,NULL,'A',NULL),(344,'2015-02-06',NULL,111,NULL,'A',NULL),(345,'2015-02-06',NULL,113,NULL,'A',NULL),(346,'2015-02-06',NULL,137,NULL,'A',NULL),(347,'2015-02-06',NULL,138,NULL,'A',NULL),(348,'2015-02-06',NULL,113,NULL,'A',NULL),(349,'2015-02-06',NULL,111,NULL,'A',NULL),(350,'2015-02-06',NULL,137,NULL,'A',NULL),(351,'2015-02-06',NULL,138,NULL,'A',NULL),(352,'2015-02-06',NULL,113,NULL,'A',NULL),(353,'2015-02-06',NULL,111,NULL,'A',NULL),(354,'2015-02-06',NULL,137,NULL,'A',NULL),(355,'2015-02-06',NULL,113,NULL,'A',NULL),(356,'2015-02-06',NULL,138,NULL,'A',NULL),(357,'2015-02-06',NULL,111,NULL,'A',NULL),(358,'2015-02-06',NULL,137,NULL,'A',NULL),(359,'2015-02-06',NULL,113,NULL,'A',NULL),(360,'2015-02-06',NULL,138,NULL,'A',NULL),(361,'2015-02-06',NULL,111,NULL,'A',NULL),(362,'2015-02-06',NULL,137,NULL,'A',NULL),(363,'2015-02-06',NULL,113,NULL,'A',NULL),(364,'2015-02-06',NULL,138,NULL,'A',NULL),(365,'2015-02-06',NULL,111,NULL,'A',NULL),(366,'2015-02-06',NULL,137,NULL,'A',NULL),(367,'2015-02-06',NULL,113,NULL,'A',NULL),(368,'2015-02-06',NULL,138,NULL,'A',NULL),(369,'2015-02-06',NULL,111,NULL,'A',NULL),(370,'2015-02-06',NULL,137,NULL,'A',NULL),(371,'2015-02-06',NULL,113,NULL,'A',NULL),(372,'2015-02-06',NULL,138,NULL,'A',NULL),(373,'2015-02-06',NULL,111,NULL,'A',NULL),(374,'2015-02-06',NULL,137,NULL,'A',NULL),(375,'2015-02-06',NULL,113,NULL,'A',NULL),(376,'2015-02-06',NULL,138,NULL,'A',NULL),(377,'2015-02-06',NULL,111,NULL,'A',NULL),(378,'2015-02-06',NULL,137,NULL,'A',NULL),(379,'2015-02-06',NULL,113,NULL,'A',NULL),(380,'2015-02-06',NULL,138,NULL,'A',NULL),(381,'2015-02-06',NULL,111,NULL,'A',NULL),(382,'2015-02-06',NULL,137,NULL,'A',NULL),(383,'2015-02-06',NULL,113,NULL,'A',NULL),(384,'2015-02-06',NULL,138,NULL,'A',NULL),(385,'2015-02-06',NULL,111,NULL,'A',NULL),(386,'2015-02-06',NULL,137,NULL,'A',NULL),(387,'2015-02-06',NULL,113,NULL,'A',NULL),(388,'2015-02-06',NULL,138,NULL,'A',NULL),(389,'2015-02-06',NULL,111,NULL,'A',NULL),(390,'2015-02-06',NULL,137,NULL,'A',NULL),(391,'2015-02-06',NULL,113,NULL,'A',NULL),(392,'2015-02-06',NULL,138,NULL,'A',NULL),(393,'2015-02-06',NULL,111,NULL,'A',NULL),(394,'2015-02-06',NULL,137,NULL,'A',NULL),(395,'2015-02-06',NULL,113,NULL,'A',NULL),(396,'2015-02-06',NULL,138,NULL,'A',NULL),(397,'2015-02-06',NULL,111,NULL,'A',NULL),(398,'2015-02-06',NULL,137,NULL,'A',NULL),(399,'2015-02-06',NULL,113,NULL,'A',NULL),(400,'2015-02-06',NULL,138,NULL,'A',NULL),(401,'2015-02-06',NULL,111,NULL,'A',NULL),(402,'2015-02-06',NULL,137,NULL,'A',NULL),(403,'2015-02-06',NULL,113,NULL,'A',NULL),(404,'2015-02-06',NULL,111,NULL,'A',NULL),(405,'2015-02-06',NULL,138,NULL,'A',NULL),(406,'2015-02-06',NULL,113,NULL,'A',NULL),(407,'2015-02-06',NULL,111,NULL,'A',NULL),(408,'2015-02-06',NULL,137,NULL,'A',NULL),(409,'2015-02-06',NULL,113,NULL,'A',NULL),(410,'2015-02-06',NULL,138,NULL,'A',NULL),(411,'2015-02-06',NULL,111,NULL,'A',NULL),(412,'2015-02-06',NULL,113,NULL,'A',NULL),(413,'2015-02-06',NULL,137,NULL,'A',NULL),(414,'2015-02-06',NULL,111,NULL,'A',NULL),(415,'2015-02-06',NULL,138,NULL,'A',NULL),(416,'2015-02-06',NULL,113,NULL,'A',NULL),(417,'2015-02-06',NULL,137,NULL,'A',NULL),(418,'2015-02-06',NULL,111,NULL,'A',NULL),(419,'2015-02-06',NULL,113,NULL,'A',NULL),(420,'2015-02-06',NULL,138,NULL,'A',NULL),(421,'2015-02-06',NULL,137,NULL,'A',NULL),(422,'2015-02-06',NULL,138,NULL,'A',NULL),(423,'2015-02-06',NULL,111,NULL,'A',NULL),(424,'2015-02-06',NULL,137,NULL,'A',NULL),(425,'2015-02-06',NULL,113,NULL,'A',NULL),(426,'2015-02-06',NULL,138,NULL,'A',NULL),(427,'2015-02-06',NULL,111,NULL,'A',NULL),(428,'2015-02-06',NULL,137,NULL,'A',NULL),(429,'2015-02-06',NULL,138,NULL,'A',NULL),(430,'2015-02-06',NULL,113,NULL,'A',NULL),(431,'2015-02-06',NULL,111,NULL,'A',NULL),(432,'2015-02-06',NULL,137,NULL,'A',NULL),(433,'2015-02-06',NULL,138,NULL,'A',NULL),(434,'2015-02-06',NULL,111,NULL,'A',NULL),(435,'2015-02-06',NULL,137,NULL,'A',NULL),(436,'2015-02-06',NULL,113,NULL,'A',NULL),(437,'2015-02-06',NULL,138,NULL,'A',NULL),(438,'2015-02-06',NULL,111,NULL,'A',NULL),(439,'2015-02-06',NULL,137,NULL,'A',NULL),(440,'2015-02-06',NULL,138,NULL,'A',NULL),(441,'2015-02-06',NULL,111,NULL,'A',NULL),(442,'2015-02-06',NULL,113,NULL,'A',NULL),(443,'2015-02-06',NULL,113,NULL,'A',NULL),(444,'2015-02-06',NULL,137,NULL,'A',NULL),(445,'2015-02-06',NULL,138,NULL,'A',NULL),(446,'2015-02-06',NULL,111,NULL,'A',NULL),(447,'2015-02-06',NULL,113,NULL,'A',NULL),(448,'2015-02-06',NULL,137,NULL,'A',NULL),(449,'2015-02-06',NULL,111,NULL,'A',NULL),(450,'2015-02-06',NULL,113,NULL,'A',NULL),(451,'2015-02-06',NULL,138,NULL,'A',NULL),(452,'2015-02-06',NULL,137,NULL,'A',NULL),(453,'2015-02-06',NULL,113,NULL,'A',NULL),(454,'2015-02-06',NULL,111,NULL,'A',NULL),(455,'2015-02-06',NULL,138,NULL,'A',NULL),(456,'2015-02-06',NULL,137,NULL,'A',NULL),(457,'2015-02-06',NULL,113,NULL,'A',NULL),(458,'2015-02-06',NULL,111,NULL,'A',NULL),(459,'2015-02-06',NULL,138,NULL,'A',NULL),(460,'2015-02-06',NULL,137,NULL,'A',NULL),(461,'2015-02-06',NULL,113,NULL,'A',NULL),(462,'2015-02-06',NULL,111,NULL,'A',NULL),(463,'2015-02-06',NULL,138,NULL,'A',NULL),(464,'2015-02-06',NULL,137,NULL,'A',NULL),(465,'2015-02-06',NULL,113,NULL,'A',NULL),(466,'2015-02-06',NULL,111,NULL,'A',NULL),(467,'2015-02-06',NULL,138,NULL,'A',NULL),(468,'2015-02-06',NULL,137,NULL,'A',NULL),(469,'2015-02-06',NULL,111,NULL,'A',NULL),(470,'2015-02-06',NULL,138,NULL,'A',NULL),(471,'2015-02-06',NULL,113,NULL,'A',NULL),(472,'2015-02-06',NULL,137,NULL,'A',NULL),(473,'2015-02-06',NULL,111,NULL,'A',NULL),(474,'2015-02-06',NULL,138,NULL,'A',NULL),(475,'2015-02-06',NULL,113,NULL,'A',NULL),(476,'2015-02-06',NULL,137,NULL,'A',NULL),(477,'2015-02-06',NULL,110,NULL,'A',NULL),(478,'2015-02-06',NULL,118,NULL,'A',NULL),(479,'2015-02-06',NULL,137,NULL,'A',NULL),(480,'2015-02-06',NULL,113,NULL,'A',NULL),(481,'2015-02-06',NULL,118,NULL,'A',NULL),(482,'2015-02-06',NULL,110,NULL,'A',NULL),(483,'2015-02-06',NULL,112,NULL,'A',NULL),(484,'2015-02-06',NULL,113,NULL,'A',NULL),(485,'2015-02-06',NULL,112,NULL,'A',NULL),(486,'2015-02-06',NULL,118,NULL,'A',NULL),(487,'2015-02-06',NULL,109,NULL,'A',NULL),(488,'2015-02-06',NULL,110,NULL,'A',NULL),(489,'2015-02-06',NULL,112,NULL,'A',NULL),(490,'2015-02-06',NULL,109,NULL,'A',NULL),(491,'2015-02-06',NULL,110,NULL,'A',NULL),(492,'2015-02-06',NULL,112,NULL,'A',NULL),(493,'2015-02-06',NULL,118,NULL,'A',NULL),(494,'2015-02-06',NULL,109,NULL,'A',NULL),(495,'2015-02-06',NULL,112,NULL,'A',NULL),(496,'2015-02-06',NULL,110,NULL,'A',NULL),(497,'2015-02-06',NULL,118,NULL,'A',NULL),(498,'2015-02-06',NULL,109,NULL,'A',NULL),(499,'2015-02-06',NULL,110,NULL,'A',NULL),(500,'2015-02-06',NULL,118,NULL,'A',NULL),(501,'2015-02-06',NULL,109,NULL,'A',NULL),(502,'2015-02-06',NULL,112,NULL,'A',NULL),(503,'2015-02-06',NULL,110,NULL,'A',NULL),(504,'2015-02-06',NULL,118,NULL,'A',NULL),(505,'2015-02-06',NULL,109,NULL,'A',NULL),(506,'2015-02-06',NULL,118,NULL,'A',NULL),(507,'2015-02-06',NULL,110,NULL,'A',NULL),(508,'2015-02-06',NULL,109,NULL,'A',NULL),(509,'2015-02-06',NULL,112,NULL,'A',NULL),(510,'2015-02-06',NULL,118,NULL,'A',NULL),(511,'2015-02-06',NULL,110,NULL,'A',NULL),(512,'2015-02-06',NULL,109,NULL,'A',NULL),(513,'2015-02-06',NULL,118,NULL,'A',NULL),(514,'2015-02-06',NULL,112,NULL,'A',NULL),(515,'2015-02-06',NULL,110,NULL,'A',NULL),(516,'2015-02-06',NULL,109,NULL,'A',NULL),(517,'2015-02-06',NULL,118,NULL,'A',NULL),(518,'2015-02-06',NULL,112,NULL,'A',NULL),(519,'2015-02-06',NULL,110,NULL,'A',NULL),(520,'2015-02-06',NULL,109,NULL,'A',NULL),(521,'2015-02-06',NULL,118,NULL,'A',NULL),(522,'2015-02-06',NULL,112,NULL,'A',NULL),(523,'2015-02-06',NULL,110,NULL,'A',NULL),(524,'2015-02-06',NULL,118,NULL,'A',NULL),(525,'2015-02-06',NULL,112,NULL,'A',NULL),(526,'2015-02-06',NULL,110,NULL,'A',NULL),(527,'2015-02-06',NULL,109,NULL,'A',NULL),(528,'2015-02-06',NULL,118,NULL,'A',NULL),(529,'2015-02-06',NULL,112,NULL,'A',NULL),(530,'2015-02-06',NULL,110,NULL,'A',NULL),(531,'2015-02-06',NULL,118,NULL,'A',NULL),(532,'2015-02-06',NULL,112,NULL,'A',NULL),(533,'2015-02-06',NULL,109,NULL,'A',NULL),(534,'2015-02-06',NULL,110,NULL,'A',NULL),(535,'2015-02-06',NULL,109,NULL,'A',NULL),(536,'2015-02-06',NULL,118,NULL,'A',NULL),(537,'2015-02-06',NULL,112,NULL,'A',NULL),(538,'2015-02-06',NULL,110,NULL,'A',NULL),(539,'2015-02-06',NULL,109,NULL,'A',NULL),(540,'2015-02-06',NULL,118,NULL,'A',NULL),(541,'2015-02-06',NULL,110,NULL,'A',NULL),(542,'2015-02-06',NULL,112,NULL,'A',NULL),(543,'2015-02-06',NULL,109,NULL,'A',NULL),(544,'2015-02-06',NULL,110,NULL,'A',NULL),(545,'2015-02-06',NULL,109,NULL,'A',NULL),(546,'2015-02-06',NULL,118,NULL,'A',NULL),(547,'2015-02-06',NULL,112,NULL,'A',NULL),(548,'2015-02-06',NULL,110,NULL,'A',NULL),(549,'2015-02-06',NULL,109,NULL,'A',NULL),(550,'2015-02-06',NULL,118,NULL,'A',NULL),(551,'2015-02-06',NULL,110,NULL,'A',NULL),(552,'2015-02-06',NULL,109,NULL,'A',NULL),(553,'2015-02-06',NULL,112,NULL,'A',NULL),(554,'2015-02-06',NULL,110,NULL,'A',NULL),(555,'2015-02-06',NULL,118,NULL,'A',NULL),(556,'2015-02-06',NULL,109,NULL,'A',NULL),(557,'2015-02-06',NULL,112,NULL,'A',NULL),(558,'2015-02-06',NULL,118,NULL,'A',NULL),(559,'2015-02-06',NULL,112,NULL,'A',NULL),(560,'2015-02-06',NULL,110,NULL,'A',NULL),(561,'2015-02-06',NULL,109,NULL,'A',NULL),(562,'2015-02-06',NULL,118,NULL,'A',NULL),(563,'2015-02-06',NULL,112,NULL,'A',NULL),(564,'2015-02-06',NULL,110,NULL,'A',NULL),(565,'2015-02-06',NULL,118,NULL,'A',NULL),(566,'2015-02-06',NULL,109,NULL,'A',NULL),(567,'2015-02-06',NULL,112,NULL,'A',NULL),(568,'2015-02-06',NULL,110,NULL,'A',NULL),(569,'2015-02-06',NULL,118,NULL,'A',NULL),(570,'2015-02-06',NULL,112,NULL,'A',NULL),(571,'2015-02-06',NULL,109,NULL,'A',NULL),(572,'2015-02-06',NULL,118,NULL,'A',NULL),(573,'2015-02-06',NULL,112,NULL,'A',NULL),(574,'2015-02-06',NULL,110,NULL,'A',NULL),(575,'2015-02-06',NULL,109,NULL,'A',NULL),(576,'2015-02-06',NULL,110,NULL,'A',NULL),(577,'2015-02-06',NULL,112,NULL,'A',NULL),(578,'2015-02-06',NULL,118,NULL,'A',NULL),(579,'2015-02-06',NULL,109,NULL,'A',NULL),(580,'2015-02-06',NULL,110,NULL,'A',NULL),(581,'2015-02-06',NULL,109,NULL,'A',NULL),(582,'2015-02-06',NULL,112,NULL,'A',NULL),(583,'2015-02-06',NULL,118,NULL,'A',NULL),(584,'2015-02-06',NULL,110,NULL,'A',NULL),(585,'2015-02-06',NULL,109,NULL,'A',NULL),(586,'2015-02-06',NULL,112,NULL,'A',NULL),(587,'2015-02-06',NULL,110,NULL,'A',NULL),(588,'2015-02-06',NULL,109,NULL,'A',NULL),(589,'2015-02-06',NULL,118,NULL,'A',NULL),(590,'2015-02-06',NULL,110,NULL,'A',NULL),(591,'2015-02-06',NULL,112,NULL,'A',NULL),(592,'2015-02-06',NULL,109,NULL,'A',NULL),(593,'2015-02-06',NULL,118,NULL,'A',NULL),(594,'2015-02-06',NULL,110,NULL,'A',NULL),(595,'2015-02-06',NULL,112,NULL,'A',NULL),(596,'2015-02-06',NULL,118,NULL,'A',NULL),(597,'2015-02-06',NULL,110,NULL,'A',NULL),(598,'2015-02-06',NULL,109,NULL,'A',NULL),(599,'2015-02-06',NULL,112,NULL,'A',NULL),(600,'2015-02-06',NULL,118,NULL,'A',NULL),(601,'2015-02-06',NULL,110,NULL,'A',NULL),(602,'2015-02-06',NULL,112,NULL,'A',NULL),(603,'2015-02-06',NULL,118,NULL,'A',NULL),(604,'2015-02-06',NULL,109,NULL,'A',NULL),(605,'2015-02-06',NULL,112,NULL,'A',NULL),(606,'2015-02-06',NULL,110,NULL,'A',NULL),(607,'2015-02-06',NULL,118,NULL,'A',NULL),(608,'2015-02-06',NULL,112,NULL,'A',NULL),(609,'2015-02-06',NULL,109,NULL,'A',NULL),(610,'2015-02-06',NULL,110,NULL,'A',NULL),(611,'2015-02-06',NULL,118,NULL,'A',NULL),(612,'2015-02-06',NULL,112,NULL,'A',NULL),(613,'2015-02-06',NULL,118,NULL,'A',NULL),(614,'2015-02-06',NULL,110,NULL,'A',NULL),(615,'2015-02-06',NULL,109,NULL,'A',NULL),(616,'2015-02-06',NULL,112,NULL,'A',NULL),(617,'2015-02-06',NULL,118,NULL,'A',NULL),(618,'2015-02-06',NULL,109,NULL,'A',NULL),(619,'2015-02-06',NULL,110,NULL,'A',NULL),(620,'2015-02-06',NULL,112,NULL,'A',NULL),(621,'2015-02-06',NULL,118,NULL,'A',NULL),(622,'2015-02-06',NULL,109,NULL,'A',NULL),(623,'2015-02-06',NULL,112,NULL,'A',NULL),(624,'2015-02-06',NULL,110,NULL,'A',NULL),(625,'2015-02-06',NULL,118,NULL,'A',NULL),(626,'2015-02-06',NULL,109,NULL,'A',NULL),(627,'2015-02-06',NULL,112,NULL,'A',NULL),(628,'2015-02-06',NULL,118,NULL,'A',NULL),(629,'2015-02-06',NULL,109,NULL,'A',NULL),(630,'2015-02-06',NULL,110,NULL,'A',NULL),(631,'2015-02-06',NULL,112,NULL,'A',NULL),(632,'2015-02-06',NULL,118,NULL,'A',NULL),(633,'2015-02-06',NULL,109,NULL,'A',NULL),(634,'2015-02-06',NULL,112,NULL,'A',NULL),(635,'2015-02-06',NULL,109,NULL,'A',NULL),(636,'2015-02-06',NULL,110,NULL,'A',NULL),(637,'2015-02-06',NULL,115,NULL,'A',NULL),(638,'2015-02-06',NULL,109,NULL,'A',NULL),(639,'2015-02-06',NULL,108,NULL,'A',NULL),(640,'2015-02-06',NULL,112,NULL,'A',NULL),(641,'2015-02-06',NULL,115,NULL,'A',NULL),(642,'2015-02-06',NULL,109,NULL,'A',NULL),(643,'2015-02-06',NULL,108,NULL,'A',NULL),(644,'2015-02-06',NULL,121,NULL,'A',NULL),(645,'2015-02-06',NULL,134,NULL,'A',NULL),(646,'2015-02-06',NULL,108,NULL,'A',NULL),(647,'2015-02-06',NULL,115,NULL,'A',NULL),(648,'2015-02-06',NULL,121,NULL,'A',NULL),(649,'2015-02-06',NULL,134,NULL,'A',NULL),(650,'2015-02-06',NULL,108,NULL,'A',NULL),(651,'2015-02-06',NULL,115,NULL,'A',NULL),(652,'2015-02-06',NULL,134,NULL,'A',NULL),(653,'2015-02-06',NULL,108,NULL,'A',NULL),(654,'2015-02-06',NULL,121,NULL,'A',NULL),(655,'2015-02-06',NULL,115,NULL,'A',NULL),(656,'2015-02-06',NULL,134,NULL,'A',NULL),(657,'2015-02-06',NULL,108,NULL,'A',NULL),(658,'2015-02-06',NULL,121,NULL,'A',NULL),(659,'2015-02-06',NULL,115,NULL,'A',NULL),(660,'2015-02-06',NULL,108,NULL,'A',NULL),(661,'2015-02-06',NULL,134,NULL,'A',NULL),(662,'2015-02-06',NULL,121,NULL,'A',NULL),(663,'2015-02-06',NULL,115,NULL,'A',NULL),(664,'2015-02-06',NULL,108,NULL,'A',NULL),(665,'2015-02-06',NULL,121,NULL,'A',NULL),(666,'2015-02-06',NULL,115,NULL,'A',NULL),(667,'2015-02-06',NULL,134,NULL,'A',NULL),(668,'2015-02-06',NULL,108,NULL,'A',NULL),(669,'2015-02-06',NULL,115,NULL,'A',NULL),(670,'2015-02-06',NULL,121,NULL,'A',NULL),(671,'2015-02-06',NULL,115,NULL,'A',NULL),(672,'2015-02-06',NULL,108,NULL,'A',NULL),(673,'2015-02-06',NULL,121,NULL,'A',NULL),(674,'2015-02-06',NULL,115,NULL,'A',NULL),(675,'2015-02-06',NULL,134,NULL,'A',NULL),(676,'2015-02-06',NULL,108,NULL,'A',NULL),(677,'2015-02-06',NULL,121,NULL,'A',NULL),(678,'2015-02-06',NULL,115,NULL,'A',NULL),(679,'2015-02-06',NULL,134,NULL,'A',NULL),(680,'2015-02-06',NULL,108,NULL,'A',NULL),(681,'2015-02-06',NULL,121,NULL,'A',NULL),(682,'2015-02-06',NULL,134,NULL,'A',NULL),(683,'2015-02-06',NULL,115,NULL,'A',NULL),(684,'2015-02-06',NULL,108,NULL,'A',NULL),(685,'2015-02-06',NULL,121,NULL,'A',NULL),(686,'2015-02-06',NULL,134,NULL,'A',NULL),(687,'2015-02-06',NULL,108,NULL,'A',NULL),(688,'2015-02-06',NULL,115,NULL,'A',NULL),(689,'2015-02-06',NULL,121,NULL,'A',NULL),(690,'2015-02-06',NULL,134,NULL,'A',NULL),(691,'2015-02-06',NULL,108,NULL,'A',NULL),(692,'2015-02-06',NULL,115,NULL,'A',NULL),(693,'2015-02-06',NULL,121,NULL,'A',NULL),(694,'2015-02-06',NULL,134,NULL,'A',NULL),(695,'2015-02-06',NULL,108,NULL,'A',NULL),(696,'2015-02-06',NULL,115,NULL,'A',NULL),(697,'2015-02-06',NULL,121,NULL,'A',NULL),(698,'2015-02-06',NULL,134,NULL,'A',NULL),(699,'2015-02-06',NULL,108,NULL,'A',NULL),(700,'2015-02-06',NULL,115,NULL,'A',NULL),(701,'2015-02-06',NULL,121,NULL,'A',NULL),(702,'2015-02-06',NULL,134,NULL,'A',NULL),(703,'2015-02-06',NULL,108,NULL,'A',NULL),(704,'2015-02-06',NULL,115,NULL,'A',NULL),(705,'2015-02-06',NULL,121,NULL,'A',NULL),(706,'2015-02-06',NULL,134,NULL,'A',NULL),(707,'2015-02-06',NULL,108,NULL,'A',NULL),(708,'2015-02-06',NULL,115,NULL,'A',NULL),(709,'2015-02-06',NULL,121,NULL,'A',NULL),(710,'2015-02-06',NULL,134,NULL,'A',NULL),(711,'2015-02-06',NULL,108,NULL,'A',NULL),(712,'2015-02-06',NULL,115,NULL,'A',NULL),(713,'2015-02-06',NULL,121,NULL,'A',NULL),(714,'2015-02-06',NULL,134,NULL,'A',NULL),(715,'2015-02-06',NULL,108,NULL,'A',NULL),(716,'2015-02-06',NULL,115,NULL,'A',NULL),(717,'2015-02-06',NULL,121,NULL,'A',NULL),(718,'2015-02-06',NULL,134,NULL,'A',NULL),(719,'2015-02-06',NULL,108,NULL,'A',NULL),(720,'2015-02-06',NULL,115,NULL,'A',NULL),(721,'2015-02-06',NULL,121,NULL,'A',NULL),(722,'2015-02-06',NULL,134,NULL,'A',NULL),(723,'2015-02-06',NULL,108,NULL,'A',NULL),(724,'2015-02-06',NULL,115,NULL,'A',NULL),(725,'2015-02-06',NULL,121,NULL,'A',NULL),(726,'2015-02-06',NULL,108,NULL,'A',NULL),(727,'2015-02-06',NULL,134,NULL,'A',NULL),(728,'2015-02-06',NULL,115,NULL,'A',NULL),(729,'2015-02-06',NULL,121,NULL,'A',NULL),(730,'2015-02-06',NULL,108,NULL,'A',NULL),(731,'2015-02-06',NULL,134,NULL,'A',NULL),(732,'2015-02-06',NULL,115,NULL,'A',NULL),(733,'2015-02-06',NULL,121,NULL,'A',NULL),(734,'2015-02-06',NULL,108,NULL,'A',NULL),(735,'2015-02-06',NULL,134,NULL,'A',NULL),(736,'2015-02-06',NULL,115,NULL,'A',NULL),(737,'2015-02-06',NULL,121,NULL,'A',NULL),(738,'2015-02-06',NULL,108,NULL,'A',NULL),(739,'2015-02-06',NULL,134,NULL,'A',NULL),(740,'2015-02-06',NULL,115,NULL,'A',NULL),(741,'2015-02-06',NULL,121,NULL,'A',NULL),(742,'2015-02-06',NULL,108,NULL,'A',NULL),(743,'2015-02-06',NULL,134,NULL,'A',NULL),(744,'2015-02-06',NULL,115,NULL,'A',NULL),(745,'2015-02-06',NULL,121,NULL,'A',NULL),(746,'2015-02-06',NULL,108,NULL,'A',NULL),(747,'2015-02-06',NULL,134,NULL,'A',NULL),(748,'2015-02-06',NULL,115,NULL,'A',NULL),(749,'2015-02-06',NULL,121,NULL,'A',NULL),(750,'2015-02-06',NULL,108,NULL,'A',NULL),(751,'2015-02-06',NULL,134,NULL,'A',NULL),(752,'2015-02-06',NULL,115,NULL,'A',NULL),(753,'2015-02-06',NULL,121,NULL,'A',NULL),(754,'2015-02-06',NULL,108,NULL,'A',NULL),(755,'2015-02-06',NULL,134,NULL,'A',NULL),(756,'2015-02-06',NULL,115,NULL,'A',NULL),(757,'2015-02-06',NULL,121,NULL,'A',NULL),(758,'2015-02-06',NULL,108,NULL,'A',NULL),(759,'2015-02-06',NULL,134,NULL,'A',NULL),(760,'2015-02-06',NULL,121,NULL,'A',NULL),(761,'2015-02-06',NULL,115,NULL,'A',NULL),(762,'2015-02-06',NULL,108,NULL,'A',NULL),(763,'2015-02-06',NULL,134,NULL,'A',NULL),(764,'2015-02-06',NULL,121,NULL,'A',NULL),(765,'2015-02-06',NULL,115,NULL,'A',NULL),(766,'2015-02-06',NULL,108,NULL,'A',NULL),(767,'2015-02-06',NULL,134,NULL,'A',NULL),(768,'2015-02-06',NULL,121,NULL,'A',NULL),(769,'2015-02-06',NULL,115,NULL,'A',NULL),(770,'2015-02-06',NULL,108,NULL,'A',NULL),(771,'2015-02-06',NULL,134,NULL,'A',NULL),(772,'2015-02-06',NULL,121,NULL,'A',NULL),(773,'2015-02-06',NULL,115,NULL,'A',NULL),(774,'2015-02-06',NULL,108,NULL,'A',NULL),(775,'2015-02-06',NULL,134,NULL,'A',NULL),(776,'2015-02-06',NULL,121,NULL,'A',NULL),(777,'2015-02-06',NULL,108,NULL,'A',NULL),(778,'2015-02-06',NULL,115,NULL,'A',NULL),(779,'2015-02-06',NULL,134,NULL,'A',NULL),(780,'2015-02-06',NULL,121,NULL,'A',NULL),(781,'2015-02-06',NULL,115,NULL,'A',NULL),(782,'2015-02-06',NULL,108,NULL,'A',NULL),(783,'2015-02-06',NULL,134,NULL,'A',NULL),(784,'2015-02-06',NULL,121,NULL,'A',NULL),(785,'2015-02-06',NULL,115,NULL,'A',NULL),(786,'2015-02-06',NULL,108,NULL,'A',NULL),(787,'2015-02-06',NULL,134,NULL,'A',NULL),(788,'2015-02-06',NULL,121,NULL,'A',NULL),(789,'2015-02-06',NULL,115,NULL,'A',NULL),(790,'2015-02-06',NULL,108,NULL,'A',NULL),(791,'2015-02-06',NULL,134,NULL,'A',NULL),(792,'2015-02-06',NULL,115,NULL,'A',NULL),(793,'2015-02-06',NULL,121,NULL,'A',NULL),(794,'2015-02-06',NULL,141,NULL,'A',NULL),(795,'2015-02-06',NULL,134,NULL,'A',NULL),(796,'2015-02-06',NULL,121,NULL,'A',NULL),(797,'2015-02-06',NULL,140,NULL,'A',NULL),(798,'2015-02-06',NULL,141,NULL,'A',NULL),(799,'2015-02-06',NULL,134,NULL,'A',NULL),(800,'2015-02-06',NULL,121,NULL,'A',NULL),(801,'2015-02-06',NULL,140,NULL,'A',NULL),(802,'2015-02-06',NULL,141,NULL,'A',NULL),(803,'2015-02-06',NULL,134,NULL,'A',NULL),(804,'2015-02-06',NULL,142,NULL,'A',NULL),(805,'2015-02-06',NULL,140,NULL,'A',NULL),(806,'2015-02-06',NULL,141,NULL,'A',NULL),(807,'2015-02-06',NULL,134,NULL,'A',NULL),(808,'2015-02-06',NULL,140,NULL,'A',NULL),(809,'2015-02-06',NULL,142,NULL,'A',NULL),(810,'2015-02-06',NULL,141,NULL,'A',NULL),(811,'2015-02-06',NULL,139,NULL,'A',NULL),(812,'2015-02-06',NULL,140,NULL,'A',NULL),(813,'2015-02-06',NULL,142,NULL,'A',NULL),(814,'2015-02-06',NULL,141,NULL,'A',NULL),(815,'2015-02-06',NULL,139,NULL,'A',NULL),(816,'2015-02-06',NULL,140,NULL,'A',NULL),(817,'2015-02-06',NULL,142,NULL,'A',NULL),(818,'2015-02-06',NULL,141,NULL,'A',NULL),(819,'2015-02-06',NULL,139,NULL,'A',NULL),(820,'2015-02-06',NULL,140,NULL,'A',NULL),(821,'2015-02-06',NULL,142,NULL,'A',NULL),(822,'2015-02-06',NULL,141,NULL,'A',NULL),(823,'2015-02-06',NULL,139,NULL,'A',NULL),(824,'2015-02-06',NULL,140,NULL,'A',NULL),(825,'2015-02-06',NULL,142,NULL,'A',NULL),(826,'2015-02-06',NULL,141,NULL,'A',NULL),(827,'2015-02-06',NULL,139,NULL,'A',NULL),(828,'2015-02-06',NULL,140,NULL,'A',NULL),(829,'2015-02-06',NULL,142,NULL,'A',NULL),(830,'2015-02-06',NULL,141,NULL,'A',NULL),(831,'2015-02-06',NULL,139,NULL,'A',NULL),(832,'2015-02-06',NULL,140,NULL,'A',NULL),(833,'2015-02-06',NULL,142,NULL,'A',NULL),(834,'2015-02-06',NULL,141,NULL,'A',NULL),(835,'2015-02-06',NULL,140,NULL,'A',NULL),(836,'2015-02-06',NULL,139,NULL,'A',NULL),(837,'2015-02-06',NULL,142,NULL,'A',NULL),(838,'2015-02-06',NULL,141,NULL,'A',NULL),(839,'2015-02-06',NULL,139,NULL,'A',NULL),(840,'2015-02-06',NULL,142,NULL,'A',NULL),(841,'2015-02-06',NULL,140,NULL,'A',NULL),(842,'2015-02-06',NULL,141,NULL,'A',NULL),(843,'2015-02-06',NULL,139,NULL,'A',NULL),(844,'2015-02-06',NULL,142,NULL,'A',NULL),(845,'2015-02-06',NULL,140,NULL,'A',NULL),(846,'2015-02-06',NULL,141,NULL,'A',NULL),(847,'2015-02-06',NULL,142,NULL,'A',NULL),(848,'2015-02-06',NULL,139,NULL,'A',NULL),(849,'2015-02-06',NULL,140,NULL,'A',NULL),(850,'2015-02-06',NULL,141,NULL,'A',NULL),(851,'2015-02-06',NULL,139,NULL,'A',NULL),(852,'2015-02-06',NULL,142,NULL,'A',NULL),(853,'2015-02-06',NULL,140,NULL,'A',NULL),(854,'2015-02-06',NULL,141,NULL,'A',NULL),(855,'2015-02-06',NULL,139,NULL,'A',NULL),(856,'2015-02-06',NULL,142,NULL,'A',NULL),(857,'2015-02-06',NULL,140,NULL,'A',NULL),(858,'2015-02-06',NULL,141,NULL,'A',NULL),(859,'2015-02-06',NULL,139,NULL,'A',NULL),(860,'2015-02-06',NULL,142,NULL,'A',NULL),(861,'2015-02-06',NULL,140,NULL,'A',NULL),(862,'2015-02-06',NULL,141,NULL,'A',NULL),(863,'2015-02-06',NULL,139,NULL,'A',NULL),(864,'2015-02-06',NULL,140,NULL,'A',NULL),(865,'2015-02-06',NULL,142,NULL,'A',NULL),(866,'2015-02-06',NULL,141,NULL,'A',NULL),(867,'2015-02-06',NULL,139,NULL,'A',NULL),(868,'2015-02-06',NULL,140,NULL,'A',NULL),(869,'2015-02-06',NULL,142,NULL,'A',NULL),(870,'2015-02-06',NULL,141,NULL,'A',NULL),(871,'2015-02-06',NULL,140,NULL,'A',NULL),(872,'2015-02-06',NULL,139,NULL,'A',NULL),(873,'2015-02-06',NULL,142,NULL,'A',NULL),(874,'2015-02-06',NULL,141,NULL,'A',NULL),(875,'2015-02-06',NULL,140,NULL,'A',NULL),(876,'2015-02-06',NULL,142,NULL,'A',NULL),(877,'2015-02-06',NULL,139,NULL,'A',NULL),(878,'2015-02-06',NULL,141,NULL,'A',NULL),(879,'2015-02-06',NULL,140,NULL,'A',NULL),(880,'2015-02-06',NULL,142,NULL,'A',NULL),(881,'2015-02-06',NULL,139,NULL,'A',NULL),(882,'2015-02-06',NULL,141,NULL,'A',NULL),(883,'2015-02-06',NULL,140,NULL,'A',NULL),(884,'2015-02-06',NULL,142,NULL,'A',NULL),(885,'2015-02-06',NULL,139,NULL,'A',NULL),(886,'2015-02-06',NULL,140,NULL,'A',NULL),(887,'2015-02-06',NULL,141,NULL,'A',NULL),(888,'2015-02-06',NULL,142,NULL,'A',NULL),(889,'2015-02-06',NULL,140,NULL,'A',NULL),(890,'2015-02-06',NULL,139,NULL,'A',NULL),(891,'2015-02-06',NULL,141,NULL,'A',NULL),(892,'2015-02-06',NULL,142,NULL,'A',NULL),(893,'2015-02-06',NULL,140,NULL,'A',NULL),(894,'2015-02-06',NULL,139,NULL,'A',NULL),(895,'2015-02-06',NULL,141,NULL,'A',NULL),(896,'2015-02-06',NULL,142,NULL,'A',NULL),(897,'2015-02-06',NULL,140,NULL,'A',NULL),(898,'2015-02-06',NULL,139,NULL,'A',NULL),(899,'2015-02-06',NULL,141,NULL,'A',NULL),(900,'2015-02-06',NULL,142,NULL,'A',NULL),(901,'2015-02-06',NULL,140,NULL,'A',NULL),(902,'2015-02-06',NULL,139,NULL,'A',NULL),(903,'2015-02-06',NULL,141,NULL,'A',NULL),(904,'2015-02-06',NULL,142,NULL,'A',NULL),(905,'2015-02-06',NULL,140,NULL,'A',NULL),(906,'2015-02-06',NULL,139,NULL,'A',NULL),(907,'2015-02-06',NULL,141,NULL,'A',NULL),(908,'2015-02-06',NULL,142,NULL,'A',NULL),(909,'2015-02-06',NULL,140,NULL,'A',NULL),(910,'2015-02-06',NULL,139,NULL,'A',NULL),(911,'2015-02-06',NULL,141,NULL,'A',NULL),(912,'2015-02-06',NULL,142,NULL,'A',NULL),(913,'2015-02-06',NULL,139,NULL,'A',NULL),(914,'2015-02-06',NULL,140,NULL,'A',NULL),(915,'2015-02-06',NULL,141,NULL,'A',NULL),(916,'2015-02-06',NULL,139,NULL,'A',NULL),(917,'2015-02-06',NULL,142,NULL,'A',NULL),(918,'2015-02-06',NULL,140,NULL,'A',NULL),(919,'2015-02-06',NULL,141,NULL,'A',NULL),(920,'2015-02-06',NULL,139,NULL,'A',NULL),(921,'2015-02-06',NULL,142,NULL,'A',NULL),(922,'2015-02-06',NULL,140,NULL,'A',NULL),(923,'2015-02-06',NULL,141,NULL,'A',NULL),(924,'2015-02-06',NULL,139,NULL,'A',NULL),(925,'2015-02-06',NULL,142,NULL,'A',NULL),(926,'2015-02-06',NULL,141,NULL,'A',NULL),(927,'2015-02-06',NULL,140,NULL,'A',NULL),(928,'2015-02-06',NULL,139,NULL,'A',NULL),(929,'2015-02-06',NULL,142,NULL,'A',NULL),(930,'2015-02-06',NULL,141,NULL,'A',NULL),(931,'2015-02-06',NULL,140,NULL,'A',NULL),(932,'2015-02-06',NULL,139,NULL,'A',NULL),(933,'2015-02-06',NULL,142,NULL,'A',NULL),(934,'2015-02-06',NULL,141,NULL,'A',NULL),(935,'2015-02-06',NULL,139,NULL,'A',NULL),(936,'2015-02-06',NULL,140,NULL,'A',NULL),(937,'2015-02-06',NULL,142,NULL,'A',NULL),(938,'2015-02-06',NULL,141,NULL,'A',NULL),(939,'2015-02-06',NULL,139,NULL,'A',NULL),(940,'2015-02-06',NULL,140,NULL,'A',NULL),(941,'2015-02-06',NULL,142,NULL,'A',NULL),(942,'2015-02-06',NULL,141,NULL,'A',NULL),(943,'2015-02-06',NULL,139,NULL,'A',NULL),(944,'2015-02-06',NULL,142,NULL,'A',NULL),(945,'2015-02-06',NULL,140,NULL,'A',NULL),(946,'2015-02-06',NULL,141,NULL,'A',NULL),(947,'2015-02-06',NULL,139,NULL,'A',NULL),(948,'2015-02-06',NULL,142,NULL,'A',NULL),(949,'2015-02-06',NULL,140,NULL,'A',NULL),(950,'2015-02-06',NULL,141,NULL,'A',NULL),(951,'2015-02-06',NULL,139,NULL,'A',NULL),(952,'2015-02-06',NULL,140,NULL,'A',NULL),(953,'2015-02-06',NULL,142,NULL,'A',NULL),(954,'2015-02-06',NULL,139,NULL,'A',NULL),(955,'2015-02-06',NULL,142,NULL,'A',NULL),(956,'2015-02-06',NULL,145,NULL,'A',NULL),(957,'2015-02-06',NULL,143,NULL,'A',NULL),(958,'2015-02-06',NULL,139,NULL,'A',NULL),(959,'2015-02-06',NULL,142,NULL,'A',NULL),(960,'2015-02-06',NULL,145,NULL,'A',NULL),(961,'2015-02-06',NULL,143,NULL,'A',NULL),(962,'2015-02-06',NULL,139,NULL,'A',NULL),(963,'2015-02-06',NULL,145,NULL,'A',NULL),(964,'2015-02-06',NULL,144,NULL,'A',NULL),(965,'2015-02-06',NULL,143,NULL,'A',NULL),(966,'2015-02-06',NULL,139,NULL,'A',NULL),(967,'2015-02-06',NULL,145,NULL,'A',NULL),(968,'2015-02-06',NULL,144,NULL,'A',NULL),(969,'2015-02-06',NULL,143,NULL,'A',NULL),(970,'2015-02-06',NULL,146,NULL,'A',NULL),(971,'2015-02-06',NULL,145,NULL,'A',NULL),(972,'2015-02-06',NULL,144,NULL,'A',NULL),(973,'2015-02-06',NULL,143,NULL,'A',NULL),(974,'2015-02-06',NULL,146,NULL,'A',NULL),(975,'2015-02-06',NULL,145,NULL,'A',NULL),(976,'2015-02-06',NULL,144,NULL,'A',NULL),(977,'2015-02-06',NULL,143,NULL,'A',NULL),(978,'2015-02-06',NULL,146,NULL,'A',NULL),(979,'2015-02-06',NULL,145,NULL,'A',NULL),(980,'2015-02-06',NULL,144,NULL,'A',NULL),(981,'2015-02-06',NULL,143,NULL,'A',NULL),(982,'2015-02-06',NULL,146,NULL,'A',NULL),(983,'2015-02-06',NULL,145,NULL,'A',NULL),(984,'2015-02-06',NULL,144,NULL,'A',NULL),(985,'2015-02-06',NULL,143,NULL,'A',NULL),(986,'2015-02-06',NULL,145,NULL,'A',NULL),(987,'2015-02-06',NULL,146,NULL,'A',NULL),(988,'2015-02-06',NULL,144,NULL,'A',NULL),(989,'2015-02-06',NULL,143,NULL,'A',NULL),(990,'2015-02-06',NULL,145,NULL,'A',NULL),(991,'2015-02-06',NULL,146,NULL,'A',NULL),(992,'2015-02-06',NULL,144,NULL,'A',NULL),(993,'2015-02-06',NULL,143,NULL,'A',NULL),(994,'2015-02-06',NULL,145,NULL,'A',NULL),(995,'2015-02-06',NULL,144,NULL,'A',NULL),(996,'2015-02-06',NULL,146,NULL,'A',NULL),(997,'2015-02-06',NULL,143,NULL,'A',NULL),(998,'2015-02-06',NULL,145,NULL,'A',NULL),(999,'2015-02-06',NULL,144,NULL,'A',NULL),(1000,'2015-02-06',NULL,146,NULL,'A',NULL),(1001,'2015-02-06',NULL,143,NULL,'A',NULL),(1002,'2015-02-06',NULL,145,NULL,'A',NULL),(1003,'2015-02-06',NULL,144,NULL,'A',NULL),(1004,'2015-02-06',NULL,146,NULL,'A',NULL),(1005,'2015-02-06',NULL,143,NULL,'A',NULL),(1006,'2015-02-06',NULL,145,NULL,'A',NULL),(1007,'2015-02-06',NULL,144,NULL,'A',NULL),(1008,'2015-02-06',NULL,146,NULL,'A',NULL),(1009,'2015-02-06',NULL,143,NULL,'A',NULL),(1010,'2015-02-06',NULL,145,NULL,'A',NULL),(1011,'2015-02-06',NULL,144,NULL,'A',NULL),(1012,'2015-02-06',NULL,146,NULL,'A',NULL),(1013,'2015-02-06',NULL,143,NULL,'A',NULL),(1014,'2015-02-06',NULL,145,NULL,'A',NULL),(1015,'2015-02-06',NULL,144,NULL,'A',NULL),(1016,'2015-02-06',NULL,146,NULL,'A',NULL),(1017,'2015-02-06',NULL,143,NULL,'A',NULL),(1018,'2015-02-06',NULL,145,NULL,'A',NULL),(1019,'2015-02-06',NULL,146,NULL,'A',NULL),(1020,'2015-02-06',NULL,143,NULL,'A',NULL),(1021,'2015-02-06',NULL,144,NULL,'A',NULL),(1022,'2015-02-06',NULL,145,NULL,'A',NULL),(1023,'2015-02-06',NULL,146,NULL,'A',NULL),(1024,'2015-02-06',NULL,143,NULL,'A',NULL),(1025,'2015-02-06',NULL,144,NULL,'A',NULL),(1026,'2015-02-06',NULL,145,NULL,'A',NULL),(1027,'2015-02-06',NULL,143,NULL,'A',NULL),(1028,'2015-02-06',NULL,146,NULL,'A',NULL),(1029,'2015-02-06',NULL,144,NULL,'A',NULL),(1030,'2015-02-06',NULL,145,NULL,'A',NULL),(1031,'2015-02-06',NULL,143,NULL,'A',NULL),(1032,'2015-02-06',NULL,146,NULL,'A',NULL),(1033,'2015-02-06',NULL,145,NULL,'A',NULL),(1034,'2015-02-06',NULL,143,NULL,'A',NULL),(1035,'2015-02-06',NULL,144,NULL,'A',NULL),(1036,'2015-02-06',NULL,146,NULL,'A',NULL),(1037,'2015-02-06',NULL,145,NULL,'A',NULL),(1038,'2015-02-06',NULL,143,NULL,'A',NULL),(1039,'2015-02-06',NULL,146,NULL,'A',NULL),(1040,'2015-02-06',NULL,144,NULL,'A',NULL),(1041,'2015-02-06',NULL,145,NULL,'A',NULL),(1042,'2015-02-06',NULL,143,NULL,'A',NULL),(1043,'2015-02-06',NULL,146,NULL,'A',NULL),(1044,'2015-02-06',NULL,144,NULL,'A',NULL),(1045,'2015-02-06',NULL,145,NULL,'A',NULL),(1046,'2015-02-06',NULL,143,NULL,'A',NULL),(1047,'2015-02-06',NULL,146,NULL,'A',NULL),(1048,'2015-02-06',NULL,144,NULL,'A',NULL),(1049,'2015-02-06',NULL,145,NULL,'A',NULL),(1050,'2015-02-06',NULL,143,NULL,'A',NULL),(1051,'2015-02-06',NULL,146,NULL,'A',NULL),(1052,'2015-02-06',NULL,144,NULL,'A',NULL),(1053,'2015-02-06',NULL,145,NULL,'A',NULL),(1054,'2015-02-06',NULL,143,NULL,'A',NULL),(1055,'2015-02-06',NULL,144,NULL,'A',NULL),(1056,'2015-02-06',NULL,146,NULL,'A',NULL),(1057,'2015-02-06',NULL,145,NULL,'A',NULL),(1058,'2015-02-06',NULL,143,NULL,'A',NULL),(1059,'2015-02-06',NULL,144,NULL,'A',NULL),(1060,'2015-02-06',NULL,146,NULL,'A',NULL),(1061,'2015-02-06',NULL,145,NULL,'A',NULL),(1062,'2015-02-06',NULL,143,NULL,'A',NULL),(1063,'2015-02-06',NULL,144,NULL,'A',NULL),(1064,'2015-02-06',NULL,146,NULL,'A',NULL),(1065,'2015-02-06',NULL,145,NULL,'A',NULL),(1066,'2015-02-06',NULL,143,NULL,'A',NULL),(1067,'2015-02-06',NULL,144,NULL,'A',NULL),(1068,'2015-02-06',NULL,146,NULL,'A',NULL),(1069,'2015-02-06',NULL,145,NULL,'A',NULL),(1070,'2015-02-06',NULL,143,NULL,'A',NULL),(1071,'2015-02-06',NULL,144,NULL,'A',NULL),(1072,'2015-02-06',NULL,146,NULL,'A',NULL),(1073,'2015-02-06',NULL,145,NULL,'A',NULL),(1074,'2015-02-06',NULL,143,NULL,'A',NULL),(1075,'2015-02-06',NULL,144,NULL,'A',NULL),(1076,'2015-02-06',NULL,146,NULL,'A',NULL),(1077,'2015-02-06',NULL,145,NULL,'A',NULL),(1078,'2015-02-06',NULL,143,NULL,'A',NULL),(1079,'2015-02-06',NULL,144,NULL,'A',NULL),(1080,'2015-02-06',NULL,146,NULL,'A',NULL),(1081,'2015-02-06',NULL,143,NULL,'A',NULL),(1082,'2015-02-06',NULL,145,NULL,'A',NULL),(1083,'2015-02-06',NULL,146,NULL,'A',NULL),(1084,'2015-02-06',NULL,144,NULL,'A',NULL),(1085,'2015-02-06',NULL,145,NULL,'A',NULL),(1086,'2015-02-06',NULL,143,NULL,'A',NULL),(1087,'2015-02-06',NULL,146,NULL,'A',NULL),(1088,'2015-02-06',NULL,144,NULL,'A',NULL),(1089,'2015-02-06',NULL,146,NULL,'A',NULL),(1090,'2015-02-06',NULL,145,NULL,'A',NULL),(1091,'2015-02-06',NULL,143,NULL,'A',NULL),(1092,'2015-02-06',NULL,144,NULL,'A',NULL),(1093,'2015-02-06',NULL,146,NULL,'A',NULL),(1094,'2015-02-06',NULL,143,NULL,'A',NULL),(1095,'2015-02-06',NULL,144,NULL,'A',NULL),(1096,'2015-02-06',NULL,145,NULL,'A',NULL),(1097,'2015-02-06',NULL,146,NULL,'A',NULL),(1098,'2015-02-06',NULL,143,NULL,'A',NULL),(1099,'2015-02-06',NULL,144,NULL,'A',NULL),(1100,'2015-02-06',NULL,145,NULL,'A',NULL),(1101,'2015-02-06',NULL,146,NULL,'A',NULL),(1102,'2015-02-06',NULL,143,NULL,'A',NULL),(1103,'2015-02-06',NULL,144,NULL,'A',NULL),(1104,'2015-02-06',NULL,146,NULL,'A',NULL),(1105,'2015-02-06',NULL,143,NULL,'A',NULL),(1106,'2015-02-06',NULL,145,NULL,'A',NULL),(1107,'2015-02-06',NULL,144,NULL,'A',NULL),(1108,'2015-02-06',NULL,146,NULL,'A',NULL),(1109,'2015-02-06',NULL,143,NULL,'A',NULL),(1110,'2015-02-06',NULL,144,NULL,'A',NULL),(1111,'2015-02-06',NULL,145,NULL,'A',NULL),(1112,'2015-02-06',NULL,146,NULL,'A',NULL),(1113,'2015-02-06',NULL,158,NULL,'A',NULL),(1114,'2015-02-06',NULL,144,NULL,'A',NULL),(1115,'2015-02-06',NULL,145,NULL,'A',NULL),(1116,'2015-02-06',NULL,146,NULL,'A',NULL),(1117,'2015-02-06',NULL,158,NULL,'A',NULL),(1118,'2015-02-06',NULL,144,NULL,'A',NULL),(1119,'2015-02-06',NULL,146,NULL,'A',NULL),(1120,'2015-02-06',NULL,158,NULL,'A',NULL),(1121,'2015-02-06',NULL,144,NULL,'A',NULL),(1122,'2015-02-06',NULL,147,NULL,'A',NULL),(1123,'2015-02-06',NULL,146,NULL,'A',NULL),(1124,'2015-02-06',NULL,158,NULL,'A',NULL),(1125,'2015-02-06',NULL,147,NULL,'A',NULL),(1126,'2015-02-06',NULL,158,NULL,'A',NULL),(1127,'2015-02-06',NULL,147,NULL,'A',NULL),(1128,'2015-02-06',NULL,158,NULL,'A',NULL),(1129,'2015-02-06',NULL,147,NULL,'A',NULL),(1130,'2015-02-06',NULL,158,NULL,'A',NULL),(1131,'2015-02-06',NULL,147,NULL,'A',NULL),(1132,'2015-02-06',NULL,158,NULL,'A',NULL),(1133,'2015-02-06',NULL,147,NULL,'A',NULL),(1134,'2015-02-06',NULL,158,NULL,'A',NULL),(1135,'2015-02-06',NULL,147,NULL,'A',NULL),(1136,'2015-02-06',NULL,158,NULL,'A',NULL),(1137,'2015-02-06',NULL,147,NULL,'A',NULL),(1138,'2015-02-06',NULL,158,NULL,'A',NULL),(1139,'2015-02-06',NULL,147,NULL,'A',NULL),(1140,'2015-02-06',NULL,158,NULL,'A',NULL),(1141,'2015-02-06',NULL,147,NULL,'A',NULL),(1142,'2015-02-06',NULL,158,NULL,'A',NULL),(1143,'2015-02-06',NULL,147,NULL,'A',NULL),(1144,'2015-02-06',NULL,158,NULL,'A',NULL),(1145,'2015-02-06',NULL,147,NULL,'A',NULL),(1146,'2015-02-06',NULL,158,NULL,'A',NULL),(1147,'2015-02-06',NULL,147,NULL,'A',NULL),(1148,'2015-02-06',NULL,158,NULL,'A',NULL),(1149,'2015-02-06',NULL,147,NULL,'A',NULL),(1150,'2015-02-06',NULL,158,NULL,'A',NULL),(1151,'2015-02-06',NULL,147,NULL,'A',NULL),(1152,'2015-02-06',NULL,158,NULL,'A',NULL),(1153,'2015-02-06',NULL,147,NULL,'A',NULL),(1154,'2015-02-06',NULL,158,NULL,'A',NULL),(1155,'2015-02-06',NULL,147,NULL,'A',NULL),(1156,'2015-02-06',NULL,158,NULL,'A',NULL),(1157,'2015-02-06',NULL,147,NULL,'A',NULL),(1158,'2015-02-06',NULL,158,NULL,'A',NULL),(1159,'2015-02-06',NULL,147,NULL,'A',NULL),(1160,'2015-02-06',NULL,158,NULL,'A',NULL),(1161,'2015-02-06',NULL,147,NULL,'A',NULL),(1162,'2015-02-06',NULL,158,NULL,'A',NULL),(1163,'2015-02-06',NULL,147,NULL,'A',NULL),(1164,'2015-02-06',NULL,158,NULL,'A',NULL),(1165,'2015-02-06',NULL,147,NULL,'A',NULL),(1166,'2015-02-06',NULL,158,NULL,'A',NULL),(1167,'2015-02-06',NULL,147,NULL,'A',NULL),(1168,'2015-02-06',NULL,158,NULL,'A',NULL),(1169,'2015-02-06',NULL,147,NULL,'A',NULL),(1170,'2015-02-06',NULL,158,NULL,'A',NULL),(1171,'2015-02-06',NULL,147,NULL,'A',NULL),(1172,'2015-02-06',NULL,158,NULL,'A',NULL),(1173,'2015-02-06',NULL,158,NULL,'A',NULL),(1174,'2015-02-06',NULL,147,NULL,'A',NULL),(1175,'2015-02-06',NULL,158,NULL,'A',NULL),(1176,'2015-02-06',NULL,147,NULL,'A',NULL),(1177,'2015-02-06',NULL,158,NULL,'A',NULL),(1178,'2015-02-06',NULL,147,NULL,'A',NULL),(1179,'2015-02-06',NULL,158,NULL,'A',NULL),(1180,'2015-02-06',NULL,147,NULL,'A',NULL),(1181,'2015-02-06',NULL,158,NULL,'A',NULL),(1182,'2015-02-06',NULL,147,NULL,'A',NULL),(1183,'2015-02-06',NULL,158,NULL,'A',NULL),(1184,'2015-02-06',NULL,147,NULL,'A',NULL),(1185,'2015-02-06',NULL,147,NULL,'A',NULL),(1186,'2015-02-06',NULL,158,NULL,'A',NULL),(1187,'2015-02-06',NULL,158,NULL,'A',NULL),(1188,'2015-02-06',NULL,147,NULL,'A',NULL),(1189,'2015-02-06',NULL,158,NULL,'A',NULL),(1190,'2015-02-06',NULL,147,NULL,'A',NULL),(1191,'2015-02-06',NULL,158,NULL,'A',NULL),(1192,'2015-02-06',NULL,147,NULL,'A',NULL),(1193,'2015-02-06',NULL,158,NULL,'A',NULL),(1194,'2015-02-06',NULL,147,NULL,'A',NULL),(1195,'2015-02-06',NULL,158,NULL,'A',NULL),(1196,'2015-02-06',NULL,147,NULL,'A',NULL),(1197,'2015-02-06',NULL,147,NULL,'A',NULL),(1198,'2015-02-06',NULL,147,NULL,'A',NULL);
/*!40000 ALTER TABLE `PLAYERTOTEAM` ENABLE KEYS */;
UNLOCK TABLES;

--
-- Table structure for table `POSITION`
--

DROP TABLE IF EXISTS `POSITION`;
/*!40101 SET @saved_cs_client     = @@character_set_client */;
/*!40101 SET character_set_client = utf8 */;
CREATE TABLE `POSITION` (
  `positionId` int(11) NOT NULL,
  `positionName` varchar(20) NOT NULL,
  `positionType` varchar(10) NOT NULL,
  `positionCode` varchar(10) NOT NULL,
  PRIMARY KEY (`positionId`)
) ENGINE=InnoDB DEFAULT CHARSET=latin1;
/*!40101 SET character_set_client = @saved_cs_client */;

--
-- Dumping data for table `POSITION`
--

LOCK TABLES `POSITION` WRITE;
/*!40000 ALTER TABLE `POSITION` DISABLE KEYS */;
INSERT INTO `POSITION` VALUES (1,'STARTINGPITCHER','MLB','P'),(2,'CATCHER','MLB','C'),(3,'FIRSTBASE','MLB','1B'),(4,'SECONDBASE','MLB','2B'),(5,'THIRDBASE','MLB','3B'),(6,'SHORTSTOP','MLB','SS'),(7,'LEFTFIELD','MLB','LF'),(8,'CENTERFIELD','MLB','CF'),(9,'RIGHTFIELD','MLB','RF'),(10,'DESIGNATEDHITTER','MLB','DH'),(11,'RELIEFPITCHER','MLB','RP'),(101,'PITCHER','FANTASY','P'),(102,'CATCHER','FANTASY','C'),(103,'FIRSTBASE','FANTASY','1B'),(104,'SECONDBASE','FANTASY','2B'),(105,'THIRDBASE','FANTASY','3B'),(106,'SHORTSTOP','FANTASY','SS'),(107,'OUTFIELD','FANTASY','OF'),(108,'MIDDLEINFIELD','FANTASY','MI'),(109,'CORNERINFIELD','FANTASY','CI'),(110,'UTILITY','FANTASY','U');
/*!40000 ALTER TABLE `POSITION` ENABLE KEYS */;
UNLOCK TABLES;

--
-- Table structure for table `TEAM`
--

DROP TABLE IF EXISTS `TEAM`;
/*!40101 SET @saved_cs_client     = @@character_set_client */;
/*!40101 SET character_set_client = utf8 */;
CREATE TABLE `TEAM` (
  `teamId` int(11) NOT NULL,
  `teamName` varchar(50) NOT NULL,
  `teamType` varchar(10) NOT NULL,
  `teamCode` varchar(10) NOT NULL,
  PRIMARY KEY (`teamId`)
) ENGINE=InnoDB DEFAULT CHARSET=latin1;
/*!40101 SET character_set_client = @saved_cs_client */;

--
-- Dumping data for table `TEAM`
--

LOCK TABLES `TEAM` WRITE;
/*!40000 ALTER TABLE `TEAM` DISABLE KEYS */;
INSERT INTO `TEAM` VALUES (0,'Free Agent','FANTASY','FA'),(1,'Mark Loretta\'s Scars','FANTASY','MLS'),(2,'BSnaxx CrackerJaxx','FANTASY','SNXX'),(3,'Bull Doziers','FANTASY','DOZE'),(4,'Crown Heights Riots','FANTASY','SIDO'),(5,'Brooklyn No Sox','FANTASY','MAD'),(6,'McGlade PlugIns','FANTASY','BMAC'),(7,'Ron Paul Revolution','FANTASY','GRAN'),(8,'Las Vegas Isotopes','FANTASY','LAZ'),(9,'The Baghdad Daddy Bags','FANTASY','DBAG'),(10,'Big Wheelie Style','FANTASY','HIV+'),(11,'Que? Manbearpuig','FANTASY','TACO'),(12,'Kershawshank Redemption','FANTASY','SHAW'),(108,'Los Angeles Angels','MLB','LAA'),(109,'Arizona Diamondbacks','MLB','ARI'),(110,'Baltimore Orioles','MLB','BAL'),(111,'Boston Red Sox','MLB','BOS'),(112,'Chicago Cubs','MLB','CHC'),(113,'Cincinnati Reds','MLB','CIN'),(114,'Cleveland Indians','MLB','CLE'),(115,'Colorado Rockies','MLB','COL'),(116,'Detroit Tigers','MLB','DET'),(117,'Houston Astros','MLB','HOU'),(118,'Kansas City Royals','MLB','KC'),(119,'Los Angeles Dodgers','MLB','LAD'),(120,'Washington Nationals','MLB','WSH'),(121,'New York Mets','MLB','NYM'),(133,'Oakland Athletics','MLB','OAK'),(134,'Pittsburgh Pirates','MLB','PIT'),(135,'San Diego Padres','MLB','SD'),(136,'Seattle Mariners','MLB','SEA'),(137,'San Francisco Giants','MLB','SF'),(138,'St. Louis Cardinals','MLB','STL'),(139,'Tampa Bay Rays','MLB','TB'),(140,'Texas Rangers','MLB','TEX'),(141,'Toronto Blue Jays','MLB','TOR'),(142,'Minnesota Twins','MLB','MIN'),(143,'Philadelphia Phillies','MLB','PHI'),(144,'Atlanta Braves','MLB','ATL'),(145,'Chicago White Sox','MLB','CWS'),(146,'Miami Marlins','MLB','MIA'),(147,'New York Yankees','MLB','NYY'),(158,'Milwaukee Brewers','MLB','MIL');
/*!40000 ALTER TABLE `TEAM` ENABLE KEYS */;
UNLOCK TABLES;

--
-- Table structure for table `TRADE`
--

DROP TABLE IF EXISTS `TRADE`;
/*!40101 SET @saved_cs_client     = @@character_set_client */;
/*!40101 SET character_set_client = utf8 */;
CREATE TABLE `TRADE` (
  `tradeId` int(11) NOT NULL DEFAULT '0',
  `proposingTeamId` int(11) NOT NULL,
  `proposedToTeamId` int(11) NOT NULL,
  `createdDate` timestamp NOT NULL DEFAULT CURRENT_TIMESTAMP,
  `deadline` timestamp NULL DEFAULT NULL,
  `tradeStatus` varchar(20) NOT NULL,
  PRIMARY KEY (`tradeId`),
  KEY `proposingTeamId` (`proposingTeamId`),
  CONSTRAINT `trade_ibfk_1` FOREIGN KEY (`proposingTeamId`) REFERENCES `TEAM` (`teamId`),
  CONSTRAINT `trade_ibfk_2` FOREIGN KEY (`proposingTeamId`) REFERENCES `TEAM` (`teamId`)
) ENGINE=InnoDB DEFAULT CHARSET=latin1;
/*!40101 SET character_set_client = @saved_cs_client */;

--
-- Dumping data for table `TRADE`
--

LOCK TABLES `TRADE` WRITE;
/*!40000 ALTER TABLE `TRADE` DISABLE KEYS */;
/*!40000 ALTER TABLE `TRADE` ENABLE KEYS */;
UNLOCK TABLES;

--
-- Table structure for table `TRADEASSET`
--

DROP TABLE IF EXISTS `TRADEASSET`;
/*!40101 SET @saved_cs_client     = @@character_set_client */;
/*!40101 SET character_set_client = utf8 */;
CREATE TABLE `TRADEASSET` (
  `tradeId` int(11) NOT NULL DEFAULT '0',
  `teamId` int(11) NOT NULL,
  `assetId` bigint(20) NOT NULL DEFAULT '0',
  `assetType` varchar(30) NOT NULL DEFAULT '',
  PRIMARY KEY (`tradeId`,`assetId`,`assetType`),
  KEY `teamId` (`teamId`),
  CONSTRAINT `tradeasset_ibfk_1` FOREIGN KEY (`teamId`) REFERENCES `TEAM` (`teamId`)
) ENGINE=InnoDB DEFAULT CHARSET=latin1;
/*!40101 SET character_set_client = @saved_cs_client */;

--
-- Dumping data for table `TRADEASSET`
--

LOCK TABLES `TRADEASSET` WRITE;
/*!40000 ALTER TABLE `TRADEASSET` DISABLE KEYS */;
/*!40000 ALTER TABLE `TRADEASSET` ENABLE KEYS */;
UNLOCK TABLES;

--
-- Table structure for table `VULTURE`
--

DROP TABLE IF EXISTS `VULTURE`;
/*!40101 SET @saved_cs_client     = @@character_set_client */;
/*!40101 SET character_set_client = utf8 */;
CREATE TABLE `VULTURE` (
  `vultureId` int(11) NOT NULL AUTO_INCREMENT,
  `vulturingTeamId` int(11) NOT NULL,
  `offendingTeamId` int(11) NOT NULL,
  `playerId` bigint(20) NOT NULL,
  `createdDate` timestamp NOT NULL DEFAULT CURRENT_TIMESTAMP,
  `deadline` timestamp NOT NULL DEFAULT '0000-00-00 00:00:00',
  `vultureStatus` varchar(10) NOT NULL,
  PRIMARY KEY (`vultureId`),
  KEY `vulturingTeamId` (`vulturingTeamId`),
  KEY `offendingTeamId` (`offendingTeamId`),
  KEY `playerId` (`playerId`),
  CONSTRAINT `vulture_ibfk_1` FOREIGN KEY (`vulturingTeamId`) REFERENCES `TEAM` (`teamId`),
  CONSTRAINT `vulture_ibfk_2` FOREIGN KEY (`offendingTeamId`) REFERENCES `TEAM` (`teamId`),
  CONSTRAINT `vulture_ibfk_3` FOREIGN KEY (`playerId`) REFERENCES `PLAYER` (`playerId`)
) ENGINE=InnoDB DEFAULT CHARSET=latin1;
/*!40101 SET character_set_client = @saved_cs_client */;

--
-- Dumping data for table `VULTURE`
--

LOCK TABLES `VULTURE` WRITE;
/*!40000 ALTER TABLE `VULTURE` DISABLE KEYS */;
/*!40000 ALTER TABLE `VULTURE` ENABLE KEYS */;
UNLOCK TABLES;
/*!40103 SET TIME_ZONE=@OLD_TIME_ZONE */;

/*!40101 SET SQL_MODE=@OLD_SQL_MODE */;
/*!40014 SET FOREIGN_KEY_CHECKS=@OLD_FOREIGN_KEY_CHECKS */;
/*!40014 SET UNIQUE_CHECKS=@OLD_UNIQUE_CHECKS */;
/*!40101 SET CHARACTER_SET_CLIENT=@OLD_CHARACTER_SET_CLIENT */;
/*!40101 SET CHARACTER_SET_RESULTS=@OLD_CHARACTER_SET_RESULTS */;
/*!40101 SET COLLATION_CONNECTION=@OLD_COLLATION_CONNECTION */;
/*!40111 SET SQL_NOTES=@OLD_SQL_NOTES */;

-- Dump completed on 2015-02-06  1:39:39
